query_id,query_text,pred_x,pred_y,pred_w,pred_h
MI3_240819_TY1_0011_1_V02-8_1,Ⅲ. 거시경제 전망 소비심리 및 구성항목 기여도 혼합형에 대해 알려주세요,0,0,0,0
MI3_240819_TY1_0011_2_V02-4_1,금융기관의 대출태도 변화에 대한 꺾은선형 차트에 대해 알려주세요,0,0,0,0
MI3_240819_TY1_0011_3_V02-4_2,반도체 장비 수입액과 가격의 변화를 나타내는 꺾은선형 차트에 대해 알려주세요,0,0,0,0
MI3_240819_TY1_0011_4_V02-2_1,T01 T02 T03 가로 막대형에 대해 알려주세요,0,0,0,0
MI3_240819_TY1_0011_5_V02-8_2,지식재산생산물투자 공공 SW투자 예산에 대해 알려주세요,0,0,0,0
MI3_240819_TY1_0011_6_V02-1_1,T01 T02 T03 차트(세로 막대형)에 대해 알려주세요,0,0,0,0
MI3_240819_TY1_0011_7_V02-8_1,호텔 등록현황 및 객실이용률에 대해 알려주세요,0,0,0,0
MI3_240819_TY1_0011_8_V02-4_1,상품수출에 대한 세계교역신장률 꺾은선형 차트에 대해 알려주세요,0,0,0,0
MI3_240819_TY1_0011_9_V02-8_2,T01 T02 T03 혼합형에 대해 알려주세요,0,0,0,0
MI3_240819_TY1_0013_1_V02-4_2,미국 10년 만기 국채수익률 및 달러화지수에 대해 알려주세요,0,0,0,0
MI3_240819_TY1_0013_2_V02-8_2,T01 T02 T03 혼합형에 대해 알려주세요,0,0,0,0
MI3_240819_TY1_0013_3_V02-8_2,T01 T02 T03 혼합형에 대해 알려주세요,0,0,0,0
MI3_240819_TY1_0013_4_V02-8_1,최근 고용 총 취업자수 혼합형 차트에 대해 알려주세요,0,0,0,0
MI3_240819_TY1_0013_5_V02-8_2,아파트 전월세 거래량(전월대비) 그래프에 대해 알려주세요,0,0,0,0
MI3_240819_TY1_0013_6_V02-8_1,근원인플레이션 차트(혼합형)에 대해 알려주세요,0,0,0,0
MI3_240819_TY1_0013_7_V01_1,Ⅱ. 국내외 경제여건 전망 본문 표에 대해 알려주세요,0,0,0,0
MI3_240819_TY1_0013_8_V02-1_1,전망시점에 대한 차트(세로 막대형)에 대해 알려주세요,0,0,0,0
MI3_240819_TY1_0013_9_V02-4_2,유로지역 경제성장률 전망 차트(꺾은선형)에 대해 알려주세요,0,0,0,0
MI3_240819_TY1_0031_1_V02-4_1,최근의 경제동향에서 소비자심리지수 꺾은선형에 대해 알려주세요,0,0,0,0
MI3_240819_TY1_0031_2_V02-8_1,설비투자 관련 지표와 기계류 투자지수 및 기계류와 정밀기기 수입액 혼합형에 대해 알려주세요,0,0,0,0
MI3_240819_TY1_0031_3_V01_2,산업 활동 제조업 생산 및 평균가동률 차트(세로 막대형)에 대해 알려주세요,0,0,0,0
MI3_240819_TY1_0031_4_V01_1,서비스업 생산에 대해 알려주세요,0,0,0,0
MI3_240819_TY1_0031_5_V01_1,<표 7> 고용 관련 지표 차트(세로 막대형)에 대해 알려주세요,0,0,0,0
MI3_240819_TY1_0031_6_V01_1,월평균 명목임금 표에 대해 알려주세요,0,0,0,0
MI3_240819_TY1_0031_7_V02-4_1,소비자물가 상승률 추이에 대해 알려주세요,0,0,0,0
MI3_240819_TY1_0031_8_V02-8_2,<그림 8> 아파트 매매가격 및 거래량 차트(혼합형)에 대해 알려주세요,0,0,0,0
MI3_240819_TY1_0031_9_V02-4_1,최근 경제 동향과 관련하여 총수출 및 일평균 수출에 대한 꺾은선형 차트에 대해 알려주세요,0,0,0,0
MI3_240819_TY1_0035_1_V01_1,현용 화폐에 대한 권종과 특징을 설명하는 표에 대해 알려주세요.,0,0,0,0
MI3_240819_TY1_0035_2_V01_1,현용 화폐 및 그 밖의 현용은행권에 대해 알려주세요,0,0,0,0
MI3_240819_TY1_0035_3_V01_1,발행정보에 대해 알려주세요,0,0,0,0
MI3_240819_TY1_0035_4_V01_2,현용 화폐 그 밖의 현용주화 차트(가로 막대형)에 대해 알려주세요,0,0,0,0
MI3_240819_TY1_0035_5_V01_1,현용 화폐 기념화폐 발행 현황에 대해 알려주세요,0,0,0,0
MI3_240819_TY1_0035_9_V02-4_2,주요 발권정책 추진사업 연도별 5만원권 누적 발행 및 환수 추이에 대해 알려주세요.,0,0,0,0
MI3_240819_TY1_0044_1_V02-4_1,최근의 경제동향에 대한 꺾은선형 차트에 대해 알려주세요.,0,0,0,0
MI3_240819_TY1_0044_2_V01_1,최근 경제동향과 설비투자 관련 지표 차트에 대해 알려주세요.,0,0,0,0
MI3_240819_TY1_0044_3_V01_2,산업 활동 <표 4> 전산업 생산에 대해 알려주세요,0,0,0,0
MI3_240819_TY1_0044_4_V01_1,서비스업 생산 표에 대해 알려주세요,0,0,0,0
MI3_240819_TY1_0044_5_V01_2,산업별 취업자수 증감 표에 대해 알려주세요,0,0,0,0
MI3_240819_TY1_0044_6_V02-4_1,경기종합지수 꺾은선형에 대해 알려주세요,0,0,0,0
MI3_240819_TY1_0044_7_V01_1,소비자물가 상승률에 대해 알려주세요,0,0,0,0
MI3_240819_TY1_0044_8_V02-8_1,아파트 매매가격 및 거래량에 대한 혼합형 차트에 대해 알려주세요.,0,0,0,0
MI3_240819_TY1_0044_9_V02-4_2,부동산가격 상승률에 대해 알려주세요,0,0,0,0
MI3_240819_TY1_0052_1_V02-4_1,최근의 경제동향 차트(꺾은선형)에 대해 알려주세요,0,0,0,0
MI3_240819_TY1_0052_2_V02-8_1,조사통계월보 제75권 제5호에 담긴 기계류 투자지수와 기계류 및 정밀기기 수입액 혼합형 차트에 대해 알려주세요,0,0,0,0
MI3_240819_TY1_0052_3_V01_2,산업 활동 제조업 생산 및 평균가동률 차트에 대해 알려주세요,0,0,0,0
MI3_240819_TY1_0052_4_V01_1,조사통계월보 제75권 제5호 (2021.5) 표에 대해 알려주세요.,0,0,0,0
MI3_240819_TY1_0052_5_V01_1,<표 7> 고용 관련 지표에 대해 알려주세요,0,0,0,0
MI3_240819_TY1_0052_6_V01_1,월평균 명목임금 표에 대해 알려주세요,0,0,0,0
MI3_240819_TY1_0052_7_V02-4_1,물가에 대한 소비자물가 상승률 꺾은선형 차트에 대해 알려주세요,0,0,0,0
MI3_240819_TY1_0052_8_V02-4_1,조사통계월보 제75권 제5호 (2021.5) 주택매수 심리지수 꺾은선형에 대해 알려주세요,0,0,0,0
MI3_240819_TY1_0052_9_V02-4_1,대외 거래에 대한 자료를 포함한 꺾은선형에 대해 알려주세요,0,0,0,0
MI3_240819_TY1_0061_1_V02-4_1,최근의 경제동향 차트(꺾은선형)에 대해 알려주세요,0,0,0,0
MI3_240819_TY1_0061_2_V01_2,조사통계월보 제76권 제1호의 건설기성액 차트에 대해 알려주세요,0,0,0,0
MI3_240819_TY1_0061_3_V01_2,산업 활동 <표 5> 제조업 생산 및 평균가동률에 대해 알려주세요.,0,0,0,0
MI3_240819_TY1_0061_4_V02-8_1,조사통계월보 제76권 제1호에 포함된 취업자수 변화에 대해 알려주세요,0,0,0,0
MI3_240819_TY1_0061_5_V02-1_1,산업별 취업자수 증감 차트(세로 막대형)에 대해 알려주세요,0,0,0,0
MI3_240819_TY1_0061_6_V02-4_1,조사통계월보 제76권 제1호에서 경기종합지수 꺾은선형 차트에 대해 알려주세요,0,0,0,0
MI3_240819_TY1_0061_7_V02-4_1,물가에 대한 꺾은선형 차트에 대해 알려주세요,0,0,0,0
MI3_240819_TY1_0061_8_V02-8_1,조사통계월보 제76권 제1호 (2022. 1) 매매거래량 혼합형에 대해 알려주세요,0,0,0,0
MI3_240819_TY1_0061_9_V02-4_1,대외 거래와 관련된 수출에 대한 꺾은선형 차트에 대해 알려주세요,0,0,0,0
MI3_240819_TY1_0093_1_V02-4_1,인천지역 주요 업종별 제조업 생산 증가율 및 차트(꺾은선형)에 대해 알려주세요,0,0,0,0
MI3_240819_TY1_0093_2_V02-8_1,건축착공면적 증가율 차트에 대해 알려주세요,0,0,0,0
MI3_240819_TY1_0093_3_V01_1,대외거래 인천지역 수출 관련 표에 대해 알려주세요,0,0,0,0
MI3_240819_TY1_0093_4_V01_1,표에 대해 알려주세요,0,0,0,0
MI3_240819_TY1_0093_5_V02-4_1,인천지역의 취업자수 차트(꺾은선형)에 대해 알려주세요,0,0,0,0
MI3_240819_TY1_0093_6_V02-8_1,부동산 가격 동향에 대한 혼합형 차트에 대해 알려주세요,0,0,0,0
MI3_240819_TY1_0093_7_V02-8_2,0.6 혼합형에 대해 알려주세요,0,0,0,0
MI3_240819_TY1_0093_8_V02-8_2,1.5 차트(혼합형)에 대해 알려주세요,0,0,0,0
MI3_240819_TY1_0142_1_V02-4_1,제조업 업황BSI 꺾은선형에 대해 알려주세요,0,0,0,0
MI3_240819_TY1_0142_2_V02-8_1,울산지역 수요 지표와 대형소매점 판매지수에 대해 알려주세요,0,0,0,0
MI3_240819_TY1_0142_3_V02-4_1,소비자물가 등락률 전년동월대비등락률 꺾은선형에 대해 알려주세요,0,0,0,0
MI3_240819_TY1_0142_4_V02-8_1,울산지역 수출에 대한 차트(혼합형)에 대해 알려주세요,0,0,0,0
MI3_240819_TY1_0142_5_V02-8_1,제목에 대한 정보와 소제목의 내용을 바탕으로 혼합형 차트에 대해 알려주세요,0,0,0,0
MI3_240819_TY1_0142_6_V02-3_1,제목에 해당하는 문서에서 금융기관별 여신잔액 비중 차트에 대해 알려주세요.,0,0,0,0
MI3_240819_TY1_0144_1_V02-8_2,제조업 생산지수 혼합형에 대해 알려주세요,0,0,0,0
MI3_240819_TY1_0144_2_V02-8_3,건축허가면적 혼합형에 대해 알려주세요,0,0,0,0
MI3_240819_TY1_0144_3_V02-8_1,울산지역 고용 및 물가 취업자증감 및 실업률 혼합형에 대해 알려주세요,0,0,0,0
MI3_240819_TY1_0144_4_V02-8_1,T01 T02 T03 혼합형에 대해 알려주세요,0,0,0,0
MI3_240819_TY1_0144_5_V02-3_1,금융기관별 수신잔액 비중 원형에 대해 알려주세요,0,0,0,0
MI3_240819_TY1_0144_6_V02-3_1,금융기관별 여신잔액 비중 원형에 대해 알려주세요,0,0,0,0
MI3_240819_TY1_0160_1_V02-1_1,제1장 대내외 여건 변화와 잠재리스크 점검 I 검토 배경 혼합형에 대해 알려주세요,0,0,0,0
MI3_240819_TY1_0160_2_V02-4_3,충남지역 소득 및 소비 비율 변화에 대해 알려주세요,0,0,0,0
MI3_240819_TY1_0160_3_V02-4_1,충남지역 평균소비성향 꺾은선형에 대해 알려주세요,0,0,0,0
MI3_240819_TY1_0160_4_V02-8_3,제1장 대내외 여건 변화와 잠재리스크 점검의 (조원) (%) 140 24 은행(좌측) 비은행(좌측) 차트(혼합형)에 대해 알려주세요,0,0,0,0
MI3_240819_TY1_0160_5_V02-1_2,대전충남지역의 가계 및 자영업자 부채 현황 및 차트(세로 막대형)에 대해 알려주세요,0,0,0,0
MI3_240819_TY1_0160_6_V02-4_1,제1장 대내외 여건 변화와 잠재리스크 점검 차트(꺾은선형)에 대해 알려주세요,0,0,0,0
MI3_240819_TY1_0160_7_V02-1_2,제1장 대내외 여건 변화와 잠재리스크 차트(세로 막대형)에 대해 알려주세요,0,0,0,0
MI3_240819_TY1_0160_8_V02-1_4,제1장 대내외 여건 변화와 잠재리스크 점검 2. 근로복지 [그림 20] 저임금 비중이 높은 산업 차트(세로 막대형)에 대해 알려주세요,0,0,0,0
MI3_240819_TY1_0162_1_V02-4_2,한국은행 경기본부 자자 전세 보증금부 월세 -----월세+사글세에 대해 알려주세요,0,0,0,0
MI3_240819_TY1_0162_2_V02-4_2,경기도 전월세시장 현황 및 세입자 주거안정 방안 꺾은선형 차트에 대해 알려주세요,0,0,0,0
MI3_240819_TY1_0162_3_V02-4_4,<표 9> 지역별 전세가격 비율에 대한 단위근 검정 결과에 대해 알려주세요,0,0,0,0
MI3_240819_TY1_0178_1_V02-8_2,제조업 업황BSI 혼합형에 대해 알려주세요,0,0,0,0
MI3_240819_TY1_0178_2_V02-8_1,(울산지역 소비 및 투자 지표) 대형소매점 판매지수 혼합형에 대해 알려주세요,0,0,0,0
MI3_240819_TY1_0178_3_V02-4_1,울산지역 고용 및 물가 소비자물가 등락률 꺾은선형에 대해 알려주세요,0,0,0,0
MI3_240819_TY1_0178_4_V02-8_2,울산지역 수출입에 대한 차트(혼합형)에 대해 알려주세요,0,0,0,0
MI3_240819_TY1_0178_5_V02-8_2,금융동향 총여신 잔액 및 증감률 혼합형에 대해 알려주세요,0,0,0,0
MI3_240819_TY1_0181_1_V02-8_2,시설기계류 수입액 혼합형에 대해 알려주세요,0,0,0,0
MI3_240819_TY1_0181_2_V02-4_1,소비자물가 등락률 소비자물가 등락률 꺾은선형에 대해 알려주세요,0,0,0,0
MI3_240819_TY1_0181_3_V02-8_2,울산지역 수입에 대한 차트(혼합형)에 대해 알려주세요,0,0,0,0
MI3_240819_TY1_0181_4_V02-8_1,총수신 잔액 및 증감률 혼합형에 대해 알려주세요,0,0,0,0
MI3_240819_TY1_0181_5_V02-1_1,2017.4 월 울산지역 가계대출 동향 세로 막대형 차트에 대해 알려주세요,0,0,0,0
MI3_240819_TY1_0192_1_V02-8_1,제목에 대한 제조업 생산지수 혼합형에 대해 알려주세요,0,0,0,0
MI3_240819_TY1_0192_2_V02-8_1,울산지역 소비 및 투자 지표 차트(혼합형)에 대해 알려주세요,0,0,0,0
MI3_240819_TY1_0192_3_V02-8_2,울산지역 수출입에 대한 차트(혼합형)에 대해 알려주세요,0,0,0,0
MI3_240819_TY1_0192_4_V02-4_2,주택매매가격 및 전세가격 등락률 전월대비 주택매매가격등락률 꺾은선형에 대해 알려주세요,0,0,0,0
MI3_240819_TY1_0192_5_V02-4_1,총수신 잔액 및 증감률 꺾은선형 차트에 대해 알려주세요,0,0,0,0
MI3_240819_TY1_0201_1_V02-8_3,건축착공면적 혼합형에 대해 알려주세요,0,0,0,0
MI3_240819_TY1_0201_2_V02-8_2,제목에 대해 알려주세요,0,0,0,0
MI3_240819_TY1_0201_3_V02-8_1,울산지역 고용 및 물가 취업자증감 및 실업률 혼합형에 대해 알려주세요,0,0,0,0
MI3_240819_TY1_0201_4_V02-4_1,총수신 잔액 및 증감률 차트(꺾은선형)에 대해 알려주세요,0,0,0,0
MI3_240819_TY1_0201_5_V02-1_1,울산지역 가계대출 동향에 대한 차트(세로 막대형)에 대해 알려주세요,0,0,0,0
MI3_240819_TY1_0204_1_V02-8_2,울산지역 소비 및 투자 지표와 시설기계류 수입액 혼합형에 대해 알려주세요,0,0,0,0
MI3_240819_TY1_0204_2_V02-8_2,제목에 대해 알려주세요,0,0,0,0
MI3_240819_TY1_0204_3_V02-4_1,울산지역 고용 및 물가 소비자물가 등락률 꺾은선형에 대해 알려주세요,0,0,0,0
MI3_240819_TY1_0204_4_V02-4_1,금융동향 총수신잔액 전년동월대비증감률 차트(꺾은선형)에 대해 알려주세요,0,0,0,0
MI3_240819_TY1_0204_5_V02-1_1,울산지역 가계대출 동향 차트(세로 막대형)에 대해 알려주세요,0,0,0,0
MI3_240819_TY1_0229_2_V02-8_1,부산지역 서비스혁신지수에 대해 알려주세요,0,0,0,0
MI3_240819_TY1_0253_2_V01_1,LED 시장규모에 대해 알려주세요,0,0,0,0
MI3_240819_TY1_0253_4_V01_1,세계 LED시장 용도별 동향 및 전망 표에 대해 알려주세요,0,0,0,0
MI3_240819_TY1_0260_1_V02-1_1,서비스업 발전을 통한 내외수 균형성장에 대해 알려주세요,0,0,0,0
MI3_240819_TY1_0260_2_V02-1_1,BOK 경제연구의 차트(세로 막대형)에 대해 알려주세요,0,0,0,0
MI3_240819_TY1_0260_3_V02-1_2,서비스업 발전을 통한 내외수 균형성장에 대해 알려주세요,0,0,0,0
MI3_240819_TY1_0260_4_V02-6_1,주 : 1) 서비스업 5개 부문에 대한 꺾은선형 차트에 대해 알려주세요,0,0,0,0
MI3_240819_TY1_0292_1_V02-4_2,제목 소제목 차트(꺾은선형)에 대해 알려주세요,0,0,0,0
MI3_240819_TY1_0292_2_V01_2,조사통계월보 제76권 제5호 (%) 금융위기와 팬데믹 기간중 근로상태 전이행렬에 대해 알려주세요,0,0,0,0
MI3_240819_TY1_0292_3_V02-1_1,조사통계월보 제76권 제5호 (2022.5) 본문에서 연령더미 계수 추정치 차트(세로 막대형)에 대해 알려주세요,0,0,0,0
MI3_240819_TY1_0292_4_V01_1,조사통계월보 제76권 제5호 (2022.5) 본문 차트에 대해 알려주세요,0,0,0,0
MI3_240819_TY1_0297_1_V02-1_2,총자산증가율 차트(세로 막대형)에 대해 알려주세요,0,0,0,0
MI3_240819_TY1_0297_2_V02-1_2,이자보상비율 차트(세로 막대형)에 대해 알려주세요,0,0,0,0
MI3_240819_TY1_0297_3_V02-1_1,부채비율 차트(세로 막대형)에 대해 알려주세요,0,0,0,0
MI3_240819_TY1_0337_2_V01_1,제주지역 고령화가 고용률에 미치는 영향 본문 차트(세로 막대형)에 대해 알려주세요,0,0,0,0
MI3_240819_TY1_0337_3_V02-8_1,최근 제주지역 관광객 수 및 서비스업 취업자수 증감의 혼합형 차트에 대해 알려주세요,0,0,0,0
MI3_240819_TY1_0337_4_V01_2,Granger 인과관계 검정 결과에 대해 알려주세요,0,0,0,0
MI3_240819_TY1_0349_1_V01_1,경제전망 및 재정긴축목표 차트(세로 막대형)에 대해 알려주세요,0,0,0,0
MI3_240819_TY1_0349_2_V02-8_1,Ⅱ. 그리스 경제의 최근 동향 및 주요 재정수지적자 비율 차트(혼합형)에 대해 알려주세요,0,0,0,0
MI3_240819_TY1_0349_3_V02-4_1,청년실업률 꺾은선형에 대해 알려주세요,0,0,0,0
MI3_240819_TY1_0349_4_V02-4_1,운송수지 및 관광객 증가율 꺾은선형에 대해 알려주세요,0,0,0,0
MI3_240819_TY1_0364_4_V02-2_1,자료 및 조사대상 품목 분류에 대해 알려주세요,0,0,0,0
MI3_240819_TY1_0377_4_V03_1,CCP 청산 모델에 대해 알려주세요,0,0,0,0
MI3_240819_TY1_0405_1_V01_1,"(천GT, %) 한국 일본 중국 기타 계 수주잔량에 대해 알려주세요",0,0,0,0
MI3_240819_TY1_0405_2_V01_1,선박 해체량 및 건조량 추이에 대해 알려주세요,0,0,0,0
MI3_240819_TY1_0466_1_V02-8_1,정부재정지출 혼합형에 대해 알려주세요,0,0,0,0
MI3_240819_TY1_0466_2_V01_1,BOK 경제연구 제2017-29호 모형 시뮬레이션을 위하여 국가별로 캘리브레이션된 모수 차트(세로 막대형)에 대해 알려주세요,0,0,0,0
MI3_240819_TY1_0466_3_V01_1,에 대한 표의 내용에 대해 알려주세요,0,0,0,0
MI3_240819_TY1_0471_1_V02-4_2,직업훈련이 청년취업률 제고에 미치는 영향에 대해 알려주세요,0,0,0,0
MI3_240819_TY1_0471_2_V01_1,직업훈련이 청년취업률 제고에 미치는 영향 전체 관측치 평균 표준편차에 대해 알려주세요,0,0,0,0
MI3_240819_TY1_0471_3_V01_1,BOK 경제연구 제2018-6호 평균(Mean) Non-Public Private College Online participation 관측치수(명)에 대해 알려주세요,0,0,0,0
MI3_240819_TY1_0475_1_V02-1_5,"<그림 1> 북한이탈주민, 기존주민 대조군, 전체주민(200만 표본) 차트(세로 막대형)에 대해 알려주세요",0,0,0,0
MI3_240819_TY1_0475_2_V02-1_1,소득구간별 비중 추이 차트(세로 막대형)에 대해 알려주세요,0,0,0,0
MI3_240819_TY1_0475_3_V02-4_3,북한이탈주민의 신용행태에 관한 연구와 관련된 차트(꺾은선형)에 대해 알려주세요,0,0,0,0
MI3_240819_TY1_0496_2_V02-8_1,1차 노동시장 종사자수와 2차 노동시장 비중의 혼합형 차트에 대해 알려주세요,0,0,0,0
MI3_240819_TY1_0496_3_V02-3_1,우리나라 고용구조의 특징과 과제 차트(원형)에 대해 알려주세요,0,0,0,0
MI3_240819_TY1_0568_1_V02-4_1,산업구조조정이 고용 및 성장에 미치는 영향 차트(꺾은선형)에 대해 알려주세요,0,0,0,0
MI3_240819_TY1_0568_2_V02-1_1,[그림 3-3] 차트(세로 막대형)에 대해 알려주세요,0,0,0,0
MI3_240819_TY1_0568_3_V02-1_2,서비스업 산업구조의 변화 차트(세로 막대형)에 대해 알려주세요,0,0,0,0
MI3_240819_TY1_0568_4_V02-4_1,제목에 따른 산업구조 변화 지수 꺾은선형에 대해 알려주세요,0,0,0,0
MI3_240819_TY1_0568_5_V01_1,산업구조조정이 고용 및 성장에 미치는 영향 표에 대해 알려주세요,0,0,0,0
MI3_240819_TY1_0568_6_V01_1,산업구조조정이 고용 및 성장에 미치는 영향 통계 결과 표에 대해 알려주세요,0,0,0,0
MI3_240819_TY1_0568_8_V02-4_5,2 1 2 3 4 5 6 7 8 9 10 11 차트(꺾은선형)에 대해 알려주세요,0,0,0,0
MI3_240819_TY1_0568_9_V01_1,BOK 경제연구 제2020-13호 표에 대해 알려주세요,0,0,0,0
MI3_240819_TY1_0574_1_V02-4_1,연구배경 및 2000~2017년 중 제조업의 생산성 및 수출 증가율 추이에 대해 알려주세요,0,0,0,0
MI3_240819_TY1_0574_2_V01_1,<표 1> 업종별 기초통계량 2000~2017년 표에 대해 알려주세요,0,0,0,0
MI3_240819_TY1_0574_3_V01_1,제조업의 수출과 생산성 간 관계 분석: 사업체 자료 이용에 대해 알려주세요,0,0,0,0
MI3_240819_TY1_0574_4_V01_1,BOK 경제연구 제2020-19호 본문 차트에 대해 알려주세요,0,0,0,0
MI3_240819_TY1_0574_5_V01_1,제조업의 수출과 생산성 간 관계 분석: 기본모형 수출과 생산성 간의 상관관계 분석에 대해 알려주세요,0,0,0,0
MI3_240819_TY1_0574_6_V01_1,제조업의 수출과 생산성 간 관계 분석: 사업체 자료 이용에 대해 알려주세요,0,0,0,0
MI3_240819_TY1_0574_7_V01_1,제조업의 수출과 생산성 간 관계 분석: 사업체 자료 이용에 대해 알려주세요,0,0,0,0
MI3_240819_TY1_0574_8_V02-6_1,<그림 2> 산출량 변화에 따른 요소별 투입의 차트(분산형)에 대해 알려주세요,0,0,0,0
MI3_240819_TY1_0574_9_V01_1,BOK 경제연구 제2020-19호 (표 9) 요소투입이 비탄력적인 업종의 수출 증가율에 대한 생산성 민감도 추정 차트(세로 막대형)에 대해 알려주세요,0,0,0,0
MI3_240819_TY1_0584_1_V02-8_1,BOK 경제연구 제2021-1호 차트(혼합형)에 대해 알려주세요,0,0,0,0
MI3_240819_TY1_0584_3_V01_1,결혼 전체 취업비자 유학생 정주비자 기타 이민자에 대한 차트에 대해 알려주세요,0,0,0,0
MI3_240819_TY1_0584_4_V01_1,본 연구는 성향점수매칭법을 이용하여 직업훈련이 외국인들의 노동시장에 미치는 효과를 추정한 표의 내용에 대해 알려주세요.,0,0,0,0
MI3_240819_TY1_0584_5_V02-4_1,제목에 대해 알려주세요,0,0,0,0
MI3_240819_TY1_0584_6_V01_1,매칭 전 매칭 후 참여자 미참여자 차이 시각요소 타입에 대해 알려주세요,0,0,0,0
MI3_240819_TY1_0584_7_V01_1,BOK 경제연구 제2021-1호의 직업훈련 성과 분석결과 표에 대해 알려주세요,0,0,0,0
MI3_240819_TY1_0584_8_V01_1,결혼 전체 취업비자 학생비자 정주비자 기타 이민자에 대한 임금 분석 결과와 관련된 표에 대해 알려주세요.,0,0,0,0
MI3_240819_TY1_0584_9_V01_1,BOK 경제연구 제2021-1호 결론 표에 대해 알려주세요,0,0,0,0
MI3_240819_TY1_0590_10_V02-4_1,재원조달 방법을 고려한 재정지출 효과 분석에 대해 알려주세요,0,0,0,0
MI3_240819_TY1_0590_2_V02-4_1,제목에 대한 내용을 바탕으로 재정지출의 효과를 보여주는 꺾은선형 차트에 대해 알려주세요,0,0,0,0
MI3_240819_TY1_0590_3_V02-4_1,재원조달 방법을 고려한 재정지출 효과 분석의 꺾은선형에 대해 알려주세요,0,0,0,0
MI3_240819_TY1_0590_4_V02-4_1,재원조달 방법을 고려한 재정지출 효과 분석 차트(꺾은선형)에 대해 알려주세요,0,0,0,0
MI3_240819_TY1_0590_5_V02-4_2,<표 17> 시점별 재정지출승수 산출 결과에 대해 알려주세요,0,0,0,0
MI3_240819_TY1_0590_6_V01_1,증세 시차 변경에 따른 재정지출 승수 표에 대해 알려주세요,0,0,0,0
MI3_240819_TY1_0590_7_V02-4_1,재정지출 효과 분석 차트(꺾은선형)에 대해 알려주세요,0,0,0,0
MI3_240819_TY1_0590_8_V02-4_2,G Response of w에 대해 알려주세요,0,0,0,0
MI3_240819_TY1_0590_9_V02-4_1,제목에 해당하는 내용과 소제목을 통해 정부 지출 반응의 꺾은선형 그래프에 대해 알려주세요,0,0,0,0
MI3_240819_TY1_0592_1_V02-4_2,BOK 경제연구 제2021-12호 I 연구배경 차트(꺾은선형)에 대해 알려주세요,0,0,0,0
MI3_240819_TY1_0592_4_V01_1,기여도 글로벌 금융위기 수출비중1) 전후 변화2) (A+B) 국제생산구조 변화에 대해 알려주세요,0,0,0,0
MI3_240819_TY1_0592_5_V02-1_2,우리 수출의 글로벌 소득탄력성 하락 요인 분석 차트(세로 막대형)에 대해 알려주세요,0,0,0,0
MI3_240819_TY1_0592_6_V02-1_1,우리 수출의 글로벌 소득탄력성 하락 요인 분석 차트(세로 막대형)에 대해 알려주세요,0,0,0,0
MI3_240819_TY1_0592_7_V02-1_1,글로벌 최종수요 내 국가별 비중 변화 차트(세로 막대형)에 대해 알려주세요,0,0,0,0
MI3_240819_TY1_0592_8_V02-1_2,이 보고서에서 최종수요 내 지출 비중에 대한 차트를 보여주는 시각요소에 대해 알려주세요,0,0,0,0
MI3_240819_TY1_0592_9_V02-1_2,우리 수출의 글로벌 소득탄력성 하락 요인 분석 차트(세로 막대형)에 대해 알려주세요,0,0,0,0
MI3_240819_TY1_0616_1_V02-4_2,주요 제조업종별 생산지수 증감률 꺾은선형에 대해 알려주세요,0,0,0,0
MI3_240819_TY1_0616_2_V02-4_2,비제조업 업황 BSI와 서비스업 생산지수 증감률에 대한 차트(영역형)에 대해 알려주세요,0,0,0,0
MI3_240819_TY1_0616_3_V02-4_2,백화점 및 대형마트 판매 증감률 차트(꺾은선형)에 대해 알려주세요,0,0,0,0
MI3_240819_TY1_0616_4_V01_1,에 대해 알려주세요,0,0,0,0
MI3_240819_TY1_0616_5_V01_1,대구경북 주택 현황과 관련된 표에 대해 알려주세요,0,0,0,0
MI3_240819_TY1_0616_6_V02-8_1,다. 수출 및 수입 차트(혼합형)에 대해 알려주세요,0,0,0,0
MI3_240819_TY1_0616_7_V01_1,고용 관련 지표 본문 차트(세로 막대형)에 대해 알려주세요,0,0,0,0
MI3_240819_TY1_0616_8_V01_1,물가 및 부동산가격 소비자물가 상승률 차트에 대해 알려주세요,0,0,0,0
MI3_240819_TY1_0616_9_V01_3,나. 부동산가격 관련된 자료의 차트(원형)에 대해 알려주세요,0,0,0,0
MI3_240819_TY1_0618_4_V01_2,지원대상업체 선정기준 표에 대해 알려주세요,0,0,0,0
MI3_240819_TY1_0662_2_V01_1,Balancing Test: The Relationship Between Assigned Entry Age and Characteristics of Parents and Children 표에 대해 알려주세요,0,0,0,0
MI3_240819_TY1_0662_3_V01_1,한국은행 경제연구원 제29권 제1호 (2023.3) 표에 대해 알려주세요,0,0,0,0
MI3_240819_TY1_0668_1_V02-4_1,제30권 제1호 탈탄소 기술 관련 차트(꺾은선형)에 대해 알려주세요,0,0,0,0
MI3_240819_TY1_0668_2_V01_2,탈탄소 기술 관련 품목별 적용 관세율 분석 차트에 대해 알려주세요,0,0,0,0
MI3_240819_TY1_0668_3_V02-4_1,Ⅲ. 이론적 배경 및 기존 연구 차트(꺾은선형)에 대해 알려주세요,0,0,0,0
MI3_240819_TY1_0678_2_V02-4_1,중앙은행 디지털화폐(CBDC) 발행이 통화정책 파급경로에 미치는 영향에 대해 알려주세요,0,0,0,0
MI3_240819_TY1_0678_3_V02-4_1,콜금리와 관련된 꺾은선형 차트에 대해 알려주세요,0,0,0,0
MI3_240819_TY1_0737_1_V02-4_1,우리나라의 산업 간 생산성 파급효과 분석과 관련된 총요소생산성 차트에 대해 알려주세요,0,0,0,0
MI3_240819_TY1_0737_2_V01_1,우리나라의 산업 간 생산성 파급효과 분석에 대해 알려주세요,0,0,0,0
MI3_240819_TY1_0737_3_V01_1,Annual Industrial Increasing Rate(%) Share(%) 차트(세로 막대형)에 대해 알려주세요,0,0,0,0
MI3_240819_TY1_0745_1_V02-4_1,경제연구원 제29권 제4호 차트(꺾은선형)에 대해 알려주세요,0,0,0,0
MI3_240819_TY1_0745_2_V02-4_1,일본의 수출과 엔화 환율 변동에 대한 그래프에 대해 알려주세요,0,0,0,0
MI3_240819_TY1_0745_3_V02-4_1,Trends in Japan's Export Indices 한국은행 경제연구원 제29권 제4호에 대해 알려주세요,0,0,0,0
MI3_240819_TY1_0750_1_V02-6_1,풀링 기법을 이용한 우리나라 국채 수익률곡선 예측에 대해 알려주세요,0,0,0,0
MI3_240819_TY1_0750_2_V01_1,Forecast horizon에 대해 알려주세요,0,0,0,0
MI3_240819_TY1_0750_3_V01_1,풀링 기법을 이용한 우리나라 국채 수익률곡선 예측 표에 대해 알려주세요,0,0,0,0
MI3_240819_TY1_0753_1_V02-4_2,에 대한 예금과 대출 금리에 관한 차트(꺾은선형)에 대해 알려주세요,0,0,0,0
MI3_240819_TY1_0753_2_V02-4_1,마이너스 금리와 은행 수익성 간의 관계 분석에 대해 알려주세요,0,0,0,0
MI3_240819_TY1_0753_3_V02-1_1,마이너스 금리와 은행 수익성 간의 관계 분석 차트(세로 막대형)에 대해 알려주세요,0,0,0,0
MI3_240819_TY1_0764_1_V02-4_1,한국의 지역 간 금융시장 통합 차트(꺾은선형)에 대해 알려주세요,0,0,0,0
MI3_240819_TY1_0764_2_V02-4_1,식민지기 은행 이자율의 지역 간 격차와 차트(꺾은선형)에 대해 알려주세요,0,0,0,0
MI3_240819_TY1_0764_3_V02-4_2,"한국의 지역 간 금융시장 통합, 1876-1942에 대해 알려주세요",0,0,0,0
MI3_240819_TY1_0792_1_V01_1,국제회계기준 및 일반기업회계기준을 적용한 기업경영분석 통계체계에 대한 연구와 관련된 지표명 보유 지표 수 구성 비율 차트에 대해 알려주세요,0,0,0,0
MI3_240819_TY1_0792_2_V01_1,Ⅲ. 새로운 회계환경에서의 신 기업경영분석 지표 개발 본문 주요 계정 감소(-) 불변 증가(+) 표에 대해 알려주세요,0,0,0,0
MI3_240819_TY1_0792_3_V01_1,국제회계기준 및 일반기업회계기준을 적용한 기업경영분석 통계체계에 대한 연구의 주요 계정 표본수 GAAP 평균 IFRS 평균 차이에 대해 알려주세요,0,0,0,0
MI3_240819_TY1_0794_2_V02-6_1,제23권 제1호 (2017.3) 경제연구원에서 제공하는 10 Employment 8 · · 6 4 2 차트(분산형)에 대해 알려주세요,0,0,0,0
MI3_240819_TY1_0794_3_V01_1,이 연구에서 다루고 있는 표에 대해 알려주세요,0,0,0,0
MI3_240819_TY1_0803_1_V02-1_2,Credit Loss Distribution 차트(세로 막대형)에 대해 알려주세요,0,0,0,0
MI3_240819_TY1_0806_1_V02-4_1,자료 및 특징 차트(꺾은선형)에 대해 알려주세요,0,0,0,0
MI3_240819_TY1_0815_1_V02-3_2,IV · 전북 수출기업 실태조사 결과 원형 차트에 대해 알려주세요,0,0,0,0
MI3_240819_TY1_0815_2_V02-1_1,2011-05 한국은행 전북본부와 관련된 군산항의 활용도 저조 요인에 대해 알려주세요,0,0,0,0
MI3_240819_TY1_0815_3_V02-3_2,환율변동 보험 차트(원형)에 대해 알려주세요,0,0,0,0
MI3_240819_TY1_0829_1_V02-4_1,중국 경제성장률 추이에 대해 알려주세요,0,0,0,0
MI3_240819_TY1_0829_2_V02-1_1,<그림 3> 충남지역의 대중 수출 추이에 대해 알려주세요,0,0,0,0
MI3_240819_TY1_0829_3_V02-4_1,뉴노멀 시대 중국의 신산업정책이 충남 경제에 미치는 영향 차트(꺾은선형)에 대해 알려주세요,0,0,0,0
MI3_240819_TY1_0836_1_V01_1,강원도 서비스산업의 성장동력화 방안 표에 대해 알려주세요,0,0,0,0
MI3_240819_TY1_0836_2_V01_1,서비스업 성장성지표: 종합 차트(세로 막대형)에 대해 알려주세요,0,0,0,0
MI3_240819_TY1_0836_3_V01_1,강원도 서비스산업의 성장동력화 방안 취업유발효과 생산유발효과 부가가치유발효과에 대해 알려주세요,0,0,0,0
MI3_240819_TY1_0839_2_V02-4_1,대외의존도(%) 추이에 대해 알려주세요,0,0,0,0
MI3_240819_TY1_0839_3_V02-2_1,3. 산업구조와 관련된 <그림 3> 산출액 구성비(%) 추이에 대해 알려주세요,0,0,0,0
MI3_240819_TY1_0845_1_V02-1_1,인천지역의 연구개발비에 대한 차트(세로 막대형)에 대해 알려주세요,0,0,0,0
MI3_240819_TY1_0845_2_V02-1_1,2018-9 한국은행 인천본부에 대해 알려주세요,0,0,0,0
MI3_240819_TY1_0845_3_V01_1,부문 주요 산업 표에 대해 알려주세요,0,0,0,0
MI3_240819_TY1_0845_4_V02-1_2,전국의 연구개발 사업비 현황 차트(가로 막대형)에 대해 알려주세요,0,0,0,0
MI3_240819_TY1_0900_1_V02-8_1,우리나라 통화정책에서 통화와 관련된 사항과 차트(혼합형)에 대해 알려주세요,0,0,0,0
MI3_240819_TY1_0900_2_V02-4_1,우리나라 통화정책에서 통화 신용량의 역할과 금통위 금리결정 의사 지수 및 정책금리 변동 추이에 대해 알려주세요,0,0,0,0
MI3_240819_TY1_0900_3_V02-8_1,금통위 금리결정의사 지수와 유동성/GDP 비율 비교 혼합형에 대해 알려주세요,0,0,0,0
MI3_240819_TY1_0937_2_V02-4_1,지급결제제도 운영관리 상황 전체 담보증권규모 대비 자금조정상환 비율 추이에 대해 알려주세요,0,0,0,0
MI3_240819_TY1_0943_2_V01_1,중간투입률 및 중간투입 구성 추이에 대해 알려주세요,0,0,0,0
MI3_240819_TY1_0943_3_V02-2_1,부가가치 항목별 구성비(%) 차트(가로 막대형)에 대해 알려주세요,0,0,0,0
MI3_240819_TY1_0945_2_V02-1_1,산업별 중간투입률 추이에 대해 알려주세요,0,0,0,0
MI3_240819_TY1_0945_3_V02-1_1,가. 소비 교육서비스 및 문화레저서비스 차트(세로 막대형)에 대해 알려주세요,0,0,0,0
MI3_240819_TY1_0949_3_V01_1,제1장 경제구조 2006년 산업연관표에 대해 알려주세요.,0,0,0,0
MI3_240819_TY1_0974_1_V01_2,강원지역 건설착공면적 및 발주액에 대해 알려주세요,0,0,0,0
MI3_240819_TY1_0974_2_V02-1_1,2009년중 도내 건설업의 수익성과 관련된 전반적인 경향에 대해 알려주세요.,0,0,0,0
MI3_240819_TY1_0974_3_V01_1,건축착공면적 및 건설발주액 표에 대해 알려주세요,0,0,0,0
MI3_240819_TY1_0974_4_V02-1_1,나. 수익성 전산업 건설업의 주요 지표에 대해 알려주세요,0,0,0,0
MI3_240819_TY1_0975_1_V01_1,건축 착공 면적과 건설 발주액에 대한 표에 대해 알려주세요,0,0,0,0
MI3_240819_TY1_0975_2_V02-1_1,2009년중 도내 건설업의 수익성과 관련된 차트(세로 막대형)에 대해 알려주세요,0,0,0,0
MI3_240819_TY1_0975_3_V02-4_1,2. 건설업 관급공사 수주액 추이에 대해 알려주세요,0,0,0,0
MI3_240819_TY1_0975_4_V02-1_2,이 문서의 수익성 관련 자료에서 차입금 평균이자율 추이에 대해 알려주세요,0,0,0,0
MI3_240819_TY1_0983_1_V01_1,6월 중 소매판매 증가 요인 본문 표에 대해 알려주세요,0,0,0,0
MI3_240819_TY1_0983_2_V01_1,T01 T02 T03 표에 대해 알려주세요,0,0,0,0
MI3_240819_TY1_0983_3_V02-8_1,전월대비 증감률에 대해 알려주세요,0,0,0,0
MI3_240819_TY1_0983_4_V02-4_1,6월중 제조업 평균가동률과 관련하여 과거와 현재의 평균을 비교한 내용을 포함한 그래프에 대해 알려주세요,0,0,0,0
MI3_240819_TY1_0984_1_V01_1,설비투자지수에 대해 알려주세요,0,0,0,0
MI3_240819_TY1_0984_2_V02-8_1,7월중 건설기성액 증감률에 대해 알려주세요,0,0,0,0
MI3_240819_TY1_0984_3_V02-8_1,제조업 생산지수와 관련된 시각적 자료에 대해 알려주세요,0,0,0,0
MI3_240819_TY1_0984_4_V01_1,제조업 평균가동률 차트(세로 막대형)에 대해 알려주세요,0,0,0,0
MI3_240819_TY1_1010_1_V01_1,2월중 소매판매 감소 요인 소매판매액지수 차트(세로 막대형)에 대해 알려주세요,0,0,0,0
MI3_240819_TY1_1010_2_V01_1,설비투자지수 차트(혼합형)에 대해 알려주세요,0,0,0,0
MI3_240819_TY1_1010_3_V02-8_1,제조업 생산지수의 전월대비 변화를 나타내는 혼합형 차트에 대해 알려주세요,0,0,0,0
MI3_240819_TY1_1010_4_V02-8_1,서비스업생산지수(혼합형 차트)에 대해 알려주세요,0,0,0,0
MI3_240819_TY1_1011_1_V01_1,소매판매액지수 표에 대해 알려주세요,0,0,0,0
MI3_240819_TY1_1011_2_V01_1,의 에 대한 건설기성액 데이터 표에 대해 알려주세요,0,0,0,0
MI3_240819_TY1_1011_3_V02-8_1,제조업생산지수에 대한 혼합형 차트에 대해 알려주세요,0,0,0,0
MI3_240819_TY1_1011_4_V02-8_1,전월대비 증감률 그래프에 대해 알려주세요,0,0,0,0
MI3_240819_TY1_1019_2_V03_1,증권차입 RP매각을 통한 유동성 흡수 과정에 대해 알려주세요,0,0,0,0
MI3_240819_TY1_1026_1_V02-8_1,주요경제도표 제조업 생산·출하· 재고 혼합형에 대해 알려주세요,0,0,0,0
MI3_240819_TY1_1026_2_V02-8_1,관광객 내도 추이 혼합형에 대해 알려주세요,0,0,0,0
MI3_240819_TY1_1026_3_V02-1_1,금융기관 수신증감액 추이 (전월대비) 차트(세로 막대형)에 대해 알려주세요,0,0,0,0
MI3_240819_TY1_1026_4_V02-3_1,금융기관 여신비중 차트(원형)에 대해 알려주세요,0,0,0,0
MI3_240819_TY1_1026_5_V02-4_1,어음부도율 추이 꺾은선형에 대해 알려주세요,0,0,0,0
MI3_240819_TY1_1035_2_V03_1,총액한도대출용 전자어음 관리 다이어그램에 대해 알려주세요,0,0,0,0
MI3_240819_TY1_1035_4_V01_1,제1절 금융시장인프라에 관한 원칙과 과제 결제은행 구분에 대해 알려주세요,0,0,0,0
MI3_240819_TY1_1035_5_V03_1,글로벌 LEI시스템 규제감시위원회 기본원칙에 대해 알려주세요,0,0,0,0
MI3_240819_TY1_1049_1_V02-8_1,주요경제도표 제조업 생산· 출하· 재고 비율에 대해 알려주세요,0,0,0,0
MI3_240819_TY1_1049_2_V02-8_1,관광객 내도 추이 혼합형에 대해 알려주세요,0,0,0,0
MI3_240819_TY1_1049_3_V02-1_1,금융기관 수신증감액 추이 (전월대비) 차트(세로 막대형)에 대해 알려주세요,0,0,0,0
MI3_240819_TY1_1049_4_V02-1_1,금융기관 여신증감액 추이에 대해 알려주세요,0,0,0,0
MI3_240819_TY1_1049_5_V02-8_1,제목에 대해 알려주세요. (혼합형) 차트에 대해 알려주세요.,0,0,0,0
MI3_240819_TY1_1052_1_V02-8_1,주요경제도표 건설관련 지표 추이 혼합형에 대해 알려주세요,0,0,0,0
MI3_240819_TY1_1052_2_V02-8_2,소비자물가 상승률 추이 혼합형에 대해 알려주세요,0,0,0,0
MI3_240819_TY1_1052_3_V02-1_1,금융기관 수신증감액 추이 차트(세로 막대형)에 대해 알려주세요,0,0,0,0
MI3_240819_TY1_1052_4_V02-1_1,금융기관 여신증감액 추이 차트(세로 막대형)에 대해 알려주세요,0,0,0,0
MI3_240819_TY1_1052_5_V02-4_1,어음부도율 추이 꺾은선형에 대해 알려주세요,0,0,0,0
MI3_240819_TY1_1054_1_V02-8_1,제조업 생산· 출하· 재고에 대해 알려주세요,0,0,0,0
MI3_240819_TY1_1054_2_V02-8_1,관광객 내도 추이 혼합형에 대해 알려주세요,0,0,0,0
MI3_240819_TY1_1054_3_V02-1_1,금융기관 수신증감액 추이에 대해 알려주세요,0,0,0,0
MI3_240819_TY1_1054_4_V02-3_1,금융기관 여신비중 차트(원형)에 대해 알려주세요,0,0,0,0
MI3_240819_TY1_1054_5_V02-8_1,예금은행 중소기업 대출 추이 혼합형에 대해 알려주세요,0,0,0,0
MI3_240819_TY1_1069_1_V02-8_2,제조업 재고지수 혼합형에 대해 알려주세요,0,0,0,0
MI3_240819_TY1_1069_2_V02-8_2,시설기계류 수입액과 관련된 혼합형 차트에 대해 알려주세요,0,0,0,0
MI3_240819_TY1_1069_3_V02-4_1,(소비자물가 등락률) 꺾은선형에 대해 알려주세요,0,0,0,0
MI3_240819_TY1_1069_4_V02-8_2,제목 수출입에 대해 알려주세요,0,0,0,0
MI3_240819_TY1_1094_1_V02-8_2,건설관련 지표 추이에 대해 알려주세요,0,0,0,0
MI3_240819_TY1_1094_2_V02-8_1,관광객 내도 추이 혼합형에 대해 알려주세요,0,0,0,0
MI3_240819_TY1_1094_3_V02-3_1,금융기관 수신비중 원형 차트에 대해 알려주세요,0,0,0,0
MI3_240819_TY1_1094_4_V02-1_1,금융기관 여신증감액 추이에 대해 알려주세요,0,0,0,0
MI3_240819_TY1_1094_5_V02-4_1,어음부도율 추이 꺾은선형에 대해 알려주세요,0,0,0,0
MI3_240819_TY1_1117_1_V01_1,충북지역 비제조업체의 안정성 관련 데이터에 대해 알려주세요.,0,0,0,0
MI3_240819_TY1_1117_2_V02-1_3,부채 차입금의존도 자기자본비율 차트(세로 막대형)에 대해 알려주세요,0,0,0,0
MI3_240819_TY1_1117_3_V02-1_1,안정성 차트(원형)에 대해 알려주세요,0,0,0,0
MI3_240819_TY1_1129_1_V01_1,제조업 관련 주요 지표에 대한 표에 대해 알려주세요,0,0,0,0
MI3_240819_TY1_1129_2_V01_1,"강원지역 비제조업에 관한 매출액증가율, 총자산증가율, 유형자산 증가율 및 수익성 관련 지표에 대해 알려주세요.",0,0,0,0
MI3_240819_TY1_1129_3_V01_1,제조업의 성장성 관련 주요 지표에 대해 알려주세요,0,0,0,0
MI3_240819_TY1_1129_4_V01_1,에 포함된차트에 대해 알려주세요,0,0,0,0
MI3_240819_TY1_1149_1_V02-8_1,제조업 생산지수 추이 혼합형에 대해 알려주세요,0,0,0,0
MI3_240819_TY1_1149_2_V02-8_1,제조업 출하지수 혼합형에 대해 알려주세요,0,0,0,0
MI3_240819_TY1_1149_3_V02-8_1,소비 추이 혼합형에 대해 알려주세요,0,0,0,0
MI3_240819_TY1_1149_4_V02-4_1,건축 착공 및 허가 (꺾은선형) 차트에 대해 알려주세요,0,0,0,0
MI3_240819_TY1_1149_5_V02-4_1,설비투자 추이에 대한 꺾은선형 차트에 대해 알려주세요,0,0,0,0
MI3_240819_TY1_1162_1_V01_3,제목에 대한 주요 안정성지표 표에 대해 알려주세요,0,0,0,0
MI3_240819_TY1_1162_2_V01_1,I 주요 경영분석지표 분석 매출액증가율 총자산증가율에 대해 알려주세요,0,0,0,0
MI3_240819_TY1_1162_3_V01_2,매출액 대비 수익구조 추이 표에 대해 알려주세요,0,0,0,0
MI3_240819_TY1_1162_4_V01_1,프 전국 경영분석지표와의 비교 표에 대해 알려주세요,0,0,0,0
MI3_240820_TY1_0008_1_V01_1,국민계정 주요지표 경제규모 및 국민소득 차트(세로 막대형)에 대해 알려주세요,0,0,0,0
MI3_240820_TY1_0008_2_V02-1_1,"국민소득통계 주요지표 (전기대비,%p)에 대해 알려주세요",0,0,0,0
MI3_240820_TY1_0008_3_V02-1_1,경제활동별 성장률 차트(세로 막대형)에 대해 알려주세요,0,0,0,0
MI3_240820_TY1_0012_1_V01_1,제목에 포함된 내용과 관련하여 시장참가자별 콜거래 규모 표에 대해 알려주세요.,0,0,0,0
MI3_240820_TY1_0012_2_V02-4_1,업권별 콜차입 금리 스프레드에 대해 알려주세요.,0,0,0,0
MI3_240820_TY1_0012_3_V02-4_1,은행(콜론+콜머니)와 비은행(콜론+콜머니)의 차트(꺾은선형)에 대해 알려주세요,0,0,0,0
MI3_240820_TY1_0023_1_V02-4_1,금융기관 기업대출 증감 추이에 대해 알려주세요,0,0,0,0
MI3_240820_TY1_0023_2_V02-8_1,금융기관 가계대출 증감 추이 혼합형에 대해 알려주세요,0,0,0,0
MI3_240820_TY1_0023_3_V02-3_1,금융기관별 여신 잔액 비중 차트(원형)에 대해 알려주세요,0,0,0,0
MI3_240820_TY1_0039_1_V02-8_1,제조업 생산지수 추이에 대해 알려주세요.,0,0,0,0
MI3_240820_TY1_0039_2_V02-8_2,승용차 신규등록대수에 대한 차트(혼합형)에 대해 알려주세요,0,0,0,0
MI3_240820_TY1_0039_3_V02-4_1,건축착공 및 허가 증가율에 대해 알려주세요,0,0,0,0
MI3_240820_TY1_0039_4_V02-3_2,금융기관별 수신 잔액 비중 원형 차트에 대해 알려주세요,0,0,0,0
MI3_240820_TY1_0049_1_V01_1,벤처기업 유형별 확인요건 및 확인기관 차트에 대해 알려주세요,0,0,0,0
MI3_240820_TY1_0049_6_V01_2,창업지원 유형별 예산 규모에 대해 알려주세요,0,0,0,0
MI3_240820_TY1_0074_1_V02-1_1,여신 용도별 증감 차트에 대해 알려주세요,0,0,0,0
MI3_240820_TY1_0074_2_V01_1,차트(세로 막대형)에 대해 알려주세요,0,0,0,0
MI3_240820_TY1_0074_3_V01_1,"금융기관 여신에 대한 기간중 증감, 억원 차트(세로 막대형)에 대해 알려주세요",0,0,0,0
MI3_240820_TY1_0074_4_V02-1_2,전월대비 차트(세로 막대형)에 대해 알려주세요,0,0,0,0
MI3_240820_TY1_0074_5_V01_1,금융기관 수신에 대한 차트에 대해 알려주세요,0,0,0,0
MI3_240820_TY1_0095_1_V02-1_1,예금은행 여신 증감(용도별) 차트(세로 막대형)에 대해 알려주세요,0,0,0,0
MI3_240820_TY1_0095_2_V02-1_1,가계대출 증감(부문별) 차트(세로 막대형)에 대해 알려주세요,0,0,0,0
MI3_240820_TY1_0095_3_V01_1,금융기관여신에 대해 알려주세요,0,0,0,0
MI3_240820_TY1_0095_4_V01_1,금융기관별 수신에 대한 표에 대해 알려주세요,0,0,0,0
MI3_240820_TY1_0095_5_V01_1,금융기관 수신에 대한 표에 대해 알려주세요,0,0,0,0
MI3_240820_TY1_0097_1_V01_1,제조업 생산 표에 대해 알려주세요,0,0,0,0
MI3_240820_TY1_0097_2_V02-8_2,제조업 출하 · 재고지수 추이11 혼합형에 대해 알려주세요,0,0,0,0
MI3_240820_TY1_0097_3_V02-8_2,승용차 신규등록대수 혼합형에 대해 알려주세요,0,0,0,0
MI3_240820_TY1_0097_4_V02-4_1,건축착공 및 허가 증가율 꺾은선형에 대해 알려주세요,0,0,0,0
MI3_240820_TY1_0097_5_V02-3_1,제목에 대한 금융기관별 여신 잔액 비중 차트(원형)에 대해 알려주세요,0,0,0,0
MI3_240820_TY1_0105_1_V02-8_1,제목에 대해 알려주세요. 제조업 생산지수에 대한 혼합형 차트 타입에 대해 알려주세요.,0,0,0,0
MI3_240820_TY1_0105_2_V02-4_1,소비자물가 등락률에 대한 꺾은선형 차트에 대해 알려주세요,0,0,0,0
MI3_240820_TY1_0105_3_V02-4_1,2. 금융동향 차트(꺾은선형)에 대해 알려주세요,0,0,0,0
MI3_240820_TY1_0105_6_V01_1,2.2 예금은행 대출금 본문 표에 대해 알려주세요,0,0,0,0
MI3_240820_TY1_0117_1_V01_1,고용 관련 데이터의 연간 취업자수 증감 추세에 대해 알려주세요,0,0,0,0
MI3_240820_TY1_0117_2_V02-8_1,Ⅱ. 금융경제동향 1. 화폐 발행 및 환수 한국은행 제주본부 화폐 발행 및 환수액에 대해 알려주세요,0,0,0,0
MI3_240820_TY1_0117_3_V02-8_1,예금 추세에 대해 알려주세요,0,0,0,0
MI3_240820_TY1_0117_4_V02-1_2,상호금융 및 기타 금융기관들의 최근 자산 운용 변화에 대해 알려주세요,0,0,0,0
MI3_240820_TY1_0117_5_V02-1_1,T04 차트(세로 막대형)에 대해 알려주세요,0,0,0,0
MI3_240820_TY1_0125_1_V01_1,고용 및 소비자물가에 대한 차트(세로 막대형)에 대해 알려주세요,0,0,0,0
MI3_240820_TY1_0125_2_V02-8_1,Ⅱ. 금융경제동향 화폐 발행 및 환수차트(혼합형)에 대해 알려주세요,0,0,0,0
MI3_240820_TY1_0125_3_V02-8_2,"제목 예금 및 대출금 소제목 (전월대비, 억원) 차트(혼합형)에 대해 알려주세요",0,0,0,0
MI3_240820_TY1_0125_4_V02-1_2,상호금융 및 기타 금융 기관에 대한 차트(세로 막대형)에 대해 알려주세요,0,0,0,0
MI3_240820_TY1_0125_5_V02-8_1,가계대출 증감률에 대해 알려주세요,0,0,0,0
MI3_240820_TY1_0129_1_V01_1,고용에 대한 차트(세로 막대형)에 대해 알려주세요,0,0,0,0
MI3_240820_TY1_0129_2_V02-8_1,Ⅱ. 금융경제동향 1. 화폐 발행 및 환수 한국은행 제주본부 화폐 발행 및 환수액에 대해 알려주세요,0,0,0,0
MI3_240820_TY1_0129_3_V02-8_1,예금 및 대출금 증감 추세에 대한 차트(혼합형)에 대해 알려주세요,0,0,0,0
MI3_240820_TY1_0129_4_V02-1_2,비은행금융기관 여신 증감에 대한 그래프와 그 설명에 대해 알려주세요.,0,0,0,0
MI3_240820_TY1_0129_5_V02-1_1,가계대출 전월대비 차트(세로 막대형)에 대해 알려주세요,0,0,0,0
MI3_240820_TY1_0164_1_V02-4_2,일본의 초과지준과 은행간 콜거래 잔액 추이에 대한 차트(꺾은선형)에 대해 알려주세요,0,0,0,0
MI3_240820_TY1_0164_2_V02-4_1,유로지역의 초과지준 추이 차트(꺾은선형)에 대해 알려주세요,0,0,0,0
MI3_240820_TY1_0164_3_V01_1,글로벌 2002.7.1.~2008.9.14 금융위기 이전 위기발생 직후 제로금리정책 표에 대해 알려주세요,0,0,0,0
MI3_240820_TY1_0181_1_V01_2,선박운용회사별 선박투자회사 현황에 대해 알려주세요.,0,0,0,0
MI3_240820_TY1_0181_2_V01_1,제목에서 설명하는 전국 조선해양산업 현황에 대한 표에 대해 알려주세요,0,0,0,0
MI3_240820_TY1_0181_3_V01_2,조선해양 기자재산업 현황 표에 대해 알려주세요,0,0,0,0
MI3_240820_TY1_0181_4_V01_1,제목에 대한 본문 내용을 바탕으로 차트에 대해 알려주세요,0,0,0,0
MI3_240820_TY1_0181_5_V02-4_1,경남지역 주요 조선업체의 선박수주 현황 꺾은선형에 대해 알려주세요,0,0,0,0
MI3_240820_TY1_0184_1_V02-8_1,민간주택착공호수에 대해 알려주세요,0,0,0,0
MI3_240820_TY1_0184_2_V02-1_1,운송기계와 일반기계의 전월대비 변화에 대해 알려주세요,0,0,0,0
MI3_240820_TY1_0184_3_V02-8_1,고용 및 임금에 대한 꺾은선형 차트에 대해 알려주세요,0,0,0,0
MI3_240820_TY1_0184_4_V02-4_1,소비자물가 상승률 추이 차트(꺾은선형)에 대해 알려주세요,0,0,0,0
MI3_240820_TY1_0184_5_V02-8_1,금융시장 동향에 대해 알려주세요,0,0,0,0
MI3_240820_TY1_0184_6_V02-4_1,전기비연율 실질GDP 성장률 전망 차트(꺾은선형)에 대해 알려주세요,0,0,0,0
MI3_240820_TY1_0184_7_V02-4_1,CPI 상승률 추이와 차트(꺾은선형)에 대해 알려주세요,0,0,0,0
MI3_240820_TY1_0184_8_V01_1,일본 2014.4/4분기 GDP 성장률 차트(혼합형)에 대해 알려주세요,0,0,0,0
MI3_240820_TY1_0235_1_V02-8_1,국내은행의 영업행태와 위험성 및 수익성 간의 관계에 대한 혼합형 차트에 대해 알려주세요,0,0,0,0
MI3_240820_TY1_0235_2_V02-8_1,BOK 경제리뷰 No. 2013-8 (그림 2) 혼합형에 대해 알려주세요,0,0,0,0
MI3_240820_TY1_0235_3_V02-8_1,국내은행의 영업행태와 위험성 및 수익성 간의 관계에서 혼합형 차트에 대해 알려주세요,0,0,0,0
MI3_240820_TY1_0235_4_V01_1,BOK 경제리뷰 No. 2013-8에 포함된 차트(세로 막대형)에 대해 알려주세요,0,0,0,0
MI3_240820_TY1_0235_5_V02-4_1,국내은행의 영업행태와 위험성 간의 관계 꺾은선형 차트에 대해 알려주세요,0,0,0,0
MI3_240820_TY1_0235_6_V02-4_1,BOK 경제리뷰 No. 2013-8 비이자 수익 비중 및 EDF 추이에 대해 알려주세요,0,0,0,0
MI3_240820_TY1_0235_7_V02-4_1,국내은행의 영업행태와 위험성 및 수익성 간의 관계 차트(꺾은선형)에 대해 알려주세요,0,0,0,0
MI3_240820_TY1_0235_8_V02-4_1,BOK 경제리뷰 No. 2013-8 비이자 수익비중 및 ROA 추이에 대해 알려주세요,0,0,0,0
MI3_240820_TY1_0248_1_V02-8_1,Figure 2: Components of capital flows 혼합형에 대해 알려주세요,0,0,0,0
MI3_240820_TY1_0249_1_V02-8_1,주요국 중앙은행의 DSGE 모형 개발현황 및 향후 개선과제와 관련된 혼합형 차트에 대해 알려주세요,0,0,0,0
MI3_240820_TY1_0249_2_V01_1,글로벌 금융위기 이전에 개발된 DSGE 모형 차트(혼합형)에 대해 알려주세요,0,0,0,0
MI3_240820_TY1_0249_3_V01_1,금융마찰 Ricardian 중앙은행 모형 UIP 조건 성립 여부 자료 도입 여부 대등정리 성립 여부에 대해 알려주세요,0,0,0,0
MI3_240820_TY1_0249_4_V01_1,한국은행의 DSGE 모형에 대해 알려주세요.,0,0,0,0
MI3_240820_TY1_0249_5_V01_1,주요국 중앙은행의 DSGE 모형 개발현황 및 향후 개선과제 V에 대해 알려주세요,0,0,0,0
MI3_240820_TY1_0249_6_V01_1,BOK 경제연구 제 2012-14 (2012.11) 중앙은행 모형 UIP 성립 여부 차트에 대해 알려주세요,0,0,0,0
MI3_240820_TY1_0255_1_V01_1,2015년 한국은행 국제컨퍼런스 프로그램 표에 대해 알려주세요,0,0,0,0
MI3_240820_TY1_0310_2_V02-8_1,연령별 고용의 변동성을 다룬 혼합형 차트에 대해 알려주세요,0,0,0,0
MI3_240820_TY1_0310_4_V02-4_1,이 보고서의 현금영수증 발급 건수 및 금액에 대해 알려주세요,0,0,0,0
MI3_240820_TY1_0439_2_V01_1,Ⅱ 주요국의 TR 설립 및 운영 현황 표에 대해 알려주세요,0,0,0,0
MI3_240820_TY1_0470_1_V02-4_2,미국의 실질주택가격에 대해 알려주세요,0,0,0,0
MI3_240820_TY1_0470_2_V02-6_1,환율변화와 산업생산에 대해 알려주세요,0,0,0,0
MI3_240820_TY1_0470_3_V01_1,이 문서에서는 주어진 데이터에서 회귀 결과를 나타내는 표와 관련된 내용을 설명해 주세요.,0,0,0,0
MI3_240820_TY1_0470_4_V02-4_2,세계 산업생산 세계주가지수 꺾은선형에 대해 알려주세요,0,0,0,0
MI3_240820_TY1_0470_5_V02-4_2,중앙은행 할인율(7개국 평균) 차트(꺾은선형)에 대해 알려주세요,0,0,0,0
MI3_240820_TY1_0470_6_V02-4_1,제목에 포함된 내용으로 19개국 통화량에 대한 꺾은선형 차트에 대해 알려주세요,0,0,0,0
MI3_240820_TY1_0491_1_V02-4_2,강릉 상업용건축물 허가·착공면적 차트(꺾은선형)에 대해 알려주세요,0,0,0,0
MI3_240820_TY1_0491_2_V02-4_2,강릉지역 상가 분기소득 및 자본수익률 (%) 차트(꺾은선형)에 대해 알려주세요,0,0,0,0
MI3_240820_TY1_0491_3_V02-8_1,강릉시 건축물 현황 거래량 혼합형에 대해 알려주세요,0,0,0,0
MI3_240820_TY1_0491_4_V02-4_1,(%) 차트(꺾은선형)에 대해 알려주세요,0,0,0,0
MI3_240820_TY1_0491_5_V01_1,강릉시 평균 지가 변동률에 대해 알려주세요,0,0,0,0
MI3_240820_TY1_0491_6_V02-4_1,강릉지역 상가 분기 투자수익률 추이에 대해 알려주세요,0,0,0,0
MI3_240820_TY1_0491_7_V02-4_2,Ⅲ 리스크 요인 차트(꺾은선형)에 대해 알려주세요,0,0,0,0
MI3_240820_TY1_0491_8_V02-4_1,강릉시 비주택 부동산대출 비중 추이와 관련된 꺾은선형 그래프에 대해 알려주세요,0,0,0,0
MI3_240820_TY1_0505_1_V02-8_2,강원지역 금융기관 수신 증감액 추이에 대해 알려주세요,0,0,0,0
MI3_240820_TY1_0505_2_V01_1,"나. 수신 (전월말대비 증감액, 억원, %)에 대해 알려주세요",0,0,0,0
MI3_240820_TY1_0505_3_V01_1,비은행기관 수신 동향에 대한 차트에 대해 알려주세요,0,0,0,0
MI3_240820_TY1_0505_4_V01_1,제목에 대한 설명과 관련된 데이터 및 통계 정보를 제공하는 총대출금(여신) 관련 표에 대해 알려주세요,0,0,0,0
MI3_240820_TY1_0505_5_V01_1,비은행기관 여신 동향에 대해 알려주세요,0,0,0,0
MI3_240820_TY1_0505_6_V02-8_1,금융기관 중소기업대출 증감액 추이에 대해 알려주세요,0,0,0,0
MI3_240820_TY1_0505_7_V02-4_1,가계대출 전년동월비 꺾은선형 차트에 대해 알려주세요,0,0,0,0
MI3_240820_TY1_0505_8_V02-8_1,자산운용사 수신 증감액 추이 본문과 자산운용사 수신 증감액 추이 차트(혼합형)에 대해 알려주세요,0,0,0,0
MI3_240820_TY1_0522_1_V02-8_2,잔액 증감 추이에 대해 알려주세요,0,0,0,0
MI3_240820_TY1_0522_2_V01_1,나. 수신 예금은행 수신 동향 차트(세로 막대형)에 대해 알려주세요,0,0,0,0
MI3_240820_TY1_0522_3_V01_1,"제목에 해당하는 정보와 소제목, 기간중 잔액 증감, 억원, %의 데이터에 대해 알려주세요.",0,0,0,0
MI3_240820_TY1_0522_4_V01_1,2021~2022년 예금은행 여신 동향 차트(세로 막대형)에 대해 알려주세요,0,0,0,0
MI3_240820_TY1_0522_5_V01_1,비은행예금취급기관 여신 동향과 관련된 표에 대해 알려주세요,0,0,0,0
MI3_240820_TY1_0522_6_V02-8_1,강원지역 금융기관별 중소기업대출 추이 차트(혼합형)에 대해 알려주세요,0,0,0,0
MI3_240820_TY1_0522_7_V02-4_1,강원지역 가계대출 증감률 추이 꺾은선형 차트에 대해 알려주세요,0,0,0,0
MI3_240820_TY1_0531_1_V01_1,"에 대한 스웨덴, 영국, 프랑스의 협동조합 실태 차트(세로 막대형)에 대해 알려주세요",0,0,0,0
MI3_240820_TY1_0531_2_V02-1_1,에 대한 차트(세로 막대형)와 관련된 내용을 알려주세요.,0,0,0,0
MI3_240820_TY1_0531_3_V01_1,사회적금융의 의미 비교 표에 대해 알려주세요,0,0,0,0
MI3_240820_TY1_0531_4_V01_1,사회적금융과 관련된 이슈 차트에 대해 알려주세요,0,0,0,0
MI3_240820_TY1_0531_5_V01_1,IV. 강원도의 사회적경제 금융지원 방안 1. 강원도의 사회적경제 현황 <표 4-1> 강원도 사회적경제 조직의 현황에 대해 알려주세요,0,0,0,0
MI3_240820_TY1_0533_1_V02-4_1,강원지역 청년층 인구의 유출과 정책과제 I. 문제 제기 꺾은선형에 대해 알려주세요,0,0,0,0
MI3_240820_TY1_0533_2_V02-4_1,<그림 2> 강원도 청년층(20~29세) 고용률 추이 꺾은선형에 대해 알려주세요,0,0,0,0
MI3_240820_TY1_0533_3_V02-1_1,강원지역 청년층 인구의 유출과 정책과제에 대한 차트(세로 막대형)에 대해 알려주세요.,0,0,0,0
MI3_240820_TY1_0533_4_V01_1,<표 1> 시도별 전입과 전출 및 순이동 차트(세로 막대형)에 대해 알려주세요,0,0,0,0
MI3_240820_TY1_0533_5_V01_1,2017-06 한국은행 강원본부 2. 지역별 인구이동의 특성 차트(표) 에 대해 알려주세요,0,0,0,0
MI3_240820_TY1_0533_6_V01_1,"2005년 전출지별 이동자 수(총 3,077,715명) 표에 대해 알려주세요",0,0,0,0
MI3_240820_TY1_0533_7_V01_1,강원지역 청년층 인구의 유출과 정책과제 본문 표준오차에 대해 알려주세요,0,0,0,0
MI3_240820_TY1_0533_8_V01_1,강원지역 청년층 인구의 유출과 정책과제와 관련된 추정계수 표준오차에 대해 알려주세요.,0,0,0,0
MI3_240820_TY1_0543_1_V02-8_2,강원지역 금융기관 잔액 증감 추이 혼합형 차트에 대해 알려주세요,0,0,0,0
MI3_240820_TY1_0543_2_V01_1,나. 수신 예금은행 수신 동향 차트에 대해 알려주세요,0,0,0,0
MI3_240820_TY1_0543_3_V01_1,비은행예금취급기관 수신 동향에 대한 차트에 대해 알려주세요,0,0,0,0
MI3_240820_TY1_0543_4_V01_1,제목에 대해 알려주세요 총대출금(여신) 차트에 대해 알려주세요,0,0,0,0
MI3_240820_TY1_0543_5_V01_1,비은행예금취급기관 여신 동향에 대해 알려주세요,0,0,0,0
MI3_240820_TY1_0543_6_V02-4_1,강원중소기업 대출 증감률(전년동월말대비) 꺾은선형 차트에 대해 알려주세요,0,0,0,0
MI3_240820_TY1_0543_7_V02-4_1,"강원지역 가계대출 증감률 추이 (전년동월말대비, %) 차트(꺾은선형)에 대해 알려주세요",0,0,0,0
MI3_240820_TY1_0558_1_V02-8_2,강원지역 금융기관 여신 잔액 증감 추이 차트(혼합형)에 대해 알려주세요,0,0,0,0
MI3_240820_TY1_0558_2_V01_1,에 대한 에 대해 알려주세요,0,0,0,0
MI3_240820_TY1_0558_3_V01_1,비은행예금취급기관 수신 동향에 대한 표에 대해 알려주세요,0,0,0,0
MI3_240820_TY1_0558_4_V01_1,예금은행 여신 동향 표에 대해 알려주세요,0,0,0,0
MI3_240820_TY1_0558_5_V01_1,"기간중 잔액 증감, 억원, % 차트(세로 막대형)에 대해 알려주세요",0,0,0,0
MI3_240820_TY1_0558_6_V02-8_1,금융기관 중소기업대출 증감액 추이 차트(혼합형)에 대해 알려주세요,0,0,0,0
MI3_240820_TY1_0558_7_V02-4_1,전국 및 강원지역 가계대출 증감률 추이 꺾은선형 차트에 대해 알려주세요,0,0,0,0
MI3_240820_TY1_0559_1_V02-8_2,강원지역 금융기관 수신 및 여신 증감 추이 혼합형 차트에 대해 알려주세요,0,0,0,0
MI3_240820_TY1_0559_2_V01_1,나. 수신 예금은행 수신 동향 표에 대해 알려주세요,0,0,0,0
MI3_240820_TY1_0559_3_V01_1,기간중 잔액 증감에 대해 알려주세요,0,0,0,0
MI3_240820_TY1_0559_4_V01_1,제목에 따른 여신 동향 표에 대해 알려주세요,0,0,0,0
MI3_240820_TY1_0559_5_V01_1,2019.3월중 비은행예금취급기관 여신 동향에 대해 알려주세요,0,0,0,0
MI3_240820_TY1_0559_6_V02-8_1,금융기관 중소기업대출 증감액 추이 차트(혼합형)에 대해 알려주세요,0,0,0,0
MI3_240820_TY1_0559_7_V02-4_1,금융기관 가계대출 동향 차트(꺾은선형)에 대해 알려주세요,0,0,0,0
MI3_240820_TY1_0588_1_V02-2_1,경기북부 섬유업체 기업연령 차트(가로 막대형)에 대해 알려주세요,0,0,0,0
MI3_240820_TY1_0588_2_V02-2_1,제목에 따르면 경기도 내 여러 시군에서의 제품 형태 분포를 보여주는 차트에 대해 알려주세요,0,0,0,0
MI3_240820_TY1_0588_3_V01_1,섬유업체 매출액에 대해 알려주세요,0,0,0,0
MI3_240820_TY1_0588_4_V02-2_1,섬유업체 인력채용 유인책 차트(가로 막대형)에 대해 알려주세요,0,0,0,0
MI3_240820_TY1_0588_5_V02-2_2,섬유제품 유통방식 차트(가로 막대형)에 대해 알려주세요,0,0,0,0
MI3_240820_TY1_0588_6_V02-1_1,섬유관련 산업 사업체수의 차트(세로 막대형)에 대해 알려주세요,0,0,0,0
MI3_240820_TY1_0588_7_V02-1_2,섬유 주요 품목별 수출 추이에 대해 알려주세요.,0,0,0,0
MI3_240820_TY1_0591_1_V01_1,사회성과연계채권의 흐름 본문 표에 대해 알려주세요,0,0,0,0
MI3_240820_TY1_0591_2_V01_1,전국 사회적경제 조직 현황 차트(세로 막대형)에 대해 알려주세요,0,0,0,0
MI3_240820_TY1_0591_3_V02-1_1,경기도 사회적경제조직의 추구가치 차트(세로 막대형)에 대해 알려주세요,0,0,0,0
MI3_240820_TY1_0591_4_V02-3_3,경기도 사회적기업 분야별 유형 차트(원형)에 대해 알려주세요,0,0,0,0
MI3_240820_TY1_0591_5_V02-2_2,사회적기업의 주요 자금조달방법과 관련된 차트(가로 막대형)에 대해 알려주세요,0,0,0,0
MI3_240820_TY1_0599_1_V01_1,I 실물동향 1 생산 제조업 업종별 생산 증감률에 대해 알려주세요,0,0,0,0
MI3_240820_TY1_0599_2_V02-4_1,제목에 대한 차트(꺾은선형) 데이터의 시각적 표현에 대해 알려주세요,0,0,0,0
MI3_240820_TY1_0599_3_V01_1,2 수요 소비 관련지표 차트(세로 막대형)에 대해 알려주세요,0,0,0,0
MI3_240820_TY1_0599_4_V01_1,설비투자에 대한 표에 대해 알려주세요,0,0,0,0
MI3_240820_TY1_0599_5_V02-8_1,건설수주액 및 건축허가·착공면적 증감률에 대한 혼합형 차트에 대해 알려주세요,0,0,0,0
MI3_240820_TY1_0599_6_V01_1,T01 T02 T03 V01에 대해 알려주세요,0,0,0,0
MI3_240820_TY1_0599_7_V02-8_1,2019년 8월중 경기지역 수출입 증감률 및 수출입차 혼합형에 대해 알려주세요,0,0,0,0
MI3_240820_TY1_0616_1_V02-1_1,II 경기지역 인구 추이에 대한 차트(세로 막대형)에 대해 알려주세요,0,0,0,0
MI3_240820_TY1_0616_2_V02-8_1,자연증가와 자연증가율 차트(혼합형)에 대해 알려주세요,0,0,0,0
MI3_240820_TY1_0616_3_V02-1_1,시·도별 생산가능인구 차트(세로 막대형)에 대해 알려주세요,0,0,0,0
MI3_240820_TY1_0616_4_V02-4_2,에 대한 차트(꺾은선형) (명)에 대해 알려주세요,0,0,0,0
MI3_240820_TY1_0616_5_V02-1_1,전국 4년제 대학교 졸업 이상 차트(세로 막대형)에 대해 알려주세요,0,0,0,0
MI3_240820_TY1_0640_1_V01_2,미분양주택 현황 표에 대해 알려주세요,0,0,0,0
MI3_240820_TY1_0640_2_V01_1,경남지역 수출입 증가율 세로 막대형에 대해 알려주세요,0,0,0,0
MI3_240820_TY1_0640_3_V02-4_1,비농림어업 취업자수 증감 꺾은선형 차트에 대해 알려주세요,0,0,0,0
MI3_240820_TY1_0645_1_V02-4_1,경남지역 대형소매점 판매 꺾은선형 차트에 대해 알려주세요,0,0,0,0
MI3_240820_TY1_0645_2_V02-8_1,전년동월대비 건설투자 비율의 혼합형에 대해 알려주세요,0,0,0,0
MI3_240820_TY1_0645_3_V02-8_1,경남지역 수출입 증가율 혼합형에 대해 알려주세요,0,0,0,0
MI3_240820_TY1_0662_1_V02-1_1,제조업 생산지수 차트(세로 막대형)에 대해 알려주세요,0,0,0,0
MI3_240820_TY1_0662_2_V02-8_1,경남지역 소비 관련 주요지표 차트(혼합형)에 대해 알려주세요,0,0,0,0
MI3_240820_TY1_0662_3_V02-4_1,경남·전국 제조업 설비투자실행BSI 꺾은선형 차트에 대해 알려주세요,0,0,0,0
MI3_240820_TY1_0662_4_V01_1,건축착공면적 차트에 대해 알려주세요,0,0,0,0
MI3_240820_TY1_0663_1_V02-1_1,경남지역 승용차 신규 등록 대수 차트(세로 막대형)에 대해 알려주세요,0,0,0,0
MI3_240820_TY1_0663_2_V02-4_1,경남·전국 기계류 수입액 꺾은선형 차트에 대해 알려주세요,0,0,0,0
MI3_240820_TY1_0663_3_V01_2,미분양주택 현황에 대한 표에 대해 알려주세요,0,0,0,0
MI3_240820_TY1_0663_4_V01_1,경남지역 수출입 증가율 세로 막대형에 대해 알려주세요,0,0,0,0
MI3_240820_TY1_0666_1_V02-1_1,경남지역 승용차 신규등록대수에 대해 알려주세요,0,0,0,0
MI3_240820_TY1_0666_2_V02-4_2,경남·전국 제조업 설비투자실행BSI 꺾은선형에 대해 알려주세요,0,0,0,0
MI3_240820_TY1_0666_3_V02-8_2,경남지역 건설투자 관련 지표 혼합형에 대해 알려주세요,0,0,0,0
MI3_240820_TY1_0666_4_V01_1,대외거래 표에 대해 알려주세요,0,0,0,0
MI3_240820_TY1_0670_1_V02-8_2,경남지역 승용차 신규등록대수 혼합형에 대해 알려주세요,0,0,0,0
MI3_240820_TY1_0670_2_V02-4_1,나. 설비투자 경남·전국 기계류 수입액 차트(꺾은선형)에 대해 알려주세요,0,0,0,0
MI3_240820_TY1_0670_3_V02-4_1,건축허가면적 및 건축착공면적 차트(영역형)에 대해 알려주세요,0,0,0,0
MI3_240820_TY1_0670_4_V01_1,경남지역 수출입 증가율 세로 막대형에 대해 알려주세요,0,0,0,0
MI3_240820_TY1_0675_1_V02-8_2,경남지역 승용차 신규등록대수에 대한 혼합형 차트에 대해 알려주세요,0,0,0,0
MI3_240820_TY1_0675_2_V01_1,나. 설비투자 관련 막대형 차트에 대해 알려주세요,0,0,0,0
MI3_240820_TY1_0675_3_V01_2,2020년부터 2023년까지의 미분양주택 현황에 대해 알려주세요,0,0,0,0
MI3_240820_TY1_0675_4_V02-8_1,대외거래 경남지역 수출입 증가율 혼합형에 대해 알려주세요,0,0,0,0
MI3_240820_TY1_0683_1_V02-8_1,2023년 10월중 대형소매점 판매액지수와 소비 추세에 대해 알려주세요,0,0,0,0
MI3_240820_TY1_0683_2_V02-4_2,나. 설비투자에 대한 경남·전국 제조업 설비투자실행 BSI 꺾은선형에 대해 알려주세요.,0,0,0,0
MI3_240820_TY1_0683_3_V02-4_2,[그림 2.6] 경남지역 미분양주택 통계에 대해 알려주세요,0,0,0,0
MI3_240820_TY1_0683_4_V02-8_2,대외거래에 대한 경남지역 수입과 관련된 혼합형 차트에 대해 알려주세요.,0,0,0,0
MI3_240820_TY1_0696_1_V02-4_1,2012년 3월말 현재 경북동해안지역 금융기관의 수신 추세와 관련된 꺾은선형 차트에 대해 알려주세요,0,0,0,0
MI3_240820_TY1_0696_2_V02-4_1,예금은행의 요구불예금 회전율과 어음부도율에 대해 알려주세요,0,0,0,0
MI3_240820_TY1_0696_3_V02-4_2,Ⅱ. 실물동향 경북동해안지역 수출 및 수입 꺾은선형에 대해 알려주세요,0,0,0,0
MI3_240820_TY1_0696_4_V02-4_1,경북동해안지역 어음부도율 차트(꺾은선형)에 대해 알려주세요,0,0,0,0
MI3_240820_TY1_0700_1_V02-4_1,포스코 관련 자료 차트(꺾은선형)에 대해 알려주세요,0,0,0,0
MI3_240820_TY1_0700_2_V02-4_1,O 소비자물가는 1%대 초반의 낮은 물가 상승세가 이어졌으며에 대해 알려주세요,0,0,0,0
MI3_240820_TY1_0700_3_V02-4_2,울릉군 관광객수 월별 증감률 추이에 대해 알려주세요,0,0,0,0
MI3_240820_TY1_0700_4_V01_1,예대율 표에 대해 알려주세요,0,0,0,0
MI3_240820_TY1_0711_1_V02-4_1,"포항 철강산단 철강생산액 증감률 (전년동월대비, %)에 대해 알려주세요",0,0,0,0
MI3_240820_TY1_0711_2_V02-4_1,"에 관련된 (전년동월대비, %) 차트(꺾은선형)에 대해 알려주세요",0,0,0,0
MI3_240820_TY1_0711_3_V02-1_2,포항크루즈 월별 탑승객수 차트에 대해 알려주세요,0,0,0,0
MI3_240820_TY1_0711_4_V02-1_1,11월중 경북동해안지역의 수산물 생산량과 관련된 차트(세로 막대형)에 대해 알려주세요,0,0,0,0
MI3_240820_TY1_0720_1_V02-4_2,이 문서에서 월별 증감률 추이에 대한 차트(꺾은선형)에 대해 알려주세요,0,0,0,0
MI3_240820_TY1_0720_2_V02-1_1,포항운하관 방문객수에 대한 그래프 정보를 포함해 설명해 주세요,0,0,0,0
MI3_240820_TY1_0720_3_V02-4_1,경북동해안 단위당 수산물생산액 증감률 차트(꺾은선형)에 대해 알려주세요,0,0,0,0
MI3_240820_TY1_0720_4_V02-1_1,이 문서에서 경북동해안지역 수출과 철강산단 수출에 대한 정보가 담긴 차트(세로 막대형)에 대해 알려주세요,0,0,0,0
MI3_240820_TY1_0725_1_V02-4_1,연도별 월별 울릉군 관광객수 추이 차트(꺾은선형)에 대해 알려주세요,0,0,0,0
MI3_240820_TY1_0725_2_V01_1,경주 보문관광단지 숙박객수 통계와 관련된 표에 대해 알려주세요,0,0,0,0
MI3_240820_TY1_0725_3_V02-1_1,경북동해안지역 수산물 생산량 차트(세로 막대형)에 대해 알려주세요,0,0,0,0
MI3_240820_TY1_0725_4_V02-8_1,나. 수출입 경북동해안지역 수출 철강산단 수출 혼합형에 대해 알려주세요,0,0,0,0
MI3_240820_TY1_0727_1_V02-8_1,포항 철강산단 생산액 및 증감률 혼합형에 대해 알려주세요,0,0,0,0
MI3_240820_TY1_0727_2_V02-4_1,울릉도 입도관광객수 추이에 대해 알려주세요,0,0,0,0
MI3_240820_TY1_0727_3_V02-1_2,에 대한 영역형 차트에 대해 알려주세요.,0,0,0,0
MI3_240820_TY1_0727_4_V02-4_1,경북동해안지역 수산물 생산량 변화에 대해 알려주세요,0,0,0,0
MI3_240820_TY1_0762_1_V02-4_2,포항운하 방문객수와 크루즈 탑승객수 증감률에 대해 알려주세요,0,0,0,0
MI3_240820_TY1_0762_2_V02-4_1,이 문서에서 경북동해안지역 수산물 생산액 증감률에 대한 차트(꺾은선형)에 대해 알려주세요,0,0,0,0
MI3_240820_TY1_0762_3_V02-4_1,이 문서에서 경북동해안지역 수출에 대한 꺾은선형 차트에 대해 알려주세요.,0,0,0,0
MI3_240820_TY1_0762_4_V02-4_1,경북동해안지역 수입 차트(꺾은선형)에 대해 알려주세요,0,0,0,0
MI3_240820_TY1_0833_2_V02-6_1,타지역 생산유발률과 최종수요의존도에 대해 알려주세요,0,0,0,0
MI3_240820_TY1_0833_3_V02-6_1,전후방연관성이 높은 지역 차트(분산형)에 대해 알려주세요,0,0,0,0
MI3_240820_TY1_0835_1_V01_1,2017년 1월중 건축착공면적과 관련된 표에 대해 알려주세요,0,0,0,0
MI3_240820_TY1_0835_2_V01_1,대구경북지역 미분양주택 현황 세로 막대형에 대해 알려주세요,0,0,0,0
MI3_240820_TY1_0835_3_V02-8_1,대구경북지역 수출입 차트(혼합형)에 대해 알려주세요,0,0,0,0
MI3_240820_TY1_0840_1_V01_1,건설투자 관련 지표 증감률에 대해 알려주세요,0,0,0,0
MI3_240820_TY1_0840_2_V01_1,대구경북 미분양주택 표에 대해 알려주세요,0,0,0,0
MI3_240820_TY1_0840_3_V02-8_1,수출 및 수입 차트(혼합형)에 대해 알려주세요,0,0,0,0
MI3_240820_TY1_0872_1_V02-1_2,세계교역은 부진한 흐름이 지속될 전망과 관련된 주요국 소비자물가상승률 전망 차트에 대해 알려주세요.,0,0,0,0
MI3_240820_TY1_0872_2_V02-8_1,시간당임금상승률 및 실업률 혼합형에 대해 알려주세요,0,0,0,0
MI3_240820_TY1_0872_3_V02-8_1,제목에 관련된 빈 일자리율과 실업률 혼합형에 대해 알려주세요,0,0,0,0
MI3_240820_TY1_0872_4_V02-4_1,일본 성장률 전망(%) 차트(꺾은선형)에 대해 알려주세요,0,0,0,0
MI3_240820_TY1_0878_1_V02-8_1,세계교역량 차트(혼합형)에 대해 알려주세요,0,0,0,0
MI3_240820_TY1_0878_2_V01_1,미국 주요 경제지표 실업률 차트(원형)에 대해 알려주세요,0,0,0,0
MI3_240820_TY1_0878_3_V02-4_1,구매관리자지수(PMI) 꺾은선형 차트에 대해 알려주세요,0,0,0,0
MI3_240820_TY1_0878_4_V01_1,일본 주요 경제지표 (전월대비) 차트(세로 막대형)에 대해 알려주세요,0,0,0,0
MI3_240820_TY1_0890_1_V02-4_1,V. 시장에 반영된 연준의 예상 금리인상속도 변화 차트(꺾은선형)에 대해 알려주세요,0,0,0,0
MI3_240820_TY1_0890_2_V02-4_1,FOMC Rate 차트(꺾은선형)에 대해 알려주세요,0,0,0,0
MI3_240820_TY1_0890_3_V02-4_1,VII. 2015년 중 방일 외국인 여행객 추이에 대해 알려주세요,0,0,0,0
MI3_240820_TY1_0890_4_V02-1_1,방일 외국인 여행객 소비액에 대해 알려주세요,0,0,0,0
MI3_240820_TY1_0902_1_V02-4_1,경주지역 관광객 비중 추이 (경상북도 대비) 차트(가로 막대형)에 대해 알려주세요,0,0,0,0
MI3_240820_TY1_0902_2_V02-4_1,경상북도내 관광객 비중 추이 차트(꺾은선형)에 대해 알려주세요,0,0,0,0
MI3_240820_TY1_0902_3_V01_1,교토의 자매도시 현황 표에 대해 알려주세요,0,0,0,0
MI3_240820_TY1_0912_1_V01_1,고령화와 주택연금 관련 데이터의 시각적 표현인 표에 대해 알려주세요,0,0,0,0
MI3_240820_TY1_0912_2_V02-3_1,2016-7 한국은행 경기본부 차트(원형)에 대해 알려주세요,0,0,0,0
MI3_240820_TY1_0912_3_V01_1,고령화와 주택연금에 대한 연구의 변수 정의 표에 대해 알려주세요,0,0,0,0
MI3_240820_TY1_0936_1_V01_1,각 변수 및 국가별 요약 통계 차트(세로 막대형)에 대해 알려주세요,0,0,0,0
MI3_240820_TY1_0936_2_V01_1,국가별 요약 통계 표에 대해 알려주세요,0,0,0,0
MI3_240820_TY1_0955_1_V02-2_2,우리나라의 자본스톡 확정추계 결과와 관련된 주거용 및 비주거용 부동산 구성에 대해 알려주세요.,0,0,0,0
MI3_240820_TY1_0955_2_V03_1,경제활동별 자본스톡 규모 및 비중에 대해 알려주세요,0,0,0,0
MI3_240820_TY1_0955_3_V02-1_2,우리나라의 자본스톡 변동에 대한 차트(세로 막대형)에 대해 알려주세요,0,0,0,0
MI3_240820_TY1_0955_4_V02-1_1,제도부문별 자본스톡 변동 및 차트(세로 막대형)에 대해 알려주세요,0,0,0,0
MI3_240820_TY1_0957_1_V02-8_1,자본소득과 자본서비스가액을 최소화하는 분석에 대해 알려주세요,0,0,0,0
MI3_240820_TY1_0957_2_V02-4_2,사후내생수익률 추정 결과와 시장금리-CPI% 비교에 대해 알려주세요,0,0,0,0
MI3_240820_TY1_0957_3_V01_2,부문별 저축투자차액 비중에 대한 차트(명목GDP 대비)에 대해 알려주세요,0,0,0,0
MI3_240820_TY1_0958_1_V02-4_1,제품별 가격 및 판매량 차트(꺾은선형)에 대해 알려주세요,0,0,0,0
MI3_240820_TY1_0958_2_V02-8_1,최근 경상수지 동향과 경상수지 추이에 대한 혼합형 차트에 대해 알려주세요,0,0,0,0
MI3_240820_TY1_0958_3_V02-8_1,최근 경상수지 및 수출입 추이에 대한 혼합형 차트에 대해 알려주세요,0,0,0,0
MI3_240820_TY1_0958_4_V02-4_1,최근 유가 하락의 경상수지 흑자 확대 효과 차트(꺾은선형)에 대해 알려주세요,0,0,0,0
MI3_240820_TY1_1000_2_V02-4_1,제목에 대한 기대인플레이션 및 실제인플레이션의 변동 추이에 대해 알려주세요,0,0,0,0
MI3_240820_TY1_1000_3_V02-4_5,충격반응분석 결과 실제인플레이션에 대해 알려주세요,0,0,0,0
MI3_240820_TY1_1010_1_V02-4_1,세계 자동차판매대수 증가율 꺾은선형에 대해 알려주세요,0,0,0,0
MI3_240820_TY1_1010_2_V02-4_2,중동지역 지정학적 리스크와 차트(꺾은선형)에 대해 알려주세요,0,0,0,0
MI3_240820_TY1_1010_3_V02-1_1,달러화 강세가 국제유가에 미칠 추가적 영향 연간 평균과 관련된 차트에 대해 알려주세요,0,0,0,0
MI3_240820_TY1_1010_4_V03_1,이와 같이 저유가가 장기간 지속될 경우 원유 수입국과 수출국간에 그 영향 이 차별화되면서 글로벌 경제에 대한 파급영향도 긍정적·부정적 효과가 혼재에 대해 알려주세요,0,0,0,0
MI3_240820_TY1_1010_5_V03_1,제목에 대한 국제유가 하락이 원유수출국에 미치는 영향과 관련된 다이어그램에 대해 알려주세요,0,0,0,0
MI3_240820_TY1_1014_1_V02-1_1,충북의 고용구조 차트(세로 막대형)에 대해 알려주세요,0,0,0,0
MI3_240820_TY1_1014_3_V02-1_2,충북경제 특징에 대해 알려주세요,0,0,0,0
MI3_240820_TY1_1019_1_V02-4_1,주요국의 실질실효환율 꺾은선형에 대해 알려주세요,0,0,0,0
MI3_240820_TY1_1019_2_V01_1,"그리스, 스페인, 포르투갈의 지역별 상품수지에 대해 알려주세요",0,0,0,0
MI3_240820_TY1_1019_3_V01_1,차입 국가별 역내 차입 현황에 대해 알려주세요,0,0,0,0
MI3_240820_TY1_1056_1_V02-4_2,주요국 금리 및 주가 차트(꺾은선형)에 대해 알려주세요,0,0,0,0
MI3_240820_TY1_1056_2_V02-1_2,선진국 및 신흥국 성장률에 대한 통계 자료를 기반으로 한 비율 차트에 대해 알려주세요,0,0,0,0
MI3_240820_TY1_1056_3_V02-8_1,가계신용대출 증가율와 BIS자기자본비율 혼합형에 대해 알려주세요,0,0,0,0
MI3_240820_TY1_1056_4_V02-3_1,부동산담보 기타 비율과 관련된 차트(원형)에 대해 알려주세요,0,0,0,0
MI3_240820_TY1_1107_1_V01_1,미국 주요 기업 대주주의 지분율 분포 차트(세로 막대형)에 대해 알려주세요,0,0,0,0
MI3_240820_TY1_1107_2_V02-1_2,토빈Q의 분포 차트(세로 막대형)에 대해 알려주세요,0,0,0,0
MI3_240820_TY1_1107_3_V01_1,기업의 소유지배구조와 경영성과간의 관계에 대해 알려주세요,0,0,0,0
MI3_240820_TY1_1112_1_V01_1,원시 데이터의 기본 통계량 표에 대해 알려주세요,0,0,0,0
MI3_240820_TY1_1112_2_V02-4_2,연평균 기온에 대한 차트(꺾은선형)에 대해 알려주세요,0,0,0,0
MI3_240820_TY1_1122_2_V01_2,로그 라스파이레스 지수와 관련된 내용에 대해 알려주세요,0,0,0,0
MI3_240820_TY1_1131_1_V01_1,도심 개발 프로젝트 비용 및 자금조달원에 대해 알려주세요,0,0,0,0
MI3_240820_TY1_1131_2_V02-3_1,업종별 고용 비중 차트(원형)에 대해 알려주세요,0,0,0,0
MI3_240820_TY1_1142_1_V01_2,금융동향 한국은행 예금 및 대출금에 대해 알려주세요,0,0,0,0
MI3_240820_TY1_1142_2_V01_1,11. 실물동향 생산 관련 지표 표에 대해 알려주세요,0,0,0,0
MI3_240820_TY1_1142_3_V01_1,11. 실물동향 본문 표에 대해 알려주세요,0,0,0,0
MI3_240820_TY1_1143_1_V02-8_1,대전지역 벤처 자금공급 규모에 대한 창업투자회사 현황 및 투자실적 차트(혼합형)에 대해 알려주세요,0,0,0,0
MI3_240820_TY1_1143_5_V01_1,2016-12 한국은행 대전충남본부 업무집행 운영책임자 모태 대학 등 결성 매칭 조합 명칭 표에 대해 알려주세요,0,0,0,0
MI3_240820_TY1_1149_1_V02-1_2,T01 T02 T03 차트(세로 막대형)에 대해 알려주세요,0,0,0,0
MI3_240820_TY1_1149_2_V02-8_2,충북의 소득순유출 관련된 혼합형 차트에 대해 알려주세요,0,0,0,0
MI3_240820_TY1_1162_1_V02-4_1,신흥시장국과 미국의 GDP 성장률 비율에 대한 꺾은선형 차트에 대해 알려주세요,0,0,0,0
MI3_240820_TY1_1162_2_V02-1_1,선진국과 신흥시장국의 포트폴리오 투자 및 은행 대출에 대해 알려주세요,0,0,0,0
MI3_240820_TY1_1162_3_V02-8_1,선진국의 경기침체 발생 비중에 대한 혼합형 차트에 대해 알려주세요,0,0,0,0
MI3_240820_TY1_1168_1_V02-3_1,이 보고서의 제목에 관련하여 가계대출 구성비를 보여주는 차트(원형)에 대해 알려주세요,0,0,0,0
MI3_240820_TY1_1168_2_V02-1_1,말레이시아의 GDP 및 가계소비 변화에 대한 꺾은선형 차트에 대해 알려주세요,0,0,0,0
MI3_240820_TY1_1168_3_V02-8_1,정책금리 및 신용카드 이용잔액에 대한 차트(혼합형)에 대해 알려주세요,0,0,0,0
MI3_240820_TY1_1205_1_V02-4_1,II. 미국경제 주요 이슈 점검 꺾은선형에 대해 알려주세요,0,0,0,0
MI3_240820_TY1_1205_2_V02-1_1,80% 76% 70% 63% 차트(세로 막대형)에 대해 알려주세요,0,0,0,0
MI3_240820_TY1_1205_3_V02-1_1,미국 경제성장률에 미치는 유럽 및 중국의 영향에 대해 알려주세요,0,0,0,0
MI3_240820_TY1_1205_4_V01_1,여러 기관의 실업률 전망을 비교한 표에 대해 알려주세요,0,0,0,0
MI3_240820_TY1_1222_1_V02-2_1,인구구조의 변화 유형 차트(가로 막대형)에 대해 알려주세요,0,0,0,0
MI3_240820_TY1_1222_2_V01_1,지난 10년 동안 전국의 노인 인구 비율 변화에 대해 알려주세요,0,0,0,0
MI3_240820_TY1_1222_3_V02-1_1,제목에 관련된 내용 중 베이비붐 세대가 희망하는 노후생활에 대한 차트(세로 막대형)에 대해 알려주세요.,0,0,0,0
MI3_240820_TY1_1225_1_V02-8_1,<그림 IV-17> 혼합형에 대해 알려주세요,0,0,0,0
MI3_240820_TY1_1225_2_V02-8_3,대출채권 종류별 비중 추이 혼합형에 대해 알려주세요,0,0,0,0
MI3_240820_TY1_1225_3_V02-4_1,IV. 금융기관의 건전성에 대해 알려주세요,0,0,0,0
MI3_240820_TY1_1225_4_V03_1,중소기업 진흥 및 산업기반기금 자금시장 재원조성 다이어그램에 대해 알려주세요,0,0,0,0
MI3_240820_TY1_1236_1_V02-8_1,정부부채 및 재정적자 차트(혼합형)에 대해 알려주세요,0,0,0,0
MI3_240820_TY1_1236_2_V02-4_1,해외경제 포커스 제2010-4호의 꺾은선형에 대해 알려주세요,0,0,0,0
MI3_240820_TY1_1236_3_V02-4_1,해외경제 포커스 제2010-4호 차트(꺾은선형)에 대해 알려주세요,0,0,0,0
MI3_240820_TY1_1244_1_V02-4_1,해외경제 포커스 제2012-5호 차트(꺾은선형)에 대해 알려주세요,0,0,0,0
MI3_240820_TY1_1263_1_V02-4_5,핀란드와 독일의 감지 GDP 대비 차트(꺾은선형)에 대해 알려주세요,0,0,0,0
MI3_240820_TY1_1263_2_V02-4_1,제목에 대한 꺾은선형 차트에 대해 알려주세요,0,0,0,0
MI3_240820_TY1_1263_3_V02-4_3,회원국별 가계대출금리와 관련된 꺾은선형 차트에 대해 알려주세요,0,0,0,0
MI3_240820_TY1_1278_1_V01_1,해외경제 포커스 제2013-34호의 백만톤 차트에 대해 알려주세요,0,0,0,0
MI3_240820_TY1_1278_2_V02-4_1,해외경제 포커스 주요국 주가 변화에 대해 알려주세요,0,0,0,0
MI3_240820_TY1_1278_3_V02-4_1,해외경제 포커스 제2013-34호 차트(꺾은선형)에 대해 알려주세요,0,0,0,0
MI3_240820_TY1_1289_1_V02-1_2,해외경제 포커스 차트(세로 막대형)에 대해 알려주세요,0,0,0,0
MI3_240820_TY1_1289_2_V02-1_3,해외경제 포커스 제2013-48호의 차트(세로 막대형)에 대해 알려주세요,0,0,0,0
MI3_240820_TY1_1289_3_V02-4_1,농산물가격 소제목 차트(꺾은선형)에 대해 알려주세요,0,0,0,0
MI3_240820_TY1_1292_1_V02-8_1,노동생산성 증가율 혼합형에 대해 알려주세요,0,0,0,0
MI3_240820_TY1_1292_2_V02-4_1,3차트(꺾은선형)에 대해 알려주세요,0,0,0,0
MI3_240820_TY1_1292_3_V02-4_4,금 가격 변화 꺾은선형에 대해 알려주세요,0,0,0,0
MI3_240820_TY1_1296_1_V02-8_3,해외경제 포커스 금융·외환시장 혼합형에 대해 알려주세요,0,0,0,0
MI3_240820_TY1_1296_2_V02-4_1,해외경제 포커스 III. 주요 이슈 점검 차트(꺾은선형)에 대해 알려주세요,0,0,0,0
MI3_240820_TY1_1296_3_V02-4_3,해외경제 포커스 제2015-2호에서 CPI와 물가기대지수에 대한 차트(꺾은선형)에 대해 알려주세요,0,0,0,0
MI3_240820_TY1_1306_1_V02-8_1,부산지역 제조업의 재고증가율과 출하증가율에 대해 알려주세요,0,0,0,0
MI3_240820_TY1_1306_2_V01_1,지역내 수요와 관련된 다양한 지표들에 대해 알려주세요.,0,0,0,0
MI3_240820_TY1_1306_3_V01_2,한국은행 부산본부의 대출금 및 예금 증감액에 대해 알려주세요,0,0,0,0
MI3_240820_TY1_1333_1_V02-8_1,<그림 - -1> 혼합형에 대해 알려주세요,0,0,0,0
MI3_240820_TY1_1333_3_V02-4_1,부의 불평등 추이 차트(꺾은선형)에 대해 알려주세요,0,0,0,0
MI3_240820_TY1_1360_1_V02-3_1,지역별 BOP 인구분포 원형에 대해 알려주세요,0,0,0,0
MI3_240820_TY1_1366_1_V01_1,제목 인증 조직 목적 순서 기관명 사업내용 시기 형태 유형 V에 대해 알려주세요,0,0,0,0
MI3_240820_TY1_1366_2_V01_4,잉여금 중 사회적 목적 적립금 비중(대구)에 대해 알려주세요,0,0,0,0
MI3_240820_TY1_1366_3_V01_1,에너지 절약 노력 현황 빈도에 대해 알려주세요,0,0,0,0
MI3_240820_TY1_1384_1_V02-4_2,주요 선행지표 꺾은선형 차트에 대해 알려주세요,0,0,0,0
MI3_240820_TY1_1384_2_V02-4_3,GDP 및 꺾은선형에 대해 알려주세요,0,0,0,0
MI3_240820_TY1_1384_3_V02-4_2,에 대한 -4 차트(꺾은선형)에 대해 알려주세요,0,0,0,0
MI3_240820_TY1_1386_1_V01_1,국제과학비즈니스벨트 기본계획 요약 본문 차트에 대해 알려주세요,0,0,0,0
MI3_240820_TY1_1386_2_V03_2,기술사업화사업 추진 프로세스와 관련된 다이어그램에 대해 알려주세요,0,0,0,0
MI3_240820_TY1_1390_1_V02-4_2,"주요 신흥시장국 원전비중과 관련된 (%), 러시아 및 동유럽, 브라질, 중국에 대해 알려주세요",0,0,0,0
MI3_240820_TY1_1390_2_V01_2,국가별 탄소배출량 규모에 대해 알려주세요,0,0,0,0
MI3_240820_TY1_1390_3_V01_1,원자로의 종류와 특징에 대해 알려주세요,0,0,0,0
MI3_240820_TY1_1397_2_V02-4_1,기술발전과 숙련 편향적 노동 수요 변화에 대해 알려주세요,0,0,0,0
MI3_240820_TY1_1397_3_V02-4_1,<그림 5> 교육수준별 임금격차1) 추이 꺾은선형에 대해 알려주세요,0,0,0,0
MI3_240820_TY1_1397_4_V02-4_1,세계화와 기술발전이 제조업 노동수요에 미치는 영향 꺾은선형 차트에 대해 알려주세요,0,0,0,0
MI3_240820_TY1_1404_1_V02-4_1,6-6-6 시스템에서의 A-K 추정량의 월별 추정값 차트(꺾은선형)에 대해 알려주세요,0,0,0,0
MI3_240820_TY1_1404_2_V01_1,소비자동향조사의 순환표집방법과 관련된 K A 행렬에 대해 알려주세요.,0,0,0,0
MI3_240820_TY1_1404_3_V01_1,6-6-6 시스템에서의 붓스트랩 표준오차 추정값에 대해 알려주세요,0,0,0,0
MI3_240820_TY1_1425_2_V02-4_1,Ⅳ 신흥국 교역구조 변화의 시사점에 대해 알려주세요,0,0,0,0
MI3_240820_TY1_1425_3_V02-1_1,세계시장에 대한 차트(가로 막대형)에 대해 알려주세요,0,0,0,0
MI3_240820_TY1_1439_1_V02-4_2,식품가격과 국제유가와 관련된 꺾은선형 차트에 대해 알려주세요,0,0,0,0
MI3_240820_TY1_1439_2_V02-1_1,식품과 에너지의 순수출을 나타내는 차트(세로 막대형)에 대해 알려주세요,0,0,0,0
MI3_240820_TY1_1439_3_V02-4_1,아시아 주요국의 정책금리 꺾은선형에 대해 알려주세요,0,0,0,0
MI3_240820_TY1_1440_1_V02-2_1,아시아 주요국의 GDP갭 플러스 전환 시기에 대해 알려주세요,0,0,0,0
MI3_240820_TY1_1440_2_V02-1_1,2009년 주요국 통화량 증가율을 나타내는 세로 막대형 차트에 대해 알려주세요.,0,0,0,0
MI3_240820_TY1_1440_3_V02-1_1,에 대한 -1 차트에 대해 알려주세요,0,0,0,0
MI3_240820_TY1_1448_1_V02-4_2,[그림I-6] 최근 비트코인 국제가격 추이 차트에 대해 알려주세요,0,0,0,0
MI3_240820_TY1_1448_2_V02-4_1,비트코인 가격의 일별 변동률 꺾은선형 차트에 대해 알려주세요,0,0,0,0
MI3_240820_TY1_1448_3_V02-4_1,국내 비트코인 가격 및 거래대금 꺾은선형에 대해 알려주세요,0,0,0,0
MI3_240820_TY1_1450_1_V02-8_1,제목에 대한 시각요소 제목과 혼합형 차트에 대해 알려주세요,0,0,0,0
MI3_240820_TY1_1450_2_V02-4_1,10년국채듀레이션 꺾은선형에 대해 알려주세요,0,0,0,0
MI3_240820_TY1_1450_3_V02-8_1,당좌목표잔액 및 당좌예금잔액 차트(혼합형)에 대해 알려주세요,0,0,0,0
MI3_240820_TY1_1459_1_V01_1,T01 T02 분기 경제성장률 차이 비교 표에 대해 알려주세요,0,0,0,0
MI3_240820_TY1_1459_2_V02-1_1,V 경제성장률에 미치는 영향 연쇄지수 차이 비교 차트(세로 막대형)에 대해 알려주세요,0,0,0,0
MI3_240820_TY1_1459_3_V01_1,연쇄 성장률 - 고정 성장률에 대해 알려주세요,0,0,0,0
MI3_240820_TY1_1461_1_V03_1,TALF 대출 다이어그램에 대해 알려주세요,0,0,0,0
MI3_240820_TY1_1461_2_V01_1,CMBS 스프레드 변동률에 대해 알려주세요,0,0,0,0
MI3_240820_TY1_1461_3_V02-4_1,에 대한 CMBX1) 추이 꺾은선형 차트에 대해 알려주세요,0,0,0,0
MI3_240820_TY1_1486_1_V02-4_1,우리 경제의 성장잠재력 약화 원인에 대해 알려주세요,0,0,0,0
MI3_240820_TY1_1486_2_V02-8_1,최근의 투자부진에 관한 통계 자료에서 나타나는 혼합형 차트에 대해 알려주세요,0,0,0,0
MI3_240820_TY1_1486_3_V02-4_2,<그림 6> 영업이익대비 설비투자 꺾은선형 차트에 대해 알려주세요,0,0,0,0
MI3_240820_TY1_1486_4_V02-4_1,우리나라의 경제활동참가율 추이 차트(꺾은선형)에 대해 알려주세요,0,0,0,0
MI3_240820_TY1_1490_1_V02-8_1,<그림 1> 영국의 노사관계 주요지표 추이에 대해 알려주세요,0,0,0,0
MI3_240820_TY1_1490_2_V02-8_1,에 대한 네덜란드의 경제성장률 및 실업률 추이에 대해 알려주세요.,0,0,0,0
MI3_240820_TY1_1490_3_V01_1,아일랜드의 노조수 및 노조가입률 추이에 대해 알려주세요,0,0,0,0
MI3_240820_TY1_1490_4_V02-8_1,스페인의 경제성장률 및 실업률 추이에 대해 알려주세요,0,0,0,0
MI3_240820_TY1_1496_1_V01_1,지식기반서비스업의 문제점 및 주요국의 서비스산업 노동생산성 비교에 대해 알려주세요,0,0,0,0
MI3_240820_TY1_1496_2_V02-4_1,산업자원부의 청소·건물관리·경비 분야와 관련된 주요국의 세계 지식기반서비스 수출시장 점유율 추이 꺾은선형 차트에 대해 알려주세요,0,0,0,0
MI3_240820_TY1_1496_3_V02-4_1,주요국 지식기반서비스업의 RCA지수 추이에 대해 알려주세요,0,0,0,0
MI3_240820_TY1_1499_1_V01_1,한국은행 금융경제연구원 제13권 제3호 총소비 도구변수에 대해 알려주세요,0,0,0,0
MI3_240820_TY1_1499_2_V02-4_1,[그림 1] 외환위기 전후의 비내구재와 서비스 소비 성장률 꺾은선형 차트에 대해 알려주세요,0,0,0,0
MI3_240820_TY1_1499_3_V02-4_1,우리나라 소비자는 신중한가? 꺾은선형에 대해 알려주세요,0,0,0,0
MI3_240820_TY1_1519_1_V02-8_2,자동차 및 트레일러 제조업 대출잔액과 증가율에 대해 알려주세요,0,0,0,0
MI3_240820_TY1_1519_2_V02-1_1,자동차부품 1차 협력업체 납품구조 차트(세로 막대형)에 대해 알려주세요,0,0,0,0
MI3_240820_TY1_1519_3_V02-4_2,주요 특징꺾은선형에 대해 알려주세요,0,0,0,0
MI3_240820_TY1_1519_4_V02-1_2,T01 T02 제조업 차트(세로 막대형)에 대해 알려주세요,0,0,0,0
MI3_240820_TY1_1522_1_V02-3_2,"에 관련된 기타, 33.2 중국, 36.0 베트남, 3.2 대만 등과 같은 정보가 담긴 차트(원형)에 대해 알려주세요",0,0,0,0
MI3_240820_TY1_1522_2_V01_1,T01 T02 T03 표에 대해 알려주세요,0,0,0,0
MI3_240820_TY1_1522_3_V02-4_4,울산지역 석유화학 수출 현황 차트(꺾은선형)에 대해 알려주세요,0,0,0,0
MI3_240820_TY1_1522_4_V02-1_1,T01 T02 차트(세로 막대형) V02-1에 대해 알려주세요,0,0,0,0
MI3_240820_TY1_1524_1_V02-8_4,울산지역 정기저축 및 저축성 예금 추이에 대해 알려주세요,0,0,0,0
MI3_240820_TY1_1524_2_V02-8_2,울산지역 단기시장성수신 증가율과 관련된 혼합형 차트에 대해 알려주세요,0,0,0,0
MI3_240820_TY1_1524_3_V02-8_1,"제목에 따르면, 울산지역 예금은행 가계대출의 변동률을 나타내는 혼합형 차트에 대해 알려주세요.",0,0,0,0
MI3_240820_TY1_1579_2_V02-1_1,제1편 국내 대체투자 현황 및 시사점 차트(세로 막대형)에 대해 알려주세요,0,0,0,0
MI3_240820_TY1_1579_3_V02-1_1,해외 대체투자 환헤지 비중 차트(세로 막대형)에 대해 알려주세요,0,0,0,0
MI3_240820_TY1_1605_1_V02-8_1,예금은행 수신 추이에 대해 알려주세요,0,0,0,0
MI3_240820_TY1_1605_2_V02-8_2,2015년 인천지역 금융기관의 총여신액과 관련된 차트(혼합형)에 대해 알려주세요,0,0,0,0
MI3_240820_TY1_1605_3_V02-8_1,부도법인 및 신설법인수 추이에 대해 알려주세요.,0,0,0,0
MI3_240820_TY1_1609_1_V02-4_1,부문별 경제동향 제조업 생산 증가율 차트(꺾은선형)에 대해 알려주세요,0,0,0,0
MI3_240820_TY1_1609_2_V02-8_1,4. 고용에 대해 알려주세요,0,0,0,0
MI3_240820_TY1_1609_3_V02-8_1,인천지역 주택매매가격 혼합형 차트에 대해 알려주세요,0,0,0,0
MI3_240820_TY1_1611_1_V02-4_1,부문별 경제동향 1. 제조업 생산 인천지역 제조업 생산 증가율에 대해 알려주세요,0,0,0,0
MI3_240820_TY1_1611_2_V02-8_1,인천지역의 취업자수 변화 혼합형 차트에 대해 알려주세요,0,0,0,0
MI3_240820_TY1_1611_3_V02-8_1,인천지역 예금은행 및 비은행 금융기관 수신 차트(혼합형)에 대해 알려주세요,0,0,0,0
MI3_240820_TY1_1639_1_V02-8_2,인천지역 건축착공면적 혼합형에 대해 알려주세요,0,0,0,0
MI3_240820_TY1_1639_2_V02-8_1,인천지역 수출 차트(혼합형)에 대해 알려주세요,0,0,0,0
MI3_240820_TY1_1639_3_V02-8_1,인천지역 수입의 품목별·국가별 동향에 대해 알려주세요,0,0,0,0
MI3_240820_TY1_1639_4_V02-8_1,인천지역 취업자수 증감 동향 혼합형 차트에 대해 알려주세요,0,0,0,0
MI3_240820_TY1_1645_1_V02-8_2,비은행 금융기관 대출 추이에 대해 알려주세요,0,0,0,0
MI3_240820_TY1_1645_2_V02-8_2,인천지역 예금은행 및 비은행 금융기관 수신 추이 혼합형에 대해 알려주세요,0,0,0,0
MI3_240820_TY1_1645_3_V02-4_1,인천지역 어음부도율 추이 꺾은선형 차트에 대해 알려주세요,0,0,0,0
MI3_240820_TY1_1654_1_V02-8_1,자금유입과 여신 및 수신의 변화에 대해 알려주세요,0,0,0,0
MI3_240820_TY1_1654_2_V02-4_1,금융부문 발전의 상대적 지체 차트(꺾은선형)에 대해 알려주세요,0,0,0,0
MI3_240820_TY1_1654_3_V02-4_1,제목에 포함된 내용을 바탕으로 두 번째 차트의 꺾은선형에 대해 알려주세요,0,0,0,0
MI3_240820_TY1_1663_2_V02-8_2,(개소) (%) 차트(혼합형)에 대해 알려주세요,0,0,0,0
MI3_240820_TY1_1663_3_V02-8_2,인천시 관광사업체 매출액 변화 및 전국 비교 혼합형에 대해 알려주세요,0,0,0,0
MI3_240820_TY1_1677_1_V02-4_1,엔/달러 환율 및 수출물가 꺾은선형에 대해 알려주세요,0,0,0,0
MI3_240820_TY1_1677_2_V02-1_1,환율과 수출물가 변화율 차트(세로 막대형)에 대해 알려주세요,0,0,0,0
MI3_240820_TY1_1677_3_V02-4_2,일본 상대수출물가 차트(꺾은선형)에 대해 알려주세요,0,0,0,0
MI3_240820_TY1_1677_4_V02-4_1,0 산업별 상대수출물가 추이 차트(꺾은선형)에 대해 알려주세요,0,0,0,0
MI3_240820_TY1_1678_1_V02-4_1,III. 장기불황에 따른 부문별 주요 구조변화 차트(꺾은선형)에 대해 알려주세요,0,0,0,0
MI3_240820_TY1_1678_2_V02-4_3,제조업 해외생산 비중에 대해 알려주세요,0,0,0,0
MI3_240820_TY1_1678_3_V02-1_1,가계부문 소비 및 저축률 추이와 관련된 막대형 차트에 대해 알려주세요,0,0,0,0
MI3_240820_TY1_1678_4_V02-8_2,금융부문 차트(혼합형)에 대해 알려주세요,0,0,0,0
MI3_240820_TY1_1682_1_V02-8_1,제목에 대한 내용과 관련하여 대일 직접 투자 추이에 대해 알려주세요.,0,0,0,0
MI3_240820_TY1_1682_2_V02-8_1,신농업 창조와 일본 농가당 경영면적 및 평균연령 혼합형에 대해 알려주세요,0,0,0,0
MI3_240820_TY1_1682_3_V02-4_1,기업 내부유보규모 추이 차트(꺾은선형)에 대해 알려주세요,0,0,0,0
MI3_240820_TY1_1689_1_V02-4_1,일본의 고령화 현상과 관련된 차트(꺾은선형)에 대해 알려주세요,0,0,0,0
MI3_240820_TY1_1689_2_V02-1_1,IT의 서비스업 노동생산성 증감에 대한 기여도 차트(세로 막대형)에 대해 알려주세요,0,0,0,0
MI3_240820_TY1_1689_3_V02-2_1,서비스 업종별 투자 현황 차트(가로 막대형)에 대해 알려주세요,0,0,0,0
MI3_240820_TY1_1721_1_V01_1,III. 중국 수산물 시장 동향 1. 생산 <표 3-1>에 대해 알려주세요,0,0,0,0
MI3_240820_TY1_1721_2_V01_1,지원정책 이용현황 차트(세로 막대형)에 대해 알려주세요,0,0,0,0
MI3_240820_TY1_1721_3_V01_1,최근 전반적인 수출환경 표에 대해 알려주세요,0,0,0,0
MI3_240820_TY1_1727_1_V02-4_2,전국과 전북의 제조업 생산지수 꺾은선형에 대해 알려주세요,0,0,0,0
MI3_240820_TY1_1727_2_V02-4_1,전북 산업별 GRDP 비중 꺾은선형에 대해 알려주세요,0,0,0,0
MI3_240820_TY1_1727_3_V02-8_1,전북 식품산업의 노동생산성에 대해 알려주세요,0,0,0,0
MI3_240820_TY1_1738_1_V01_1,"제목에 따라 총산출 수입과 공급, 국내수요 등의 내용을 담고 있는 표에 대해 알려주세요",0,0,0,0
MI3_240820_TY1_1738_2_V01_1,5. 고용 1995-2007년중 고용 추이(취업자수 기준) 표에 대해 알려주세요,0,0,0,0
MI3_240820_TY1_1738_3_V01_1,기간별 수입 증가요인에 대해 알려주세요,0,0,0,0
MI3_240820_TY1_1759_1_V02-2_1,T01 T02 T03 가로 막대형 차트에 대해 알려주세요,0,0,0,0
MI3_240820_TY1_1759_2_V02-2_2,4 행정 및 법률 환경 차트(세로 막대형)에 대해 알려주세요,0,0,0,0
MI3_240820_TY1_1759_3_V02-2_1,인센티브 부문별 평가 상대점수1) 가로 막대형에 대해 알려주세요,0,0,0,0
MI3_240820_TY1_1759_4_V02-2_2,큐슈지역 기업의 해외미진출 이유와 관련된 내용에 대해 알려주세요.,0,0,0,0
MI3_240820_TY1_1759_5_V02-2_1,큐슈지역 기업의 향후 해외진출 관심 국가(지역)과 차트(가로 막대형)에 대해 알려주세요,0,0,0,0
MI3_240820_TY1_1769_1_V02-4_1,소비자심리지수 꺾은선형에 대해 알려주세요,0,0,0,0
MI3_240820_TY1_1769_2_V01_2,건설투자 관련 지표 표에 대해 알려주세요,0,0,0,0
MI3_240820_TY1_1769_3_V02-8_1,건설기성액 혼합형에 대해 알려주세요,0,0,0,0
MI3_240820_TY1_1769_4_V02-8_1,취업지수 차트(혼합형)에 대해 알려주세요,0,0,0,0
MI3_240820_TY1_1769_5_V02-2_1,산업별 취업자수 증감 차트(가로 막대형)에 대해 알려주세요,0,0,0,0
MI3_240820_TY1_1769_6_V02-2_1,경기종합지수 물가 상승률 추이에 대해 알려주세요,0,0,0,0
MI3_240820_TY1_1773_1_V01_1,소비 관련 지표 표에 대해 알려주세요,0,0,0,0
MI3_240820_TY1_1773_2_V02-8_1,제조업 가동률과 재고율 혼합형에 대해 알려주세요,0,0,0,0
MI3_240820_TY1_1773_3_V01_1,전산업 생산 표에 대해 알려주세요,0,0,0,0
MI3_240820_TY1_1773_4_V02-8_1,취업지수 차트(혼합형)에 대해 알려주세요,0,0,0,0
MI3_240820_TY1_1773_5_V01_2,전산업임금 표에 대해 알려주세요,0,0,0,0
MI3_240820_TY1_1773_6_V02-4_1,경기종합지수에 대한 차트(꺾은선형)에 대해 알려주세요,0,0,0,0
MI3_240820_TY1_1774_1_V02-4_1,소비자심리지수 꺾은선형에 대해 알려주세요,0,0,0,0
MI3_240820_TY1_1774_2_V02-8_2,건설기성액 증감률 차트에 대해 알려주세요,0,0,0,0
MI3_240820_TY1_1774_3_V01_1,전산업생산 표에 대해 알려주세요,0,0,0,0
MI3_240820_TY1_1774_4_V02-8_1,취업자수 차트(혼합형)에 대해 알려주세요,0,0,0,0
MI3_240820_TY1_1774_5_V01_2,월평균 명목임금 표에 대해 알려주세요,0,0,0,0
MI3_240820_TY1_1774_6_V02-4_1,최근 경제 동향과 관련된 선행지수 및 동행지수를 바탕으로 차트 내용에 대해 알려주세요,0,0,0,0
MI3_240820_TY1_1783_1_V02-4_1,소비자심리지수 꺾은선형에 대해 알려주세요,0,0,0,0
MI3_240820_TY1_1783_2_V02-8_1,반도체장비 수입액 차트(혼합형)에 대해 알려주세요,0,0,0,0
MI3_240820_TY1_1783_3_V01_1,전산업생산 표에 대해 알려주세요,0,0,0,0
MI3_240820_TY1_1783_4_V02-8_1,취업자수 차트(혼합형)에 대해 알려주세요,0,0,0,0
MI3_240820_TY1_1783_5_V02-1_1,산업별 취업자수 증감 차트(세로 막대형)에 대해 알려주세요,0,0,0,0
MI3_240820_TY1_1783_6_V02-4_2,소비자물가 상승률 추이 차트(꺾은선형)에 대해 알려주세요,0,0,0,0
MI3_240820_TY1_1784_1_V02-4_1,소비 관련 지표 꺾은선형에 대해 알려주세요,0,0,0,0
MI3_240820_TY1_1784_2_V02-8_1,기계류투자지수 및 반도체장비 수입액 혼합형에 대해 알려주세요,0,0,0,0
MI3_240820_TY1_1784_3_V01_1,전산업 생산 표에 대해 알려주세요,0,0,0,0
MI3_240820_TY1_1784_4_V02-8_1,취업자수 차트(혼합형)에 대해 알려주세요,0,0,0,0
MI3_240820_TY1_1784_5_V01_2,취업자수 변화에 관한 표에 대해 알려주세요,0,0,0,0
MI3_240820_TY1_1784_6_V02-4_2,경기종합지수와 물가에 대한 소비자물가 상승률 추이 꺾은선형에 대해 알려주세요,0,0,0,0
MI3_240820_TY1_1801_1_V03_1,소비자심리지수에 대한 다이어그램에 대해 알려주세요,0,0,0,0
MI3_240820_TY1_1801_2_V01_1,건설투자 관련 지표에 대한 세로 막대형 차트에 대해 알려주세요.,0,0,0,0
MI3_240820_TY1_1801_3_V01_1,전산업생산 표에 대해 알려주세요,0,0,0,0
MI3_240820_TY1_1801_4_V01_1,서비스업 생산 표에 대해 알려주세요,0,0,0,0
MI3_240820_TY1_1801_5_V02-2_1,성· 연령 · 고용형태별 신규채용기 차트(가로 막대형)에 대해 알려주세요,0,0,0,0
MI3_240820_TY1_1801_6_V02-4_1,경기종합지수 차트(꺾은선형)에 대해 알려주세요,0,0,0,0
MI3_240820_TY1_1816_1_V02-4_1,최근의 경제동향 국내 수요 소비자심리지수 꺾은선형에 대해 알려주세요,0,0,0,0
MI3_240820_TY1_1816_2_V02-8_2,건설기성액 증감률 혼합형에 대해 알려주세요,0,0,0,0
MI3_240820_TY1_1816_3_V01_2,제조업 생산 및 평균가동률 표에 대해 알려주세요,0,0,0,0
MI3_240820_TY1_1816_4_V01_2,고용 관련 지표 표에 대해 알려주세요,0,0,0,0
MI3_240820_TY1_1816_5_V01_1,산업별 취업자수 증감 표에 대해 알려주세요,0,0,0,0
MI3_240820_TY1_1816_6_V02-4_2,소비자물가 상승률 추이 꺾은선형에 대해 알려주세요,0,0,0,0
MI3_240820_TY1_1820_1_V01_1,소매판매액 표에 대해 알려주세요,0,0,0,0
MI3_240820_TY1_1820_2_V02-8_1,국내기계수주 및 OECD 경기선행지수 혼합형에 대해 알려주세요,0,0,0,0
MI3_240820_TY1_1820_3_V01_1,전산업 생산 전년 동기 대비 변화 차트(꺾은선형)에 대해 알려주세요,0,0,0,0
MI3_240820_TY1_1820_4_V02-2_1,전체 및 산업별 취업자수 변화 차트(가로 막대형)에 대해 알려주세요,0,0,0,0
MI3_240820_TY1_1820_5_V02-4_1,최근의 경제동향 차트(꺾은선형)에 대해 알려주세요,0,0,0,0
MI3_240820_TY1_1820_6_V02-4_2,소비자물가 상승률에 대한 꺾은선형 차트에 대해 알려주세요,0,0,0,0
MI3_240820_TY1_1824_1_V02-4_1,Figure 1. Prior and Posterior Distributions of Parameters 꺾은선형에 대해 알려주세요,0,0,0,0
MI3_240820_TY1_1824_2_V02-4_1,한국의 월별 거시-금융 모형 추정에 대한 꺾은선형 그래프에 대해 알려주세요,0,0,0,0
MI3_240820_TY1_1824_3_V02-4_1,4. 거시경제변수와 이자율 기간구조의 분산분해 분석 차트(꺾은선형)에 대해 알려주세요,0,0,0,0
MI3_240820_TY1_1824_4_V02-4_1,5. 이자율 기간구조의 잔차 분석과 관련된 Variance Decomposition 꺾은선형에 대해 알려주세요,0,0,0,0
MI3_240820_TY1_1834_1_V02-8_2,유로지역 경제성장률 전망에 대해 알려주세요,0,0,0,0
MI3_240820_TY1_1834_2_V02-1_1,세계경제 교역 의존도 세로 막대형에 대해 알려주세요,0,0,0,0
MI3_240820_TY1_1834_3_V02-4_2,세계교역 꺾은선형에 대해 알려주세요,0,0,0,0
MI3_240820_TY1_1834_4_V02-1_2,IT버블 붕괴시와 주택버블 붕괴시의 차트(세로 막대형)에 대해 알려주세요,0,0,0,0
MI3_240820_TY1_1834_5_V01_1,실질GDP 및 개인소비 변화에 대해 알려주세요,0,0,0,0
MI3_240820_TY1_1834_6_V02-8_3,혼합형에 대해 알려주세요,0,0,0,0
MI3_240820_TY1_1838_1_V02-1_1,세계 원유 생산량 차트(세로 막대형)에 대해 알려주세요,0,0,0,0
MI3_240820_TY1_1838_2_V02-4_2,경제성장률 차트(꺾은선형)에 대해 알려주세요,0,0,0,0
MI3_240820_TY1_1838_3_V02-4_1,수출 및 수입 꺾은선형 차트에 대해 알려주세요,0,0,0,0
MI3_240820_TY1_1838_4_V02-4_1,T01 T02 T03 차트(꺾은선형)에 대해 알려주세요,0,0,0,0
MI3_240820_TY1_1866_1_V02-4_1,고용 창출력에 대한 차트(꺾은선형)에 대해 알려주세요,0,0,0,0
MI3_240820_TY1_1866_2_V02-8_2,스페인 청년고용률과 전체고용률 격차 차트(혼합형)에 대해 알려주세요,0,0,0,0
MI3_240820_TY1_1866_3_V02-4_3,장기실업자의 비중을 분석하는 막대형 차트에 대해 알려주세요,0,0,0,0
MI3_240820_TY1_1866_4_V02-4_2,리먼브라더스 파산 이후 각국 고용 현황을 나타내는 꺾은선형 차트에 대해 알려주세요,0,0,0,0
MI3_240820_TY1_1866_5_V02-4_5,<아일랜드> (2000=100) 꺾은선형에 대해 알려주세요,0,0,0,0
MI3_240820_TY1_1866_6_V02-1_1,숙련도별 취업자 증감 차트(세로 막대형)에 대해 알려주세요,0,0,0,0
MI3_240820_TY1_1870_1_V01_1,장외파생상품 종류 업무처리자동화 비율 차트에 대해 알려주세요,0,0,0,0
MI3_240820_TY1_1870_2_V01_1,주요 장외파생상품거래의 CCP 이용현황(추정) 차트(세로 막대형)에 대해 알려주세요,0,0,0,0
MI3_240820_TY1_1870_3_V01_1,4 국제기준 제정의 의의 V에 대해 알려주세요,0,0,0,0
MI3_240820_TY1_1870_4_V01_2,장외파생상품 신규 거래 기존 거래 표에 대해 알려주세요,0,0,0,0
MI3_240820_TY1_1879_1_V02-8_1,중견기업 업체수 추이 혼합형에 대해 알려주세요,0,0,0,0
MI3_240820_TY1_1879_2_V02-2_2,종업원수 규모에 따른 분포 차트(가로 막대형)에 대해 알려주세요,0,0,0,0
MI3_240820_TY1_1879_3_V02-2_1,자산규모에 따른 분포 차트(가로 막대형)에 대해 알려주세요,0,0,0,0
MI3_240820_TY1_1879_4_V02-2_1,매출규모에 따른 분포 차트(가로 막대형)에 대해 알려주세요,0,0,0,0
MI3_240820_TY1_1879_5_V02-4_2,업종별 부가가치율 추이 차트(꺾은선형)에 대해 알려주세요,0,0,0,0
MI3_240820_TY1_1902_1_V02-4_1,MSCI 주가지수 차트(꺾은선형)에 대해 알려주세요,0,0,0,0
MI3_240820_TY1_1902_2_V02-4_2,2차산업과 3차산업 성장률 차트(꺾은선형)에 대해 알려주세요,0,0,0,0
MI3_240820_TY1_1902_3_V02-4_1,소비지출 및 투자지출 성장률 차트(꺾은선형)에 대해 알려주세요,0,0,0,0
MI3_240820_TY1_1902_4_V02-4_2,위안화 환율 차트(꺾은선형)에 대해 알려주세요,0,0,0,0
MI3_240820_TY1_1902_5_V02-8_1,경상수지 변동 외환보유액에 대해 알려주세요,0,0,0,0
MI3_240820_TY1_1925_2_V02-1_1,일반보증 금액별 보증현황 차트(세로 막대형)에 대해 알려주세요,0,0,0,0
MI3_240820_TY1_1948_1_V02-4_1,제조업 출하 및 재고 증감률 꺾은선형에 대해 알려주세요,0,0,0,0
MI3_240820_TY1_1948_2_V02-4_1,대형소매점판매 및 승용차신규등록대수 꺾은선형 차트에 대해 알려주세요,0,0,0,0
MI3_240820_TY1_1948_3_V02-8_1,대구경북지역 수출입 혼합형에 대해 알려주세요,0,0,0,0
MI3_240820_TY1_1972_1_V01_1,대전지역 설비투자 관련 지표 차트(세로 막대형)에 대해 알려주세요,0,0,0,0
MI3_240820_TY1_1972_2_V02-8_1,(혼합형) 차트에 대해 알려주세요,0,0,0,0
MI3_240820_TY1_1972_3_V02-8_1,취업자수 증감 및 실업률 차트(혼합형)에 대해 알려주세요,0,0,0,0
MI3_240820_TY1_1972_4_V02-4_1,소비자물가 상승률 차트(꺾은선형)에 대해 알려주세요,0,0,0,0
MI3_240820_TY1_1972_5_V02-4_1,주택 매매 및 전세가격 상승률 차트(꺾은선형)에 대해 알려주세요,0,0,0,0
MI3_240820_TY1_1992_1_V02-4_2,인천지역 소비관련 주요 지표 꺾은선형 차트에 대해 알려주세요,0,0,0,0
MI3_240820_TY1_1992_2_V02-8_2,인천지역 건축허가면적 혼합형에 대해 알려주세요,0,0,0,0
MI3_240820_TY1_1992_3_V02-8_1,인천지역 수출의 품목별·국가별 동향 혼합형에 대해 알려주세요,0,0,0,0
MI3_240820_TY1_1992_4_V02-8_1,T01 T02 T03 혼합형에 대해 알려주세요,0,0,0,0
MI3_240820_TY1_1999_1_V02-1_1,강원지역 금융기관 여신 증감액 추이에 대해 알려주세요,0,0,0,0
MI3_240820_TY1_1999_2_V01_1,예금은행 중소기업대출 추이 표에 대해 알려주세요,0,0,0,0
MI3_240820_TY1_1999_3_V01_1,금융기관 주택담보대출 동향 표에 대해 알려주세요,0,0,0,0
MI3_240820_TY1_1999_4_V01_1,자산운용사 수신 동향 표에 대해 알려주세요,0,0,0,0
MI3_240820_TY1_2055_1_V02-4_1,"구인배율, 구인충족률, 취업성공률 추이에 대해 알려주세요",0,0,0,0
MI3_240820_TY1_2055_2_V02-4_1,나이 미스매치 지수 차트(꺾은선형)에 대해 알려주세요,0,0,0,0
MI3_240820_TY1_2055_3_V02-4_1,Mot와 MR 비교 꺾은선형 차트에 대해 알려주세요,0,0,0,0
MI3_240820_TY1_2062_1_V02-4_1,Yes확률 차트(꺾은선형)에 대해 알려주세요,0,0,0,0
MI3_240820_TY1_2062_2_V01_2,최고 최소 최종응답현황 표에 대해 알려주세요,0,0,0,0
MI3_240820_TY1_2062_3_V02-4_1,Logit Model의 결과 꺾은선형 차트에 대해 알려주세요,0,0,0,0
MI3_240820_TY1_2067_1_V02-4_2,<Figure 2> 차트(꺾은선형)에 대해 알려주세요,0,0,0,0
MI3_240821_TY1_0006_1_V01_2,제1주제: 제19대 국회 성 인지성 제고를 위한 제언 표에 대해 알려주세요,0,0,0,0
MI3_240821_TY1_0006_2_V02-1_1,제16대~제18대 전반기 상임위별 소관 대표발의 현황 차트에 대해 알려주세요,0,0,0,0
MI3_240821_TY1_0006_3_V02-2_1,여성관련 법률안 시기별 현황 차트(가로 막대형)에 대해 알려주세요,0,0,0,0
MI3_240821_TY1_0006_4_V01_1,<표 5> 제16대~제18대 전반기 여성 의원의 의정활동 차트(세로 막대형)에 대해 알려주세요,0,0,0,0
MI3_240821_TY1_0062_2_V01_1,김정은체제와 한반도정세에 관련된 내용과 통계 차트에 대해 알려주세요,0,0,0,0
MI3_240821_TY1_0062_3_V01_1,발표문 Ⅲ 일자 주요 내용 차트에 대해 알려주세요,0,0,0,0
MI3_240821_TY1_0063_1_V01_1,국회 선진화법과 제19대 국회운영 전망에 대해 알려주세요,0,0,0,0
MI3_240821_TY1_0063_2_V01_1,민주화 이후 역대 국회별법안 제안 현황에 대해 알려주세요,0,0,0,0
MI3_240821_TY1_0063_3_V01_1,국회 선진화법과 제19대 국회운영에 대한 문서에서의 응답 내용을 기반으로 한 차트에 대해 알려주세요,0,0,0,0
MI3_240821_TY1_0073_3_V01_1,한국 여성의 미국 일본 · 오스트레일리아 진출 관련 고소득 취업보장 및 인터넷 광고에 대해 알려주세요,0,0,0,0
MI3_240821_TY1_0076_1_V01_1,[표 5] 지역규모별 기초학력 미달 학생 비율(2005년) 차트(세로 막대형)에 대해 알려주세요,0,0,0,0
MI3_240821_TY1_0083_1_V01_1,한국형 금융ADR의 제도모델에 대한 표에 대해 알려주세요,0,0,0,0
MI3_240821_TY1_0083_2_V01_1,금융소비자보호의 법적 과제와 전망과 금융ADR의 제도모델 차트에 대해 알려주세요,0,0,0,0
MI3_240821_TY1_0083_3_V01_1,한국형 금융ADR의 제도모델과 관련된 법률 시행령 분쟁조정 절차에 대해 알려주세요,0,0,0,0
MI3_240821_TY1_0083_4_V01_1,법률 시행령 분쟁조정세칙에 대해 알려주세요,0,0,0,0
MI3_240821_TY1_0095_1_V01_1,토론문 1 특수고용노동자 노동3권 보장과 노조법 제2조에 대해 알려주세요,0,0,0,0
MI3_240821_TY1_0095_2_V01_1,국회입법조사처·복지노동포럼 공동세미나 특수형태근로종사자 보호를 위한 임금분포 차트에 대해 알려주세요,0,0,0,0
MI3_240821_TY1_0095_3_V01_2,토론문 1 특수고용노동자 노동3권 보장과 <표> 임금근로자의 노동조합 가입 비율에 대해 알려주세요,0,0,0,0
MI3_240821_TY1_0095_4_V01_1,국회입법조사처·복지노동포럼 공동세미나 특수형태근로종사자 보호를 위한 차트(세로 막대형)에 대해 알려주세요,0,0,0,0
MI3_240821_TY1_0095_5_V01_1,토론문 1 정부안 민주노총입장에 대해 알려주세요,0,0,0,0
MI3_240821_TY1_0111_2_V01_1,"정책토론회 빚더미 정부재정, 산출과 관리에 대해 알려주세요.",0,0,0,0
MI3_240821_TY1_0111_5_V01_1,"정책토론회 빚더미 정부재정, 산출과 관리 어떻게 할 것인가? 국가결산 일반정부 공공부문 구분 부채에 대해 알려주세요",0,0,0,0
MI3_240821_TY1_0116_1_V02-6_1,2014년 세법개정의 쟁점과 과제 차트(분산형)에 대해 알려주세요,0,0,0,0
MI3_240821_TY1_0116_2_V01_3,2014년 세법개정의 쟁점과 과제 표에 대해 알려주세요,0,0,0,0
MI3_240821_TY1_0116_3_V01_1,세액감면 중소기업 일반법인 세액감면종류 구분 표에 대해 알려주세요,0,0,0,0
MI3_240821_TY1_0116_4_V01_1,2014년 세법개정의 쟁점과 과제에 대해 알려주세요,0,0,0,0
MI3_240821_TY1_0129_1_V02-1_1,공직자의 인성과 윤리성: 현상과 발전방향 차트(세로 막대형)에 대해 알려주세요,0,0,0,0
MI3_240821_TY1_0129_3_V01_1,주제발표. 공직자의 인성과 윤리성: 현상과 발전방향에 대해 알려주세요,0,0,0,0
MI3_240821_TY1_0129_4_V01_1,공직자의 인성과 윤리와 관련된 내용에서 순번과 인성덕목 구성내용을 담고 있는 차트에 대해 알려주세요.,0,0,0,0
MI3_240821_TY1_0129_6_V01_1,공직자의 인성과 윤리와 안전업무 담당자의 의사결정 행위 유형에 대해 알려주세요,0,0,0,0
MI3_240821_TY1_0132_1_V01_1,발제 북한경제특구 진출기업에 대한 지원정책방향과 과제 차트에 대해 알려주세요,0,0,0,0
MI3_240821_TY1_0132_2_V01_2,<표2> 중앙급 경제특구의 현황에 대해 알려주세요,0,0,0,0
MI3_240821_TY1_0132_3_V01_1,발제. 북한경제특구 진출기업에 대한 지원정책방향과 과제와 관련하여 수집된 데이터에 대해 알려주세요.,0,0,0,0
MI3_240821_TY1_0132_4_V01_1,투자액 지역 면적 주요 산업 차트(세로 막대형)에 대해 알려주세요,0,0,0,0
MI3_240821_TY1_0175_1_V01_1,"CYS-Net 기능별 관련 기관, 단체 및 개인전문가 차트에 대해 알려주세요",0,0,0,0
MI3_240821_TY1_0182_1_V02-1_1,내수와 순수출의 성장기여도에 대해 알려주세요,0,0,0,0
MI3_240821_TY1_0182_2_V01_1,대중국 품목별 가공무역 수출에 대해 알려주세요,0,0,0,0
MI3_240821_TY1_0182_3_V02-4_1,나. 중기전망 및 [그림 8] 세계경제성장률과 국내경제성장률 전망에 대해 알려주세요,0,0,0,0
MI3_240821_TY1_0182_4_V01_1,수출디플레이터와 수입디플레이터 상승률 추이 표에 대해 알려주세요,0,0,0,0
MI3_240821_TY1_0182_5_V02-1_1,국회예산정책처와 행정부의 경상성장률 전망치 비교 차트(세로 막대형)에 대해 알려주세요,0,0,0,0
MI3_240821_TY1_0183_1_V02-1_1,[그림 4] OECD 회원국의 합계출산율에 대해 알려주세요,0,0,0,0
MI3_240821_TY1_0183_2_V01_1,15~49세 여성인구에 대한 연도별 데이터에 대해 알려주세요,0,0,0,0
MI3_240821_TY1_0183_3_V01_1,2017년 시군구별 0~5세 아동보육 공급률 표에 대해 알려주세요,0,0,0,0
MI3_240821_TY1_0183_4_V01_1,2017년 시군구별 0~5세 국공립 어린이집 공급률에 대해 알려주세요,0,0,0,0
MI3_240821_TY1_0191_1_V02-4_1,나. 중장기 과세방안 적용시 세수효과 차트(꺾은선형)에 대해 알려주세요,0,0,0,0
MI3_240821_TY1_0191_2_V02-8_1,주식양도차익 제도 확장에 따른 세수효과 및 과세대상인원에 대해 알려주세요,0,0,0,0
MI3_240821_TY1_0191_3_V01_1,T01 T02 T03 표에 대해 알려주세요,0,0,0,0
MI3_240821_TY1_0191_4_V02-1_1,가. 주식시장이 호황인 경우에 대해 알려주세요,0,0,0,0
MI3_240821_TY1_0210_2_V01_1,현 정부의 미래성장동력 정책 및 주요내용 차트에 대해 알려주세요,0,0,0,0
MI3_240821_TY1_0252_1_V01_1,고용보험 국민연금 건강보험에 대해 알려주세요,0,0,0,0
MI3_240821_TY1_0252_2_V02-4_1,전년대비 실업자 수 및 구직급여 지출액 증가분 추이에 대해 알려주세요,0,0,0,0
MI3_240821_TY1_0252_3_V01_1,고용보험 재정기준선 전망과 과제 및 육아휴직급여 제도변화에 따른 재정소요에 대해 알려주세요,0,0,0,0
MI3_240821_TY1_0252_4_V02-8_2,육아휴직급여 제도변화에 따른 지출 및 누적적립금 차트(혼합형)에 대해 알려주세요,0,0,0,0
MI3_240821_TY1_0252_5_V02-1_1,모성보호급여의 재원분담 차트(세로 막대형)에 대해 알려주세요,0,0,0,0
MI3_240821_TY1_0255_1_V02-1_1,대/중소기업별 인력부족율 차트(세로 막대형)에 대해 알려주세요,0,0,0,0
MI3_240821_TY1_0255_2_V02-1_1,연도별 분야별 직업훈련사업 현황 차트(세로 막대형)에 대해 알려주세요,0,0,0,0
MI3_240821_TY1_0255_4_V02-1_1,대/중소기업별 인력부족율 차트(세로 막대형)에 대해 알려주세요,0,0,0,0
MI3_240821_TY1_0255_5_V02-1_1,기업규모별 사업주 직업능력개발사업 지원현황 차트(세로 막대형)에 대해 알려주세요,0,0,0,0
MI3_240821_TY1_0261_1_V01_2,I 결산 개요 1 현황 [2019회계연도 대통령비서실 및 국가안보실 소관 세출 결산] 표에 대해 알려주세요,0,0,0,0
MI3_240821_TY1_0261_2_V01_1,대통령비서실 및 국가안보실의 재정운영결과 표에 대해 알려주세요,0,0,0,0
MI3_240821_TY1_0261_3_V01_2,가. 세입 · 세출 결산 2019회계연도 대통령경호처 소관 세출 결산 예산 표에 대해 알려주세요,0,0,0,0
MI3_240821_TY1_0261_4_V01_1,2019년 영상 보고서 제작 현황 및 보고서명 집행액에 대해 알려주세요.,0,0,0,0
MI3_240821_TY1_0268_2_V02-8_1,아태사이버범죄 개도국 허브 사업의 운영 방식과 관련하여 혼합형 차트에 대해 알려주세요,0,0,0,0
MI3_240821_TY1_0268_4_V02-8_1,사건접수 사건처리 혼합형 차트에 대해 알려주세요,0,0,0,0
MI3_240821_TY1_0283_2_V03_1,재원이전 현황에 대한 다이어그램에 대해 알려주세요,0,0,0,0
MI3_240821_TY1_0283_3_V03_1,분쟁조정 사건처리 절차에 대해 알려주세요.,0,0,0,0
MI3_240821_TY1_0283_5_V01_1,해운보증기구 사업 집행 절차와 해양보증보험 연도별 자본유치 계획 및 실적 차트에 대해 알려주세요,0,0,0,0
MI3_240821_TY1_0308_3_V03_1,기 개방 공공데이터 관련 다이어그램에 대해 알려주세요,0,0,0,0
MI3_240821_TY1_0318_3_V01_1,플랫폼 운영조직 체계 및 인력 현황 차트(세로 막대형)에 대해 알려주세요,0,0,0,0
MI3_240821_TY1_0322_3_V01_1,[2023년도 소년원생 급량비 세부 편성 내역] 표에 대해 알려주세요,0,0,0,0
MI3_240821_TY1_0345_2_V03_1,사업 추진절차 ICT기금사업 협약에 대해 알려주세요,0,0,0,0
MI3_240821_TY1_0345_3_V02-8_1,연구자 주도 기초연구 사업의 유형별 수혜 현황 혼합형에 대해 알려주세요,0,0,0,0
MI3_240821_TY1_0370_1_V02-2_1,교육문제와 저출산에 대해 알려주세요,0,0,0,0
MI3_240821_TY1_0370_2_V02-1_1,국가별 청소년 삶의 만족도 차트(세로 막대형)에 대해 알려주세요,0,0,0,0
MI3_240821_TY1_0370_3_V02-1_1,초중등교육과정 정부부담 및 민간부담 공교육비의 상대적 비중 차트(세로 막대형)에 대해 알려주세요,0,0,0,0
MI3_240821_TY1_0387_2_V01_1,예술인생활안정자금(융자)사업의 절차에 대해 알려주세요,0,0,0,0
MI3_240821_TY1_0387_3_V03_1,2020~2026년 축구 리그 도입 로드맵 다이어그램에 대해 알려주세요,0,0,0,0
MI3_240821_TY1_0387_5_V03_1,[2020년도 문화재청 소관 회계 · 기금 간 재원이전 현황] 다이어그램에 대해 알려주세요,0,0,0,0
MI3_240821_TY1_0394_2_V03_1,회계· 기금 간 재원이전 현황 다이어그램에 대해 알려주세요,0,0,0,0
MI3_240821_TY1_0394_3_V01_1,2024년도 비축사업 계획안 현황 표에 대해 알려주세요,0,0,0,0
MI3_240821_TY1_0394_5_V03_1,[회계 · 기금 간 재원이전 현황] 다이어그램에 대해 알려주세요,0,0,0,0
MI3_240821_TY1_0437_2_V01_1,2020년 보육료 지원 체계 표에 대해 알려주세요,0,0,0,0
MI3_240821_TY1_0463_2_V02-4_1,북한의 GDP 꺾은선형 그래프에 대해 알려주세요,0,0,0,0
MI3_240821_TY1_0463_3_V02-4_1,남북한 인구증가율 꺾은선형에 대해 알려주세요,0,0,0,0
MI3_240821_TY1_0463_4_V02-4_1,다. 산업동향의 꺾은선형 차트에 대해 알려주세요,0,0,0,0
MI3_240821_TY1_0463_5_V01_1,북한 산업구조 변화 표에 대해 알려주세요,0,0,0,0
MI3_240821_TY1_0465_1_V02-4_1,T01 T02 T03 꺾은선형에 대해 알려주세요,0,0,0,0
MI3_240821_TY1_0465_3_V02-4_1,확대통화정책 충격반응함수 차트(꺾은선형)에 대해 알려주세요,0,0,0,0
MI3_240821_TY1_0478_2_V01_1,주요 작업 및 각 OECD 국가 그룹 별 특성 및 지표 별 연관성 차트에 대해 알려주세요,0,0,0,0
MI3_240821_TY1_0494_1_V02-4_2,소비자 평가지수 및 기업경기 실사지수 추이 차트(꺾은선형)에 대해 알려주세요,0,0,0,0
MI3_240821_TY1_0494_2_V02-4_1,수·출입 증가율 추이에 대한 꺾은선형 차트에 대해 알려주세요,0,0,0,0
MI3_240821_TY1_0494_3_V02-4_1,"주가, 금리·환율 변동 추이 차트(꺾은선형)에 대해 알려주세요",0,0,0,0
MI3_240821_TY1_0494_4_V02-3_1,국고채의 종류별 비중에 대한 차트(원형)에 대해 알려주세요,0,0,0,0
MI3_240821_TY1_0502_1_V02-3_1,2005년도 예산안의 사업형태별 비중에 대해 알려주세요,0,0,0,0
MI3_240821_TY1_0505_1_V02-4_1,에 대한 의 꺾은선형 차트에 대해 알려주세요,0,0,0,0
MI3_240821_TY1_0505_2_V02-4_1,[그림 2] 건물의 거래건수에 대한 동태적 변화(시나리오 1) 차트(꺾은선형)에 대해 알려주세요,0,0,0,0
MI3_240821_TY1_0505_3_V02-1_1,2. 세수추계에 대한 4000cc 이상 차량 대수 막대형 차트에 대해 알려주세요,0,0,0,0
MI3_240821_TY1_0505_4_V02-4_1,장애인 LPG 차량연료 사용량 및 2005년 전망에 대해 알려주세요,0,0,0,0
MI3_240821_TY1_0513_1_V01_1,Ⅲ. 조사결과 요약 1. 주거 및 주거환경 지역별 주택유형 표에 대해 알려주세요,0,0,0,0
MI3_240821_TY1_0513_2_V01_1,소득계층별 주택유형 표에 대해 알려주세요,0,0,0,0
MI3_240821_TY1_0513_3_V02-1_1,지역별 점유형태 차트(원형)에 대해 알려주세요,0,0,0,0
MI3_240821_TY1_0513_4_V01_2,<표 8> 차트(가로 막대형)에 대해 알려주세요,0,0,0,0
MI3_240821_TY1_0516_1_V01_1,제목에 포함된 내용과 관련하여 저소득층 생업자금 지원 조건 및 기타 융자정보에 대해 알려주세요.,0,0,0,0
MI3_240821_TY1_0516_3_V02-8_1,2006년 신항만건설사업 예산안 특징 차트(혼합형)에 대해 알려주세요,0,0,0,0
MI3_240821_TY1_0516_4_V01_1,[표 5] 교통시설특별회계 각 계정별 예산에 대해 알려주세요,0,0,0,0
MI3_240821_TY1_0532_1_V01_1,제목에 해당하는 내용을 바탕으로 지역별 자녀와의 동거 희망에 대한 의견 표에 대해 알려주세요,0,0,0,0
MI3_240821_TY1_0532_2_V02-1_2,제목에 따른 상황별 노후 희망 거주 형태 차트(세로 막대형)에 대해 알려주세요,0,0,0,0
MI3_240821_TY1_0532_3_V02-1_2,제목에 해당하는 내용을 기반으로 노인 개인에 대한 차트(세로 막대형)에 대해 알려주세요.,0,0,0,0
MI3_240821_TY1_0549_1_V01_1,소득세법 주요 개정 내용과 관련된 차트에 대해 알려주세요,0,0,0,0
MI3_240821_TY1_0549_2_V01_1,법인세율 및 최저한세율의 변화 차트(세로 막대형)에 대해 알려주세요,0,0,0,0
MI3_240821_TY1_0549_3_V02-8_1,세제개편으로 인한 세수변화 계산 방식의 차이에 대해 알려주세요,0,0,0,0
MI3_240821_TY1_0551_1_V01_1,기금 자산 부채 현황에 대해 알려주세요,0,0,0,0
MI3_240821_TY1_0551_2_V02-4_1,2006~2008년도 기금유형별 순자산 추이에 대해 알려주세요,0,0,0,0
MI3_240821_TY1_0551_3_V02-1_1,2007~2008년도 기금유형별 여유자금 운용 규모 추이에 대해 알려주세요,0,0,0,0
MI3_240821_TY1_0555_1_V01_1,기초원천연구에 대한 투자와 R&D 성과지표 측정방법 차트(세로 막대형)에 대해 알려주세요,0,0,0,0
MI3_240821_TY1_0555_2_V01_1,성과지표 및 측정방법 차트에 대해 알려주세요,0,0,0,0
MI3_240821_TY1_0555_3_V01_1,연구역랑을 강화하고 경쟁력 있는 사학을 육성한다에 대해 알려주세요,0,0,0,0
MI3_240821_TY1_0558_3_V01_1,"이 문서에서는 기관명 회계와 관련된 공단 운영비에 대해 다루고 있으며, 이와 관련된 시각적 요소인 표에 대해 알려주세요.",0,0,0,0
MI3_240821_TY1_0560_2_V01_1,[표 1] 2008년도 회계별 세출예산안 현황에 대해 알려주세요,0,0,0,0
MI3_240821_TY1_0560_3_V01_1,2004~2006 청년층의 직장체험 형태 표에 대해 알려주세요,0,0,0,0
MI3_240821_TY1_0567_4_V02-1_1,미국과 캐나다 역시 신용카드 비중과 직불카드 비중이 크게 차이가 나지 않고 있다. GDP 대비 신용카드와 직불카드의 이용 비중 차트에 대해 알려주세요.,0,0,0,0
MI3_240821_TY1_0567_5_V02-4_1,소득분위별 가구당 월평균 실질소득 추이에 대해 알려주세요,0,0,0,0
MI3_240821_TY1_0572_3_V01_1,[표 3] 표에 대해 알려주세요,0,0,0,0
MI3_240821_TY1_0591_1_V01_1,교육과학기술부 국제공동연구 및 인력교류사업 비교 표에 대해 알려주세요,0,0,0,0
MI3_240821_TY1_0591_2_V01_1,2009년도 WCU사업 예산안 현황에 대한 차트(세로 막대형)에 대해 알려주세요,0,0,0,0
MI3_240821_TY1_0591_3_V01_1,WCU사업 세부 내역 차트(세로 막대형)에 대해 알려주세요,0,0,0,0
MI3_240821_TY1_0635_1_V01_1,고령자 및 여성 고용촉진 컨설팅 예산변경 현황 표에 대해 알려주세요,0,0,0,0
MI3_240821_TY1_0635_2_V01_1,무공영예수당 예산 변경 현황에 대해 알려주세요,0,0,0,0
MI3_240821_TY1_0635_3_V01_2,[표 8] 참전명예수당의 이·전용 및 조정을 통한 감액 현황 표에 대해 알려주세요,0,0,0,0
MI3_240821_TY1_0653_1_V02-4_1,Ⅱ. 주요사업의 성과와 중기재정계획의 연계 중기계획 차트(꺾은선형)에 대해 알려주세요,0,0,0,0
MI3_240821_TY1_0653_2_V01_1,Ⅱ. 농림·수산·식품 분야 주요사업의 재정소요에 대해 알려주세요,0,0,0,0
MI3_240821_TY1_0653_3_V02-2_1,농림·수산·식품 분야의 주요 지표 및 환경오염 부하 경감 차트(가로 막대형)에 대해 알려주세요,0,0,0,0
MI3_240821_TY1_0656_1_V02-1_1,총수입 증가폭 추이 차트(세로 막대형)에 대해 알려주세요,0,0,0,0
MI3_240821_TY1_0656_2_V01_1,BOX 6. 2012년 세수전망과 국세탄력성에 대해 알려주세요,0,0,0,0
MI3_240821_TY1_0656_3_V02-1_1,국세증가율 (%) 차트(세로 막대형)에 대해 알려주세요,0,0,0,0
MI3_240821_TY1_0656_4_V02-8_1,2011~2015년 전망 및 양도소득세수 증가율 혼합형에 대해 알려주세요,0,0,0,0
MI3_240821_TY1_0670_1_V01_1,우리나라의 재정위험 분류와 관련된 직접채무 및 민간투자 사업에 대해 알려주세요,0,0,0,0
MI3_240821_TY1_0705_1_V01_2,[표 8] 차트(세로 막대형)에 대해 알려주세요,0,0,0,0
MI3_240821_TY1_0743_2_V01_1,리경로에서 소비변동의 요인별 기여율 차트에 대해 알려주세요,0,0,0,0
MI3_240821_TY1_0743_3_V02-8_1,"제목에 포함된 데이터의 시각적 표현으로서, 원/엔 환율과 대일 무역수지 혼합형 차트에 대해 알려주세요.",0,0,0,0
MI3_240821_TY1_0773_1_V02-2_2,2013년 주요기관별 성인지 결산 대상사업 및 집행액 가로 막대형에 대해 알려주세요,0,0,0,0
MI3_240821_TY1_0773_2_V01_1,법무부의 결산 자료에 대한 표 형식의 정보에 대해 알려주세요.,0,0,0,0
MI3_240821_TY1_0773_3_V01_1,성평등 목표 현황 표에 대해 알려주세요,0,0,0,0
MI3_240821_TY1_0784_1_V02-7_1,이 문서의 제목에 따른 분야별 재원배분의 전년대비 및 연평균 증가율 비교 차트에 대해 알려주세요,0,0,0,0
MI3_240821_TY1_0784_2_V02-4_1,실질 GDP 성장률 꺾은선형에 대해 알려주세요,0,0,0,0
MI3_240821_TY1_0784_3_V02-5_1,금번 국가재정운용계획과 관련하여 우리나라의 인구 구조 변화와 장기적인 재정에 대해 알려주세요.,0,0,0,0
MI3_240821_TY1_0788_3_V01_1,[표 78] 가업승계세제 개정안의 내용에 대해 알려주세요,0,0,0,0
MI3_240821_TY1_0798_2_V02-8_1,보건·복지·고용 분야 총지출 예산 전년대비 증가율 차트(혼합형)에 대해 알려주세요,0,0,0,0
MI3_240821_TY1_0798_3_V02-4_1,이 문서에서 국가재정운용계획의 SOC 비중 현황을 나타내는 차트에 대해 알려주세요,0,0,0,0
MI3_240821_TY1_0809_2_V01_1,댐 건설 사업 결산 현황 표에 대해 알려주세요,0,0,0,0
MI3_240821_TY1_0809_3_V01_1,댐 건설 사업의 사업기간 변동 현황 표에 대해 알려주세요,0,0,0,0
MI3_240821_TY1_0814_3_V01_3,경력단절여성 취업지원과 취업성공패키지지원 비교에 대해 알려주세요,0,0,0,0
MI3_240821_TY1_0831_1_V01_2,2015 도시교통 ATMS 요일별 교통량에 대해 알려주세요,0,0,0,0
MI3_240821_TY1_0831_2_V01_1,제2장 종합 분석 2.2 속도 통계 자료에 대해 알려주세요,0,0,0,0
MI3_240821_TY1_0831_3_V01_1,2015 도시교통 기초조사 본 과업에서는 인천광역시의 ITS 속도정보와 민간기업의 속도정보 자료에 대해 알려주세요,0,0,0,0
MI3_240821_TY1_0848_1_V01_1,2015년도 예산안에 대한 표 내용에 대해 알려주세요,0,0,0,0
MI3_240821_TY1_0859_1_V02-8_1,2. 중기 재정운용 차트(혼합형)에 대해 알려주세요,0,0,0,0
MI3_240821_TY1_0859_3_V02-4_2,고용률 추이 차트(꺾은선형)에 대해 알려주세요,0,0,0,0
MI3_240821_TY1_0860_3_V02-8_1,임업 · 산촌 예산 추이와 관련된 차트(혼합형)에 대해 알려주세요,0,0,0,0
MI3_240821_TY1_0860_4_V02-8_1,에 대한 예산 추이에 대해 알려주세요,0,0,0,0
MI3_240821_TY1_0864_3_V02-3_1,[그림 1] 2014년 학부과정 입학생의 지역별 현황 차트(원형)에 대해 알려주세요,0,0,0,0
MI3_240821_TY1_0874_1_V02-4_1,이 문서의 제목에 대한 꺾은선형 차트에 대해 알려주세요,0,0,0,0
MI3_240821_TY1_0874_2_V02-8_1,은행형 금융공공기관의 고정이하 여신비율과 관련된 혼합형 차트에 대해 알려주세요,0,0,0,0
MI3_240821_TY1_0874_3_V02-4_1,(나) 전원별 발전원가와 정산단가 비교 분석과 관련하여 꺾은선형 차트에 대해 알려주세요,0,0,0,0
MI3_240821_TY1_0883_2_V01_1,주요 현안 분석 예산액 연도 예산현액 징수결정액 수납액 미수납액 본예산 추경에 대해 알려주세요,0,0,0,0
MI3_240821_TY1_0883_3_V01_1,2015년 1분기 집행지연 유형별 현황 차트(세로 막대형)에 대해 알려주세요,0,0,0,0
MI3_240821_TY1_0894_1_V01_1,2016 세법개정의 쟁점과 과제 본문 프로그램 기부에 대해 알려주세요,0,0,0,0
MI3_240821_TY1_0894_2_V01_1,외교관 출국장 면세점 현황 표에 대해 알려주세요,0,0,0,0
MI3_240821_TY1_0894_3_V01_1,법인세법 개정안 비교표 표에 대해 알려주세요,0,0,0,0
MI3_240821_TY1_0934_2_V01_1,국세 및 지방세 구조 차트에 대해 알려주세요,0,0,0,0
MI3_240821_TY1_0952_1_V02-4_1,중국 부동산시장 투자 및 은행건전성 현황 차트(꺾은선형)에 대해 알려주세요,0,0,0,0
MI3_240821_TY1_0952_2_V02-1_1,2017년 일본경제 전망에 대해 알려주세요,0,0,0,0
MI3_240821_TY1_0952_3_V02-4_1,브라질의 소비자물가상승률과 정책금리 추이에 대해 알려주세요,0,0,0,0
MI3_240821_TY1_0958_1_V02-8_1,3 가계부채와 주택경기 활성화 차트(혼합형)에 대해 알려주세요,0,0,0,0
MI3_240821_TY1_0958_2_V02-8_1,주택경기 활성화 정책과 가계부채 대책에 대해 알려주세요.,0,0,0,0
MI3_240821_TY1_0977_3_V02-8_1,2017 조세의 이해와 쟁점 차트(혼합형)에 대해 알려주세요,0,0,0,0
MI3_240821_TY1_0977_4_V02-8_1,2017 조세의 이해와 쟁점 5. 세액공제 및 세액감면 법인세 조세지출액과 비중 추이에 대해 알려주세요,0,0,0,0
MI3_240821_TY1_0982_1_V02-4_1,조세지출 운용현황 차트(꺾은선형)에 대해 알려주세요,0,0,0,0
MI3_240821_TY1_0982_2_V02-4_1,[그림 2] 차트(꺾은선형)에 대해 알려주세요,0,0,0,0
MI3_240821_TY1_0982_3_V02-4_1,2017 조세의 이해와 쟁점과 관련된 차트(꺾은선형)에 대해 알려주세요,0,0,0,0
MI3_240821_TY1_0982_4_V02-4_1,2017 조세의 이해와 쟁점에 대해 알려주세요. 자녀장려금 지급 금액에 대해 알려주세요.,0,0,0,0
MI3_240821_TY1_1000_1_V02-8_1,법안비용추계서에 대한 혼합형 차트에 대해 알려주세요,0,0,0,0
MI3_240821_TY1_1000_2_V01_1,대상 연평균 구분 기준 공동주택 수 추가재정소요 표에 대해 알려주세요,0,0,0,0
MI3_240821_TY1_1001_1_V02-1_1,2018 시행 개정세법의 주요 내용 및 정부 세법개정안의 수정가결 및 대안반영 비율에 대해 알려주세요.,0,0,0,0
MI3_240821_TY1_1001_2_V02-1_1,정규직근로자 비정규직근로자 차트(세로 막대형)에 대해 알려주세요,0,0,0,0
MI3_240821_TY1_1001_3_V02-1_1,정부 세법개정안의 수정가결 및 대안반영 비율 차트(세로 막대형)에 대해 알려주세요,0,0,0,0
MI3_240821_TY1_1009_1_V02-8_1,복지분야 의무지출의 혼합형 차트에 대해 알려주세요,0,0,0,0
MI3_240821_TY1_1009_2_V02-8_1,지방정부 순채무 추이에 대한 혼합형 차트와 관련된 내용에 대해 알려주세요,0,0,0,0
MI3_240821_TY1_1009_3_V01_1,국가채무와 GDP 대비 국가채무 비율에 대한 표에 대해 알려주세요.,0,0,0,0
MI3_240821_TY1_1020_1_V02-1_1,National Assembly Budget Office의 실질 국내총생산(GDP) 차트(세로 막대형)에 대해 알려주세요,0,0,0,0
MI3_240821_TY1_1020_2_V02-8_1,이 문서의 제목과 관련된 내용에서 세계 경제 성장률에 대한 꺾은선형 차트에 대해 알려주세요.,0,0,0,0
MI3_240821_TY1_1020_3_V02-1_1,7. 고용에 대해 알려주세요,0,0,0,0
MI3_240821_TY1_1039_1_V02-4_1,I. 대내외 경제여건 1. 세계 경제여건 [그림 1]에 대해 알려주세요,0,0,0,0
MI3_240821_TY1_1039_2_V02-1_2,[소매업태별 소매판매액 비중 추이] 차트(가로 막대형)에 대해 알려주세요,0,0,0,0
MI3_240821_TY1_1039_3_V02-5_1,미분양주택 현황과 특징 차트(영역형)에 대해 알려주세요,0,0,0,0
MI3_240821_TY1_1046_2_V02-8_1,NABO 장기 재정전망: 사회보장기여금 차트(혼합형)에 대해 알려주세요,0,0,0,0
MI3_240821_TY1_1046_3_V02-3_1,NABO 장기 재정전망 결과 차트(원형)에 대해 알려주세요,0,0,0,0
MI3_240821_TY1_1046_4_V02-8_1,[그림 10] NABO 장기 재정전망 차트에 대해 알려주세요,0,0,0,0
MI3_240821_TY1_1050_2_V02-4_1,2.2 지상기상관측 2.2.1 종관기상관측 정상자료율(%)에 대해 알려주세요,0,0,0,0
MI3_240821_TY1_1050_3_V02-4_2,2019년 동안 운영한 레윈존데 지점 기온 정상자료율 꺾은선형에 대해 알려주세요,0,0,0,0
MI3_240821_TY1_1050_4_V02-4_1,2.4 해양기상관측 2.4.1 해양기상부이에 대해 알려주세요,0,0,0,0
MI3_240821_TY1_1050_5_V01_1,"2019년 9월 정상, 결측, 오류자료율 표에 대해 알려주세요",0,0,0,0
MI3_240821_TY1_1101_2_V01_1,제2장. 세입세출(수입지출)결산 분석 총괄 그래프에 대해 알려주세요,0,0,0,0
MI3_240821_TY1_1101_3_V01_1,제목에 해당하는 내용과 총괄 표에 대해 알려주세요,0,0,0,0
MI3_240821_TY1_1101_4_V01_1,회계별 세입결산 표에 대해 알려주세요,0,0,0,0
MI3_240821_TY1_1109_1_V02-1_1,외부의료시설 진료 건수 차트(세로 막대형)에 대해 알려주세요,0,0,0,0
MI3_240821_TY1_1109_2_V01_1,교정시설 의료인력 현황 표에 대해 알려주세요,0,0,0,0
MI3_240821_TY1_1109_3_V01_2,교정시설 방문조사 현황 표에 대해 알려주세요,0,0,0,0
MI3_240821_TY1_1109_4_V01_1,제5장 종교와 문화 제1절 종교 차트(세로 막대형)에 대해 알려주세요,0,0,0,0
MI3_240822_TY1_0010_1_V01_1,2020년도 공공기관 정부지원 예산안 총괄분석에 대한 차트(표)에 대해 알려주세요.,0,0,0,0
MI3_240822_TY1_0010_2_V01_2,2020년도 공공기관 정부지원 예산안 현황 본문 표에 대해 알려주세요,0,0,0,0
MI3_240822_TY1_0010_3_V01_2,공공기관 정부지원 예산(예산안) 표에 대해 알려주세요,0,0,0,0
MI3_240822_TY1_0010_4_V01_1,2020년도 공공기관 정부지원 예산안의 회계와 기금별 재원 현황을 보여주는 표에 대해 알려주세요,0,0,0,0
MI3_240822_TY1_0010_5_V01_1,2 예산안 증액 규모 상위 5개 기관에 대한 표에 대해 알려주세요,0,0,0,0
MI3_240822_TY1_0010_6_V01_1,제목에 포함된 내용을 기반으로 공공기관 고유사업과 관련된 보조사업의 다양한 형태에 대해 알려주세요,0,0,0,0
MI3_240822_TY1_0012_1_V01_1,II. 재정 총괄 분석 3 예산총칙안 분석 [2020년도 예산총칙안]에 대해 알려주세요,0,0,0,0
MI3_240822_TY1_0012_2_V01_1,II. 재정 총괄 분석에 대해 알려주세요,0,0,0,0
MI3_240822_TY1_0012_3_V01_1,제1부 총괄 분석 본문 표에 대해 알려주세요,0,0,0,0
MI3_240822_TY1_0012_4_V01_1,제1부 총괄 분석 본문 표에 대해 알려주세요,0,0,0,0
MI3_240822_TY1_0012_5_V01_1,Ⅳ 중앙선거관리위원회 본문 차트(세로 막대형)에 대해 알려주세요,0,0,0,0
MI3_240822_TY1_0024_1_V01_1,여 장서각 자료의 온라인 활용도 제고와 관련하여 1유형 평가지표에 대해 알려주세요.,0,0,0,0
MI3_240822_TY1_0024_2_V01_1,동반성장과 지역발전 유형별 가중치 표에 대해 알려주세요,0,0,0,0
MI3_240822_TY1_0024_3_V01_1,(3) 윤리·투명 경영 평가에 대한 표에 대해 알려주세요,0,0,0,0
MI3_240822_TY1_0024_4_V01_1,지표명 가중치 평점 득 점에 대해 알려주세요,0,0,0,0
MI3_240822_TY1_0024_5_V01_2,윤리·투명 경영 항목 평점을 정리한 표에 대해 알려주세요.,0,0,0,0
MI3_240822_TY1_0024_6_V01_1,제목에 포함된 병원신임 평가 점수와 관련된 표에 대해 알려주세요.,0,0,0,0
MI3_240822_TY1_0024_7_V01_1,2020년도 기관별 경영실적 평가 결과의 표에 대해 알려주세요,0,0,0,0
MI3_240822_TY1_0044_1_V01_2,병상당 의료장비비 및 집기비품비에 대해 알려주세요,0,0,0,0
MI3_240822_TY1_0044_2_V01_1,이 문서에서 유급휴가비 지원과 관련된 시각요소에 대해 알려주세요,0,0,0,0
MI3_240822_TY1_0044_3_V01_1,2021년 백신휴가비 지원 대상자 수 추정 차트에 대해 알려주세요,0,0,0,0
MI3_240822_TY1_0044_4_V01_1,2021 법안 비용추계 이해와 사례의 표에 대해 알려주세요.,0,0,0,0
MI3_240822_TY1_0044_5_V01_1,I 보건·복지분야 법안 비용추계 표에 대해 알려주세요,0,0,0,0
MI3_240822_TY1_0044_6_V01_1,제목에 대한 현행 개정안의 정의와 표에 대해 알려주세요.,0,0,0,0
MI3_240822_TY1_0047_1_V02-2_1,2021년 EU의 대외정책 전망과 한국의 대응방향에 대해 알려주세요,0,0,0,0
MI3_240822_TY1_0047_2_V02-1_1,2021년 국제정세 전망과 한국의 대응방향 2. 브렉시트 이후 영국 경제의 변화 (차트(가로 막대형))에 대해 알려주세요,0,0,0,0
MI3_240822_TY1_0047_3_V02-4_3,2021년 EU의 대외정책 전망과 한국의 대응방향에 대해 알려주세요.,0,0,0,0
MI3_240822_TY1_0047_4_V01_1,2021년 EU의 대외정책 전망과 한국의 대응방향에 대해 알려주세요,0,0,0,0
MI3_240822_TY1_0047_5_V01_1,2021년 국제정세 전망과 한국의 대응방향 시각요소 제목 V에 대해 알려주세요,0,0,0,0
MI3_240822_TY1_0050_3_V01_1,[표 1] 재정수반법률 추계 현황 표에 대해 알려주세요,0,0,0,0
MI3_240822_TY1_0050_4_V01_1,2021년 가결 재정수반법률과 관련된 추계 현황에 대해 알려주세요,0,0,0,0
MI3_240822_TY1_0050_5_V02-1_1,재정수반법률 현황: 제안자별 차트(세로 막대형)에 대해 알려주세요,0,0,0,0
MI3_240822_TY1_0050_6_V01_1,위원회별 재정수반법률 현황에 대해 알려주세요,0,0,0,0
MI3_240822_TY1_0050_7_V02-2_1,재정수반법률 현황에 대한 차트(가로 막대형)에 대해 알려주세요,0,0,0,0
MI3_240822_TY1_0051_1_V01_1,국회예산정책처가 제시한 2021년 세법개정안 중 국회수정사항의 세수효과 변동내역 표에 대해 알려주세요,0,0,0,0
MI3_240822_TY1_0051_2_V01_1,2021년 개정세법의 심사경과와 주요 내용 5 주요 심사 쟁점 표에 대해 알려주세요,0,0,0,0
MI3_240822_TY1_0051_3_V01_2,제목에 따라 유동수 의원안 주택 가액의 비과세 기준 및 고가주택의 양도소득 관련 사항에 대해 알려주세요,0,0,0,0
MI3_240822_TY1_0051_4_V01_1,2021년 개정세법의 심사경과와 주요 내용에 대해 알려주세요,0,0,0,0
MI3_240822_TY1_0051_5_V01_1,개관 및 현행 강병원 의원안과 양경숙 의원안에 대한 그래프 유형에 대해 알려주세요,0,0,0,0
MI3_240822_TY1_0051_6_V01_1,2021년 개정세법의 심사경과와 주요 내용에 대해 알려주세요,0,0,0,0
MI3_240822_TY1_0071_1_V02-8_2,관리수지와 국가채무의 비율 변화 차트(혼합형)에 대해 알려주세요,0,0,0,0
MI3_240822_TY1_0071_2_V02-3_1,한국판 뉴딜 본격 추진 차트(원형)에 대해 알려주세요,0,0,0,0
MI3_240822_TY1_0071_3_V01_1,국가재정운용계획에 대해 알려주세요,0,0,0,0
MI3_240822_TY1_0071_4_V02-4_1,포스트 코로나 장기 재정전망 차트(꺾은선형)에 대해 알려주세요,0,0,0,0
MI3_240822_TY1_0084_1_V01_1,장기요양기관 부당청구 주요 유형의 환수결정 현황에 대해 알려주세요,0,0,0,0
MI3_240822_TY1_0084_2_V01_1,바. 4대 공적연금 기금운용 현황 및 분석 차트(세로 막대형)에 대해 알려주세요,0,0,0,0
MI3_240822_TY1_0084_4_V01_2,유아교육비 보육료 지원 사업 예산 집행 구조 다이어그램에 대해 알려주세요,0,0,0,0
MI3_240822_TY1_0084_5_V01_1,유아교육비 보육료 지원 사업 실집행 현황 차트(세로 막대형)에 대해 알려주세요,0,0,0,0
MI3_240822_TY1_0084_6_V01_1,2021회계연도 과학기술정보방송통신위원회 소관 국세외수입 결산 현황에 대해 알려주세요.,0,0,0,0
MI3_240822_TY1_0097_1_V01_1,중기재정전망의 기본 전제에 대해 알려주세요,0,0,0,0
MI3_240822_TY1_0097_2_V01_1,II. NABO 중기재정전망 결과 1. 개관 재정총량표에 대해 알려주세요,0,0,0,0
MI3_240822_TY1_0097_3_V02-4_1,2. 총수입 전망 꺾은선형에 대해 알려주세요,0,0,0,0
MI3_240822_TY1_0097_4_V01_1,[표 2] 중기재정전망의 기본 전제: 주요 거시경제변수에 대해 알려주세요,0,0,0,0
MI3_240822_TY1_0097_6_V01_1,중기재정전망: 국세수입에 대해 알려주세요,0,0,0,0
MI3_240822_TY1_0120_1_V01_1,KDB 인베스트먼트(주)의 주요 재무현황 표에 대해 알려주세요,0,0,0,0
MI3_240822_TY1_0120_3_V03_1,농산물가격안정기금이 출자하는 농식품모태펀드에 대해 알려주세요,0,0,0,0
MI3_240822_TY1_0120_4_V01_1,2022회계연도 오염퇴적물 정화 복원 사업 결산 현황 표에 대해 알려주세요,0,0,0,0
MI3_240822_TY1_0120_5_V01_1,10 대한무역투자진흥공사의 킨텍스 3단계 건립사업 철저 관리 필요 본문 표에 대해 알려주세요,0,0,0,0
MI3_240822_TY1_0141_1_V01_1,인천광역시 04-02 경제생활 만족도 표에 대해 알려주세요,0,0,0,0
MI3_240822_TY1_0141_2_V02-1_1,소비생활 만족도 차트(세로 막대형)에 대해 알려주세요,0,0,0,0
MI3_240822_TY1_0141_3_V01_1,인천광역시 소득 만족도 표에 대해 알려주세요,0,0,0,0
MI3_240822_TY1_0141_4_V02-1_1,생계유지 어려움 경험 정도 차트(세로 막대형)에 대해 알려주세요,0,0,0,0
MI3_240822_TY1_0141_5_V02-1_1,인천광역시의 가구 월평균 소비지출액에 대해 알려주세요,0,0,0,0
MI3_240822_TY1_0141_6_V02-1_1,가구부채에 대해 알려주세요,0,0,0,0
MI3_240822_TY1_0146_1_V03_1,NABO 중기재정전망 흐름도에 대해 알려주세요,0,0,0,0
MI3_240822_TY1_0146_2_V01_1,II. NABO 중기재정전망 결과 본문 차트에 대해 알려주세요,0,0,0,0
MI3_240822_TY1_0146_3_V01_1,총지출에 대한 표에 대해 알려주세요,0,0,0,0
MI3_240822_TY1_0146_4_V01_1,재정수지 전망에 대한 통합재정수지 차트에 대해 알려주세요,0,0,0,0
MI3_240822_TY1_0146_5_V01_1,지방정부 순채무와 국가채무에 대한 자료의 표에 대해 알려주세요,0,0,0,0
MI3_240822_TY1_0159_1_V01_1,2024~2028년 주요 항목별 세수효과 비교 표에 대해 알려주세요,0,0,0,0
MI3_240822_TY1_0159_2_V01_1,2023년 조세지출 정비항목 및 단순 일몰연장 현황 표에 대해 알려주세요,0,0,0,0
MI3_240822_TY1_0159_3_V01_1,2023년 정부 세법개정안 조세지출 정비 세수효과 표에 대해 알려주세요,0,0,0,0
MI3_240822_TY1_0159_4_V01_1,혼인 증여공제와 관련된 결혼비용 추정액 및 부모지원 비율에 대해 알려주세요,0,0,0,0
MI3_240822_TY1_0159_5_V01_1,부모지원 결혼비용에 대한 현행법상 증여세 부담 추정 예시 표에 대해 알려주세요,0,0,0,0
MI3_240822_TY1_0163_1_V01_1,나. 분석의견 및 2023년도 문화예술진흥기금 입장료수입 계획안에 대해 알려주세요,0,0,0,0
MI3_240822_TY1_0163_2_V01_1,"(단위: 백만원, %)에 대해 알려주세요",0,0,0,0
MI3_240822_TY1_0163_3_V01_1,뉴서울골프장 손익 및 기금전입 현황에 대해 알려주세요.,0,0,0,0
MI3_240822_TY1_0163_4_V01_1,2021년 사업계획 및 예산(안)과 관련된 시각요소 제목과 내용에 대해 알려주세요.,0,0,0,0
MI3_240822_TY1_0163_5_V01_1,농식품시설현대화 사업 및 시설자금 사업 예산안 현황 표에 대해 알려주세요,0,0,0,0
MI3_240822_TY1_0163_6_V01_1,나. 분석의견 농식품시설현대화 사업 및 시설자금 사업 비교 표에 대해 알려주세요,0,0,0,0
MI3_240822_TY1_0169_1_V02-4_1,"2023년도 경제전망과 대내외 경제여건, 세계경제성장률 추세 차트에 대해 알려주세요",0,0,0,0
MI3_240822_TY1_0169_2_V02-8_1,[세계 교역량과 우리나라 수출 추이] 차트(혼합형)에 대해 알려주세요,0,0,0,0
MI3_240822_TY1_0169_3_V02-4_1,2023년 세계 소비자물가 상승률과 국제유가 전망에 대한 꺾은선형 차트에 대해 알려주세요,0,0,0,0
MI3_240822_TY1_0169_4_V02-8_1,최근 경제 데이터에 대한 분석 차트 혼합형에 대해 알려주세요,0,0,0,0
MI3_240822_TY1_0169_5_V02-8_2,[소비자물가상승률 추이] 혼합형에 대해 알려주세요,0,0,0,0
MI3_240822_TY1_0169_6_V02-8_1,경제주체의 부채규모 변화와 관련된 정보에 대해 알려주세요,0,0,0,0
MI3_240822_TY1_0223_2_V01_1,국회예산정책처 기관 개요 예산에 대해 알려주세요,0,0,0,0
MI3_240822_TY1_0223_4_V01_1,국회예산정책처의 2009년부터 2014년까지의 업무량 및 전년대비 증감율에 대해 알려주세요.,0,0,0,0
MI3_240822_TY1_0223_6_V01_1,국회예산정책처 금융상품 과세 현황 표에 대해 알려주세요,0,0,0,0
MI3_240822_TY1_0224_1_V02-4_1,제목에 따른 세수전망 오차율 차트(꺾은선형)에 대해 알려주세요,0,0,0,0
MI3_240822_TY1_0224_2_V02-4_1,OECD 발표내용 요약 Debt Levels and Fiscal Frameworks 꺾은선형에 대해 알려주세요,0,0,0,0
MI3_240822_TY1_0224_3_V02-8_1,국가채무 한도와 관련된 차트(혼합형)에 대해 알려주세요,0,0,0,0
MI3_240822_TY1_0224_4_V01_1,[표 1] OECD 국가유형별 재정준칙 수립방향 차트(세로 막대형)에 대해 알려주세요,0,0,0,0
MI3_240822_TY1_0224_5_V01_1,고령사회 진입 시점의 주요국의 국가채무 비율 차트에 대해 알려주세요,0,0,0,0
MI3_240822_TY1_0261_2_V01_1,증언녹취 제도에 대해 알려주세요,0,0,0,0
MI3_240822_TY1_0261_3_V01_1,제1주제 한국형 디스커버리 제도 도입에 관한 검토 및 제출명령 대상을 변경하는 시각 요소에 대해 알려주세요.,0,0,0,0
MI3_240822_TY1_0261_4_V01_1,민사소송 선진화 방안 - 디스커버리 제도 도입을 중심으로 - 차트(세로 막대형)에 대해 알려주세요,0,0,0,0
MI3_240822_TY1_0271_1_V02-8_1,2010년도 재정 개요 및 차트(혼합형)에 대해 알려주세요,0,0,0,0
MI3_240822_TY1_0271_2_V01_2,제3장 2010년도 재정규모 및 재정 건전성 표 3.2 통합재정 규모에 대해 알려주세요,0,0,0,0
MI3_240822_TY1_0271_3_V02-4_1,제3장 재정규모 및 재정 건전성에 대한 꺾은선형 차트에 대해 알려주세요,0,0,0,0
MI3_240822_TY1_0271_4_V02-4_1,제3장 2010년도 재정규모 및 재정 건전성 차트(꺾은선형)에 대해 알려주세요,0,0,0,0
MI3_240822_TY1_0296_1_V01_1,프로그램 예산제도의 연혁 차트에 대해 알려주세요,0,0,0,0
MI3_240822_TY1_0296_3_V02-2_1,2010년도 분야별 프로그램 당 예산액에 대해 알려주세요,0,0,0,0
MI3_240822_TY1_0296_4_V02-3_1,2010년도 위원회별 예산액 구성비에 대해 알려주세요,0,0,0,0
MI3_240822_TY1_0299_1_V01_1,2010년 재정지원 일자리사업 현황 차트에 대해 알려주세요,0,0,0,0
MI3_240822_TY1_0299_2_V01_2,에 대한 자기가격탄력성 대체탄력성 산출탄력성 표 2에 대해 알려주세요,0,0,0,0
MI3_240822_TY1_0299_3_V01_1,고용증대세액공제제도를 통한 임금보조제도 평가 표에 대해 알려주세요,0,0,0,0
MI3_240822_TY1_0299_5_V01_1,[표 10] 주요국의 사회보험료 감면 방식 임금보조제도 차트에 대해 알려주세요,0,0,0,0
MI3_240822_TY1_0299_6_V01_1,에 대한 종합소득세와 근로소득세의 납세 및 과세대상자 비율 차트에 대해 알려주세요,0,0,0,0
MI3_240822_TY1_0311_1_V02-8_1,연도별 출연사업의 규모 추이에 대해 알려주세요,0,0,0,0
MI3_240822_TY1_0311_2_V02-8_1,연도별 재정융자사업의 규모 추이에 대해 알려주세요,0,0,0,0
MI3_240822_TY1_0311_3_V02-8_1,지방자치단체 국가보조사업의 규모 추이에 대해 알려주세요,0,0,0,0
MI3_240822_TY1_0311_4_V02-8_1,수익형 민자사업 총 투자비 현황 혼합형에 대해 알려주세요,0,0,0,0
MI3_240822_TY1_0311_5_V02-8_1,[그림 6] 연도별 임대형 민자사업(BTL) 총민간사업비 차트(혼합형)에 대해 알려주세요,0,0,0,0
MI3_240822_TY1_0311_6_V02-8_1,부처별 임대형 민자사업(BTL) 사업 현황 혼합형에 대해 알려주세요,0,0,0,0
MI3_240822_TY1_0313_1_V01_1,40 폐자원에너지화사업 본문 표에 대해 알려주세요,0,0,0,0
MI3_240822_TY1_0313_2_V02-1_1,[단위:g CFC11] 처리공정별 특성화값 차트(세로 막대형)에 대해 알려주세요,0,0,0,0
MI3_240822_TY1_0313_3_V02-1_1,회피효과 종합영향을 고려한 생활폐기물 차트(세로 막대형)에 대해 알려주세요,0,0,0,0
MI3_240822_TY1_0313_4_V02-1_1,회피효과 가정에 따른 생활폐기물 처리방법별 영향 비교 차트에 대해 알려주세요,0,0,0,0
MI3_240822_TY1_0316_2_V01_1,나. 재정수반 법률의 소관 기관별 현황 차트에 대해 알려주세요,0,0,0,0
MI3_240822_TY1_0316_3_V01_1,2010년도 예산에 영향을 준 지출법률 현황 차트(세로 막대형)에 대해 알려주세요,0,0,0,0
MI3_240822_TY1_0316_4_V01_1,에 관한 예산 미반영 사유 표의 내용과 그 유형에 대해 알려주세요.,0,0,0,0
MI3_240822_TY1_0316_5_V01_1,재정수반 법률에 따른 예산의 지출 성격별 금액에 대해 알려주세요,0,0,0,0
MI3_240822_TY1_0316_6_V01_1,재정수반 법률의 입법 개요 및 국회위원회별 재정수반 법률 현황 표에 대해 알려주세요,0,0,0,0
MI3_240822_TY1_0322_2_V02-4_1,제목에 포함된 내용과 관련하여 OECD경기선행지수와 한국의 수출을 나타내는 꺾은선형 차트에 대해 알려주세요.,0,0,0,0
MI3_240822_TY1_0322_3_V02-4_1,제목과 관련하여 경기선행지수 추세 차트(꺾은선형)에 대해 알려주세요,0,0,0,0
MI3_240822_TY1_0322_4_V01_1,총수입 원자재 자본재 소비재 표에 대해 알려주세요,0,0,0,0
MI3_240822_TY1_0322_5_V02-4_1,2011년 예산안 총량 분석 꺾은선형 차트에 대해 알려주세요,0,0,0,0
MI3_240822_TY1_0322_6_V01_1,2011년 예산안 총량 분석에 대해 알려주세요,0,0,0,0
MI3_240822_TY1_0328_1_V02-8_1,제3장 조세지출예산제도의 개선 및 운용방안의 차트(혼합형)에 대해 알려주세요,0,0,0,0
MI3_240822_TY1_0328_2_V02-4_1,세목별 조세지출 비중추이 꺾은선형에 대해 알려주세요,0,0,0,0
MI3_240822_TY1_0328_3_V02-4_1,감면방법별 조세지출 비중추이 꺾은선형에 대해 알려주세요,0,0,0,0
MI3_240822_TY1_0328_4_V02-4_1,라. 기능별 조세지출 규모에 대한 꺾은선형 차트에 대해 알려주세요,0,0,0,0
MI3_240822_TY1_0328_5_V02-4_1,2011년도 조세지출예산서 분석 기능별 조세지출 비중추이(소분류) 꺾은선형에 대해 알려주세요,0,0,0,0
MI3_240822_TY1_0328_6_V02-8_1,연도별 조세지출 항목수 추이에 대해 알려주세요,0,0,0,0
MI3_240822_TY1_0406_1_V02-1_1,세계 GDP 성장률 전망에 대한 차트(세로 막대형)에 대해 알려주세요,0,0,0,0
MI3_240822_TY1_0406_2_V02-1_1,수출 전망 차트(세로 막대형)에 대해 알려주세요,0,0,0,0
MI3_240822_TY1_0406_3_V02-4_1,나 국가채무 분석 차트(꺾은선형)에 대해 알려주세요,0,0,0,0
MI3_240822_TY1_0406_5_V02-4_1,국가재정운용계획상 국가채무 전망의 변화 꺾은선형 차트에 대해 알려주세요,0,0,0,0
MI3_240822_TY1_0413_2_V02-1_1,세입관련 법률안 비용추계 의뢰 및 처리 추이 차트(세로 막대형)에 대해 알려주세요,0,0,0,0
MI3_240822_TY1_0413_3_V02-1_1,2014연차보고서 조사분석 의뢰 경험자 차트(세로 막대형)에 대해 알려주세요,0,0,0,0
MI3_240822_TY1_0413_4_V02-2_2,예산결산특별위원 설명회 및 국회의원 대면보고 가로 막대형에 대해 알려주세요,0,0,0,0
MI3_240822_TY1_0413_5_V02-1_1,예산정책처 홈페이지 및 모바일 앱 이용 경험에 대한 차트(세로 막대형)에 대해 알려주세요,0,0,0,0
MI3_240822_TY1_0413_6_V01_1,조직 및 예산 표에 대해 알려주세요,0,0,0,0
MI3_240822_TY1_0434_1_V01_1,산업생산 동향에 대한 표에 대해 알려주세요,0,0,0,0
MI3_240822_TY1_0434_2_V01_2,설비투자 추계치 추이에 대한 표에 대해 알려주세요,0,0,0,0
MI3_240822_TY1_0434_3_V01_1,수출실적추이에 대한 표에 대해 알려주세요,0,0,0,0
MI3_240822_TY1_0452_4_V02-4_1,수출 품목별 추이 꺾은선형에 대해 알려주세요,0,0,0,0
MI3_240822_TY1_0452_5_V02-4_1,주요 통화량 추이 꺾은선형에 대해 알려주세요,0,0,0,0
MI3_240822_TY1_0452_6_V02-4_1,[그림 III-12] 소비자기대지수 및 평가지수 추이 차트(꺾은선형)에 대해 알려주세요,0,0,0,0
MI3_240822_TY1_0452_7_V02-1_1,대외거래 전망 차트(세로 막대형)에 대해 알려주세요,0,0,0,0
MI3_240822_TY1_0496_1_V02-4_1,확률 예보에 대한 검증방법 차트(꺾은선형)에 대해 알려주세요,0,0,0,0
MI3_240822_TY1_0508_6_V02-8_1,T01 T02 T03 혼합형에 대해 알려주세요,0,0,0,0
MI3_240822_TY1_0545_1_V02-4_1,2013년 태풍예보 정확도 꺾은선형에 대해 알려주세요,0,0,0,0
MI3_240822_TY1_0558_1_V02-4_1,소비 및 소득 지니계수의 변화 추이에 대해 알려주세요,0,0,0,0
MI3_240822_TY1_0558_2_V02-1_1,가계소비의 불평등도 분석 소비 및 소득 지니계수의 변화 추이에 대해 알려주세요,0,0,0,0
MI3_240822_TY1_0558_4_V02-4_1,[그림 IV-3] 차트(꺾은선형)에 대해 알려주세요,0,0,0,0
MI3_240822_TY1_0558_5_V02-4_1,[그림 IV-4] 차트(꺾은선형)에 대해 알려주세요,0,0,0,0
MI3_240822_TY1_0558_6_V02-4_1,"가계의 소비구조, 소비불평등, 한계소비성향의 변화와 정책시사점 차트(꺾은선형)에 대해 알려주세요",0,0,0,0
MI3_240822_TY1_0563_1_V01_1,감세의 지방재정 영향 분석 표에 대해 알려주세요,0,0,0,0
MI3_240822_TY1_0563_2_V01_1,감세와 지방소비세 도입으로 인한 지역별 지방재정 감소액 추정치 표에 대해 알려주세요,0,0,0,0
MI3_240822_TY1_0563_3_V01_1,지방소비세 도입으로 인한 지역별 지방세입 순증에 대해 알려주세요,0,0,0,0
MI3_240822_TY1_0563_4_V01_1,감세와 지방소비세 도입으로 인한 지방재정 세입 순변동 표에 대해 알려주세요,0,0,0,0
MI3_240822_TY1_0563_5_V01_1,II. 감세가 지방재정에 미치는 영향에 대해 알려주세요,0,0,0,0
MI3_240822_TY1_0563_6_V01_1,2008~2012년 세수 변화에 대한 표와 관련하여 차트(세로 막대형)에 대해 알려주세요,0,0,0,0
MI3_240822_TY1_0570_1_V02-1_1,개헌과 관련된 대화 주제에 대해 알려주세요. 세로 막대형 차트에 대해 알려주세요.,0,0,0,0
MI3_240822_TY1_0570_2_V02-1_1,"제1패널 개헌, 합의와 결단에 대한 가로 막대형 차트에 대해 알려주세요",0,0,0,0
MI3_240822_TY1_0570_4_V01_1,"개헌, 합의와 결단 권력의 분산과 국회 역량 강화 방안 표에 대해 알려주세요",0,0,0,0
MI3_240822_TY1_0570_5_V01_1,제2패널 권력의 분산과 국회 역량 강화 방안에 대해 알려주세요,0,0,0,0
MI3_240822_TY1_0570_6_V01_1,"개헌, 합의와 결단 권력의 분산과 국회 역량 강화 방안에 대해 알려주세요.",0,0,0,0
MI3_240822_TY1_0602_1_V01_1,경제자유구역 지정현황 차트(세로 막대형)에 대해 알려주세요,0,0,0,0
MI3_240822_TY1_0602_2_V01_1,경제자유구역 내 외자 유치에 대한 인센티브와 관련된 세금 감면 내용 및 관련 자료에 대해 알려주세요,0,0,0,0
MI3_240822_TY1_0602_3_V01_1,라. 경제자유구역별 기반시설 예산 지원현황 표에 대해 알려주세요,0,0,0,0
MI3_240822_TY1_0602_4_V01_1,4대 허브조성 현황에 대해 알려주세요,0,0,0,0
MI3_240822_TY1_0602_5_V01_1,4대 차별화 추진전략에 대해 알려주세요,0,0,0,0
MI3_240822_TY1_0602_6_V01_1,사업명 사업개요 추진계획 추진실적 시각 요소에 대해 알려주세요,0,0,0,0
MI3_240822_TY1_0609_1_V01_2,일본의 장애인 소득지원제도에 대해 알려주세요,0,0,0,0
MI3_240822_TY1_0609_3_V01_2,장애인 개인 수입액 표에 대해 알려주세요,0,0,0,0
MI3_240822_TY1_0609_4_V01_1,제목 소제목시각요소 제목에 대해 알려주세요,0,0,0,0
MI3_240822_TY1_0609_6_V01_1,이 문서에서는 예산액과 결산액을 보여주는 표에 대해 알려주세요.,0,0,0,0
MI3_240822_TY1_0636_1_V01_1,[표 1] 경영평가제도의 운영경과 차트(세로 막대형)에 대해 알려주세요,0,0,0,0
MI3_240822_TY1_0636_2_V01_1,[표 2] 공공기관 운영체계 변천 차트(세로 막대형)에 대해 알려주세요,0,0,0,0
MI3_240822_TY1_0636_3_V01_1,이 문서에서 방만경영 관련 평가와 그 결과를 나타내는 시각요소에 대해 알려주세요.,0,0,0,0
MI3_240822_TY1_0636_4_V01_1,"경영전략 및 사회공헌, 업무효율, 조직.인적자원 및 성과 관리, 재무예산관리 및 성과, 보수 및 복리후생 관리 범주에 대해 알려주세요",0,0,0,0
MI3_240822_TY1_0636_6_V01_1,기관평가 대상기관 수 차트(세로 막대형)에 대해 알려주세요,0,0,0,0
MI3_240822_TY1_0648_1_V01_1,2003~2007년 동안의 자산 현황에 대해 알려주세요,0,0,0,0
MI3_240822_TY1_0648_2_V02-1_1,공기업별 매도가능증권 보유현황 차트(세로 막대형)에 대해 알려주세요,0,0,0,0
MI3_240822_TY1_0648_4_V01_2,[표 8] 공기업 후순위채권 감액손실 규모 차트에 대해 알려주세요,0,0,0,0
MI3_240822_TY1_0648_5_V01_1,[표 11]에 대해 알려주세요,0,0,0,0
MI3_240822_TY1_0648_6_V01_1,대한주택공사의 후순위채권감액손실 차트에 대해 알려주세요,0,0,0,0
MI3_240822_TY1_0650_1_V01_1,공공기관 지정 관련 주요 개정 내용을 담은 자료에 대해 알려주세요.,0,0,0,0
MI3_240822_TY1_0650_2_V01_1,제목의 내용과 관련하여 시장형 공기업에 대한 차트(표) 타입에 대해 알려주세요,0,0,0,0
MI3_240822_TY1_0650_3_V01_2,공공기관 변동 현황 표에 대해 알려주세요,0,0,0,0
MI3_240822_TY1_0650_4_V01_1,에 대한타입의 내용 및 주요 개정 연혁에 대해 알려주세요,0,0,0,0
MI3_240822_TY1_0650_5_V01_1,제목과 관련하여 공공기관 지정 심사를 위한 자료 등록 현황에 대한 표에 대해 알려주세요,0,0,0,0
MI3_240822_TY1_0650_6_V01_1,법령상 유형 분류 기준의 적용에 관한 검토와 관련된 표에 대해 알려주세요.,0,0,0,0
MI3_240822_TY1_0653_3_V01_1,자본의 조달과 축적에 대해 알려주세요.,0,0,0,0
MI3_240822_TY1_0683_3_V02-8_1,[그림 IV-2] 부당공동행위에 대한 실제부과율과 법정부과율의 혼합형 차트에 대해 알려주세요,0,0,0,0
MI3_240822_TY1_0683_4_V02-8_1,부과처분에 대해 113개의 피심인이 소를 제기한 결과와 관련된 차트(혼합형)에 대해 알려주세요,0,0,0,0
MI3_240822_TY1_0683_5_V02-8_1,부당공동행위에 대한 불복소송 제기율 차트(혼합형)에 대해 알려주세요,0,0,0,0
MI3_240822_TY1_0683_6_V02-1_1,2010~2015년 확정판결 기준 소제기사유별 공정위 패소율 차트(세로 막대형)에 대해 알려주세요,0,0,0,0
MI3_240822_TY1_0718_3_V02-4_1,독일 실업보험 및 취업지원 프로그램 참여자 추이 꺾은선형에 대해 알려주세요,0,0,0,0
MI3_240822_TY1_0718_4_V02-4_1,프로그램(FbW) 조금고용프로그램(ABM)의 취업지원 프로그램에 대한 꺾은선형 차트에 대해 알려주세요.,0,0,0,0
MI3_240822_TY1_0718_5_V02-1_1,"25,000 20,970 19,679 차트(세로 막대형)에 대해 알려주세요",0,0,0,0
MI3_240822_TY1_0718_6_V02-4_1,제목에 대한 내용을 기반으로 한 독일의 실업률 장기추이 꺾은선형 차트에 대해 알려주세요.,0,0,0,0
MI3_240822_TY1_0731_1_V01_1,저조한 사이트 중에서 예산규모가 크고 단순 정보제공이 아닌 민원서비스까지 제공하는 웹사이트에 대한 구분 세부측정항목 측정내용 표에 대해 알려주세요,0,0,0,0
MI3_240822_TY1_0731_5_V03_1,일본 전자행정서비스 평가프레임워크에 대해 알려주세요,0,0,0,0
MI3_240822_TY1_0731_7_V03_1,"계획, 개선 집행, 평가에 대한 프로세스 개발에 대해 알려주세요",0,0,0,0
MI3_240822_TY1_0752_2_V01_1,부도위험과 신용을 교환한다는 것과 관련된 표에 대해 알려주세요,0,0,0,0
MI3_240822_TY1_0752_3_V02-4_1,T01 T02 T03 차트(꺾은선형)에 대해 알려주세요,0,0,0,0
MI3_240822_TY1_0752_5_V01_1,변수 계수 표에 대해 알려주세요,0,0,0,0
MI3_240822_TY1_0752_6_V02-4_1,11.3 Forecast: RIFCF ± 2 S.E.에 대해 알려주세요,0,0,0,0
MI3_240822_TY1_0769_1_V01_1,[건물신축가격기준액 변동표] 표에 대해 알려주세요,0,0,0,0
MI3_240822_TY1_0769_2_V01_2,[전국 상업·업무용건물 실거래가액과 이론적 적용가격 차이] 차트(가로 막대형)에 대해 알려주세요,0,0,0,0
MI3_240822_TY1_0769_3_V02-8_1,비주거용 부동산 현실화율의 분포(2019년 기준) 혼합형 차트에 대해 알려주세요,0,0,0,0
MI3_240822_TY1_0769_4_V02-1_1,자산가치 증가분의 재평가금액 미반영 구조에 대해 알려주세요.,0,0,0,0
MI3_240822_TY1_0791_1_V01_1,발제1. 언론자유와 책임구현을 위한 언론개혁 방향에 대해 알려주세요.,0,0,0,0
MI3_240822_TY1_0791_2_V01_2,발제1. 언론자유와 책임구현을 위한 언론개혁 방향 차트에 대해 알려주세요,0,0,0,0
MI3_240822_TY1_0791_3_V01_1,발제1. 언론자유와 책임구현을 위한 언론개혁 방향에 대해 알려주세요,0,0,0,0
MI3_240822_TY1_0791_4_V01_1,"발제2. 공영방송의 공적책임 구현을 위한 입법과제 고찰과 관련하여 KBS, MBC, EBS의 방송사 근거 법률 및 이사회 구성에 대해 알려주세요",0,0,0,0
MI3_240822_TY1_0791_5_V01_1,언론개혁의 방향과 입법과제 공영방송 지배구조에 대한 표에 대해 알려주세요,0,0,0,0
MI3_240822_TY1_0791_6_V01_1,발제2. 공영방송의 공적책임 구현을 위한 입법과제 고찰 및 <표3> 공영방송 지배구조 개선법안 통과 후 지배구조의 변화에 대해 알려주세요,0,0,0,0
MI3_240822_TY1_0796_1_V01_1,트럼프 행정부 국가안보전략 주요 내용과 차트에 대해 알려주세요,0,0,0,0
MI3_240822_TY1_0796_3_V01_1,2018년 동북아 정세와 한국의 대응방향에 대해 알려주세요,0,0,0,0
MI3_240822_TY1_0796_4_V01_1,2018년 일본의 외교정책방향과 한국의 대응과제에 대해 알려주세요,0,0,0,0
MI3_240822_TY1_0800_1_V01_1,금융위원회의 유권해석에 대해 알려주세요.,0,0,0,0
MI3_240822_TY1_0810_1_V02-8_1,금융권 망분리 규제의 내용에 대해 알려주세요,0,0,0,0
MI3_240822_TY1_0810_2_V02-8_1,전자금융감독규정 망분리 관련 조항에 대한 차트(혼합형)에 대해 알려주세요,0,0,0,0
MI3_240822_TY1_0827_3_V01_1,농촌 지역의 외국인 근로자 고용 실태와 과제 본문 표에 대해 알려주세요,0,0,0,0
MI3_240822_TY1_0827_4_V01_1,우수 농업인 표에 대해 알려주세요,0,0,0,0
MI3_240822_TY1_0827_5_V01_1,참고 1 고용허가제 신규 외국인력 배정방식(점수제) 개요에 대해 알려주세요.,0,0,0,0
MI3_240822_TY1_0846_1_V01_1,장애인 문화예술 활동 현황 본문 표에 대해 알려주세요,0,0,0,0
MI3_240822_TY1_0846_2_V01_1,장애인 문화예술 실태 및 진흥 정책 방안에 대해 알려주세요,0,0,0,0
MI3_240822_TY1_0846_3_V01_2,<표 2> 전국민 문화예술 행사 관람의 애로사항에 대해 알려주세요,0,0,0,0
MI3_240822_TY1_0846_4_V01_2,장애인의 문화여가 활동 불만족 이유에 대한 통계와 관련된 불만족 이유 비율에 대해 알려주세요.,0,0,0,0
MI3_240822_TY1_0846_5_V01_1,주제발표 3. 장애인 문화예술 활동 참여 보장 방안에 대해 알려주세요,0,0,0,0
MI3_240822_TY1_0846_6_V01_1,제목 시각요소 범례에 대해 알려주세요,0,0,0,0
MI3_240822_TY1_0855_1_V01_1,행정부의 예산편성 단계별 내용 차트에 대해 알려주세요,0,0,0,0
MI3_240822_TY1_0855_2_V01_1,에 대한 예산요구서의 세부사업 설명자료 표에 대해 알려주세요,0,0,0,0
MI3_240822_TY1_0855_3_V01_1,세입세출예산안 사항별 설명서에 대해 알려주세요,0,0,0,0
MI3_240822_TY1_0855_4_V01_1,예결위가 상임화 되어 있는 상황에서의 예산 심의에 대해 알려주세요,0,0,0,0
MI3_240822_TY1_0855_5_V01_1,서 미국에서 의회의 예산안 조정범위와 관련된 행정부의 의지 수용에 대해 알려주세요.,0,0,0,0
MI3_240822_TY1_0855_6_V01_1,헌법에서는 준예산 관련 헌법제도의 연혁과 관련된 표에 대해 알려주세요,0,0,0,0
MI3_240822_TY1_0879_1_V01_1,모닝스타 개방형펀드 글로벌 데이터베이스 현황에 대해 알려주세요,0,0,0,0
MI3_240822_TY1_0879_3_V02-1_1,모닝스타 지속가능성 등급 분포에 대해 알려주세요,0,0,0,0
MI3_240822_TY1_0879_4_V01_1,국민연금기금운용관련 법규 표에 대해 알려주세요,0,0,0,0
MI3_240822_TY1_0879_5_V01_2,와 관련된 V로 시작하는 내용인 위험관리방안에 대해 알려주세요.,0,0,0,0
MI3_240822_TY1_0879_6_V01_1,운용 기간 스타등급 차트에 대해 알려주세요,0,0,0,0
MI3_240822_TY1_0885_3_V02-1_1,자녀와 아버지 직업 지위 분포에 대해 알려주세요,0,0,0,0
MI3_240822_TY1_0885_4_V02-1_1,제목에 따르면 아버지 직업 지위 분포를 보여주는 차트에 대해 알려주세요.,0,0,0,0
MI3_240822_TY1_0885_5_V02-1_1,제3절 지역이동의 조절효과 차트(세로 막대형)에 대해 알려주세요,0,0,0,0
MI3_240822_TY1_0885_6_V02-1_1,T01 T02 T03 차트(세로 막대형)에 대해 알려주세요,0,0,0,0
MI3_240822_TY1_0889_1_V02-4_1,기술료 제도 운영 현황 차트(꺾은선형)에 대해 알려주세요,0,0,0,0
MI3_240822_TY1_0889_2_V02-2_1,기술료 사용 현황 차트(가로 막대형)에 대해 알려주세요,0,0,0,0
MI3_240822_TY1_0889_4_V02-3_1,제2장 기술료 제도 현황 정부납부 기술료 사용 측면 차트(원형)에 대해 알려주세요,0,0,0,0
MI3_240822_TY1_0889_5_V02-8_1,제2장 기술료 제도 현황 정부출연 연구기관 기술료 사용 현황 차트(혼합형)에 대해 알려주세요,0,0,0,0
MI3_240822_TY1_0889_7_V02-8_1,정부 R&D 규모 변화와 정부납부 기술료 규모변화 간 상관관계 차트(혼합형)에 대해 알려주세요,0,0,0,0
MI3_240822_TY1_0889_8_V02-1_1,에 대한 대학 기술료 배분 차트(세로 막대형)에 대해 알려주세요,0,0,0,0
MI3_240822_TY1_0892_1_V02-1_1,기업의 연구개발비의 용도별 규모 차트에 대해 알려주세요.,0,0,0,0
MI3_240822_TY1_0892_2_V02-8_1,연구개발비와 GDP 대비 연구개발비에 대해 알려주세요,0,0,0,0
MI3_240822_TY1_0892_3_V01_1,연구개발 주체별 연구개발비 추이에 대해 알려주세요,0,0,0,0
MI3_240822_TY1_0892_4_V01_1,<표 3-7> 연도별 내국인 특허출원 통계에 대해 알려주세요,0,0,0,0
MI3_240822_TY1_0892_5_V01_1,제3절 실증분석 결과 본문 표에 대해 알려주세요,0,0,0,0
MI3_240822_TY1_0892_6_V01_1,구개발사업 수행에 따른 탐색적 활동과 관련된 국가연구개발비에 대한 표와 차트에 대해 알려주세요.,0,0,0,0
MI3_240822_TY1_0917_1_V01_1,본문 V 캘리브레이션에 대해 알려주세요,0,0,0,0
MI3_240822_TY1_0917_2_V01_1,다음 표에 대한 기여도 차트에 대해 알려주세요.,0,0,0,0
MI3_240822_TY1_0917_3_V01_1,"총생산갭, 실업률갭, 고용률갭 혼합 갭에 대해 알려주세요",0,0,0,0
MI3_240822_TY1_0923_1_V01_1,의료급여의 65세 이상 노인인구 현황 표에 대해 알려주세요,0,0,0,0
MI3_240822_TY1_0923_2_V02-1_1,"건강보험, 의료급여 및 노인장기요양보험 전체 진료비 및 65세 이상 노인진료비 차트(세로 막대형)에 대해 알려주세요",0,0,0,0
MI3_240822_TY1_0923_3_V02-4_2,외래진료 실진료인원 1인당 입내원일수 차트(꺾은선형)에 대해 알려주세요,0,0,0,0
MI3_240822_TY1_0923_4_V01_1,"대상으로 요인별 기여도를 분석하고 있지만, 노인진료비 증가 분석요인 구분 차트에 대해 알려주세요",0,0,0,0
MI3_240822_TY1_0923_5_V01_2,[표 5-16]에 대해 알려주세요,0,0,0,0
MI3_240822_TY1_0923_6_V01_1,노인장기요양보험 65세 이상 시설급여 이용자의 진료비증가 요인별 기여도에 대해 알려주세요.,0,0,0,0
MI3_240822_TY1_0941_1_V01_1,<표 2> 선형모형의 구조에 대해 알려주세요.,0,0,0,0
MI3_240822_TY1_0941_2_V01_1,5. 추정모형의 설정 및 지역간 교역구조의 변화요인과 모형의 평가기준 표에 대해 알려주세요,0,0,0,0
MI3_240822_TY1_0941_3_V01_1,에 포함된타입의 내용에 대해 알려주세요,0,0,0,0
MI3_240822_TY1_0941_4_V01_1,제목에 포함된 내용과 관련하여 지역 비중을 나타내는 차트에 대해 알려주세요.,0,0,0,0
MI3_240822_TY1_0941_5_V01_1,<표 11> 지역간 생산승수의 연관구조에 대해 알려주세요,0,0,0,0
MI3_240822_TY1_0941_6_V01_1,생산-최종수요 간의 관계와 승수 분석에 대해 알려주세요,0,0,0,0
MI3_240822_TY1_0976_1_V01_1,개인정보보호법 전문가 좌담회 관련 정보 시각적 요소에 대해 알려주세요,0,0,0,0
MI3_240822_TY1_0976_2_V01_1,개인정보의 이용내역과 관련된 내용에 대해 알려주세요,0,0,0,0
MI3_240822_TY1_0976_3_V01_1,개정 이유 및 내용 에 대해 알려주세요,0,0,0,0
MI3_240822_TY1_0984_6_V02-3_1,문화시설 BTL사업 정책에 대한 의식 조사의 차트(원형)에 대해 알려주세요,0,0,0,0
MI3_240822_TY1_0985_3_V02-1_1,게임산업 연도별 인력확보 어려운 요인 차트(세로 막대형)에 대해 알려주세요,0,0,0,0
MI3_240822_TY1_0985_5_V02-1_1,CT R&D 지원과제별 매출실적 차트(세로 막대형)에 대해 알려주세요,0,0,0,0
MI3_240822_TY1_0985_6_V01_1,[표 31] 차트(세로 막대형)에 대해 알려주세요,0,0,0,0
MI3_240822_TY1_0998_1_V02-1_1,2005년 이전 및 2006~2008년 기간의 투자비 대비 특허성과 비교 차트(세로 막대형)에 대해 알려주세요,0,0,0,0
MI3_240822_TY1_0998_4_V02-4_1,T01 T02 T03 차트(꺾은선형)에 대해 알려주세요,0,0,0,0
MI3_240822_TY1_0998_5_V02-1_1,투자비 R&D 사업의 해외 SCI 논문 성과 현황 비교 차트(세로 막대형)에 대해 알려주세요,0,0,0,0
MI3_240822_TY1_0998_6_V02-1_1,제목에 관련된 미국 특허 평균 피인용횟수 추세 차트에 대해 알려주세요,0,0,0,0
MI3_240822_TY1_0998_7_V01_1,2003년 미국 특허 분석에 대한 융합도 표에 대해 알려주세요,0,0,0,0
MI3_240822_TY1_1000_2_V02-1_1,각 산업의 연도별 R&D 투자의 평균치를 나타내는 차트(세로 막대형)에 대해 알려주세요.,0,0,0,0
MI3_240822_TY1_1000_3_V02-1_1,제목에 대한 스마트 시스템 차트(세로 막대형)에 대해 알려주세요,0,0,0,0
MI3_240822_TY1_1000_4_V02-4_1,산업별 연도별 전체 R&D 투자 현황에 대해 알려주세요,0,0,0,0
MI3_240822_TY1_1000_5_V02-4_1,2010년 정부 R&D 투자 정책과 맞물려 민간 R&D 투자 추세 차트(꺾은선형)에 대해 알려주세요,0,0,0,0
MI3_240822_TY1_1000_6_V01_1,19대 미래성장동력 산업 재원별 Spillover 효과 분석 결과 I에 대해 알려주세요,0,0,0,0
MI3_240822_TY1_1035_1_V02-1_1,법안비용추계제도에 대한 국회의 인식조사 및 개선방안 연구 차트(세로 막대형)에 대해 알려주세요,0,0,0,0
MI3_240822_TY1_1035_2_V02-4_1,법안비용추계제도에 대한 국회의 인식조사 및 개선방안 연구와 관련된 차트(꺾은선형)에 대해 알려주세요,0,0,0,0
MI3_240822_TY1_1035_3_V02-3_1,[표 28] 차트(원형)에 대해 알려주세요,0,0,0,0
MI3_240822_TY1_1035_4_V02-3_1,원형 차트에 대해 알려주세요,0,0,0,0
MI3_240822_TY1_1035_5_V02-3_1,제4장 법안비용추계제도 인식조사 차트(원형)에 대해 알려주세요,0,0,0,0
MI3_240822_TY1_1036_1_V01_1,법안비용추계제도에 이용되는 단가 및 기준정보와 관련하여 수당의 종류 및 지급액에 대해 알려주세요.,0,0,0,0
MI3_240822_TY1_1036_2_V01_2,제6절 기타 단가에 대해 알려주세요,0,0,0,0
MI3_240822_TY1_1036_3_V03_1,기능점수에 의한 대가산정 방식 절차에 대해 알려주세요,0,0,0,0
MI3_240822_TY1_1036_4_V03_1,제2장 정보화사업 법안비용추계 단가에 대해 알려주세요,0,0,0,0
MI3_240822_TY1_1036_5_V01_1,법안비용추계제도에 이용되는 단가 및 기준정보와 관련하여 컨설팅 프로젝트의 단계 활동에 대해 알려주세요.,0,0,0,0
MI3_240822_TY1_1036_6_V01_1,제2장 정보화사업 법안비용추계 금액(원)에 대해 알려주세요,0,0,0,0
MI3_240822_TY1_1040_1_V01_1,3 출장단 및 4 출장 일정의 표에 대해 알려주세요,0,0,0,0
MI3_240822_TY1_1040_2_V01_2,공무 국외출장 결과보고서의 신용조사 및 채권회수 관련 차트에 대해 알려주세요.,0,0,0,0
MI3_240822_TY1_1040_3_V01_1,국산 과실류 항공 수입 현장 방문 개요 표에 대해 알려주세요,0,0,0,0
MI3_240822_TY1_1040_4_V01_1,공무 국외출장 결과보고서의 영상 정보에 대해 알려주세요,0,0,0,0
MI3_240822_TY1_1040_5_V01_1,"KOTRA 하노이 무역관 방문 주요 0 수출기업 마케팅, 전시회, 투자유치, 시장개척 지원 업무 0 수출지역 정보조사 등에 대해 알려주세요",0,0,0,0
MI3_240822_TY1_1040_6_V01_1,공무 국외출장 결과보고서 차트에 대해 알려주세요,0,0,0,0
MI3_240822_TY1_1060_1_V02-4_1,OECD 평균 공공 사회복지지출에 대한 꺾은선형 차트에 대해 알려주세요,0,0,0,0
MI3_240822_TY1_1060_2_V01_1,정부 총 지출대비 공공사회지출 추이에 대해 알려주세요,0,0,0,0
MI3_240822_TY1_1060_3_V01_1,미국 보건복지부 노인부문 사업별 예산 표에 대해 알려주세요,0,0,0,0
MI3_240822_TY1_1060_4_V01_1,일본의 아동가족관련 예산내역에 대해 알려주세요,0,0,0,0
MI3_240822_TY1_1060_5_V01_1,국가 위기 영역별 상대적 중요도와 우선순위에 대해 알려주세요,0,0,0,0
MI3_240822_TY1_1060_6_V03_1,이 자료에서 언급된 다이어그램에 대해 알려주세요.,0,0,0,0
MI3_240822_TY1_1066_1_V02-4_1,한국의 인구 성장률과 관련된 총인구 및 인구성장률 차트(꺾은선형)에 대해 알려주세요,0,0,0,0
MI3_240822_TY1_1066_4_V02-4_1,주택 거래세와 보유세수 규모 차트(꺾은선형)에 대해 알려주세요,0,0,0,0
MI3_240822_TY1_1066_5_V02-4_1,에 대한 시각적 자료인 주택 종부세 유효세율 추이 꺾은선형 차트에 대해 알려주세요.,0,0,0,0
MI3_240822_TY1_1066_6_V02-6_1,부동산 세율과 부동산 가격상승률에 대해 알려주세요,0,0,0,0
MI3_240822_TY1_1077_1_V02-1_1,개혁 정책은 아직까지는 북한 경제를 크게 개선시키지는 못한 것으로 보인다. 남한 북한 차트(세로 막대형)에 대해 알려주세요.,0,0,0,0
MI3_240822_TY1_1077_2_V02-8_1,북한 경제 현황과 중국·베트남·한국 경제개발 사례에 대한 혼합형 차트에 대해 알려주세요,0,0,0,0
MI3_240822_TY1_1077_3_V02-8_1,남북한 실질GDP 규모 및 성장률 추이와 관련된 꺾은선형 차트에 대해 알려주세요,0,0,0,0
MI3_240822_TY1_1077_4_V02-8_1,남북한 총인구 규모 및 인구증가율 추이에 대해 알려주세요,0,0,0,0
MI3_240822_TY1_1077_5_V02-1_1,북한의 무역거래액과 관련된 차트(세로 막대형)에 대해 알려주세요,0,0,0,0
MI3_240822_TY1_1077_6_V02-4_1,화로 남북한 교류협력에 대한 차트(꺾은선형)에 대해 알려주세요,0,0,0,0
MI3_240822_TY1_1087_3_V01_1,국회예산정책처의 환경영향 평가에서의 인간 및 자연 가치 차트에 대해 알려주세요,0,0,0,0
MI3_240822_TY1_1087_4_V01_1,제 4 장 환경자원 가치평가 사례 분석 95% 신뢰구간 평균지불 원에 대해 알려주세요,0,0,0,0
MI3_240822_TY1_1087_5_V01_1,국회예산정책처 제5장 환경자원 가치평가의 활용방안 차트(혼합형)에 대해 알려주세요,0,0,0,0
MI3_240822_TY1_1087_6_V01_1,국회예산정책처 제5장 환경자원 가치평가의 활용방안 차트(영역형)에 대해 알려주세요,0,0,0,0
MI3_240822_TY1_1090_1_V02-1_1,정부위원회 수 추이에 대해 알려주세요,0,0,0,0
MI3_240822_TY1_1090_2_V01_1,이 문서에서 수당명과 월지급액에 대한 그래프에 대해 알려주세요,0,0,0,0
MI3_240822_TY1_1090_3_V01_1,공무원 수당에 대한 에 대해 알려주세요,0,0,0,0
MI3_240822_TY1_1090_4_V01_1,재외공무원 특수외국어 가산금과 관련된 대상 외국어에 대해 알려주세요,0,0,0,0
MI3_240822_TY1_1090_5_V01_3,자녀학비보조수당에 대해 알려주세요,0,0,0,0
MI3_240822_TY1_1090_6_V01_1,제외공무원 특수지근무수당 지급구분표에 대해 알려주세요,0,0,0,0
MI3_240822_TY1_1100_2_V02-4_2,경제성장률과 일반정부/민간 비율에 대해 알려주세요,0,0,0,0
MI3_240822_TY1_1100_3_V02-4_1,주거용 건물 제외한 GDP와 일반정부 건설자산의 관계에 대해 알려주세요,0,0,0,0
MI3_240822_TY1_1112_3_V02-1_1,사회복지전달체계 개선도 평균 차트(세로 막대형)에 대해 알려주세요,0,0,0,0
MI3_240822_TY1_1112_4_V02-1_1,찾아가는 서비스 투입 시간 개선도 차트(세로 막대형)에 대해 알려주세요,0,0,0,0
MI3_240822_TY1_1112_5_V02-1_1,사회복지직렬 인력 보강 개선도 차트(세로 막대형)에 대해 알려주세요,0,0,0,0
MI3_240822_TY1_1112_6_V02-1_1,(단위 : 점) 차트(세로 막대형)에 대해 알려주세요,0,0,0,0
MI3_240822_TY1_1114_1_V02-1_1,사회적기업 유형별 정부지원의 충분성 평가 차트(세로 막대형)에 대해 알려주세요,0,0,0,0
MI3_240822_TY1_1114_2_V02-1_1,정부지원의 충분성 평가 차트(세로 막대형)에 대해 알려주세요,0,0,0,0
MI3_240822_TY1_1114_3_V02-1_1,사회적기업 유형별 정부지원 중단 후 기업 자립 가능성 차트(세로 막대형)에 대해 알려주세요,0,0,0,0
MI3_240822_TY1_1114_4_V02-1_1,설립연도별 정부지원 중단 후 기업 자립 가능성 차트(세로 막대형)에 대해 알려주세요,0,0,0,0
MI3_240822_TY1_1114_5_V02-1_1,2010년 자본금 규모별 정부지원 중단 후 기업 자립 가능성에 대해 알려주세요,0,0,0,0
MI3_240822_TY1_1114_6_V02-1_2,취업 취약계층 여부에 따른 고용형태 차트(세로 막대형)에 대해 알려주세요,0,0,0,0
MI3_240822_TY1_1126_3_V02-4_1,상수도 시설용량 변화추이 차트(꺾은선형)에 대해 알려주세요,0,0,0,0
MI3_240822_TY1_1126_4_V02-1_2,제목에 포함된 상수도개발 및 운영실태 평가에 대한 세로 막대형 차트에 대해 알려주세요,0,0,0,0
MI3_240822_TY1_1126_5_V02-1_1,현재의 광역상수도 및 지방상수도체계에 대한 차트(세로 막대형)에 대해 알려주세요,0,0,0,0
MI3_240822_TY1_1143_1_V02-4_1,세무조사 법인수 비율과 관련된 퍼센트 차트를 통해 알려주세요,0,0,0,0
MI3_240822_TY1_1143_2_V02-4_1,세무조사비율 추이에 대해 알려주세요,0,0,0,0
MI3_240822_TY1_1143_3_V02-4_1,이러한 경향은 추징금액의 연도별 추이에서 보여주는 꺾은선형 차트에 대해 알려주세요,0,0,0,0
MI3_240822_TY1_1143_5_V02-8_1,우에는 세수가 늘어나게 된다. 그러나 평균적으로 국세수입 예측이 실적치를 하회하는 경향이 있다면 세수가 줄어들 가능성이 높다. 결산상 세수와 예산상 세수를 비교한 차트에 대해 알려주세요,0,0,0,0
MI3_240822_TY1_1157_1_V02-4_1,근로 소득 10분위 배율 꺾은선형에 대해 알려주세요,0,0,0,0
MI3_240822_TY1_1157_2_V02-4_1,평균 차트(꺾은선형)에 대해 알려주세요,0,0,0,0
MI3_240822_TY1_1164_1_V01_1,부가가치세 개요 차트(세로 막대형)에 대해 알려주세요,0,0,0,0
MI3_240822_TY1_1164_3_V01_1,담배소비세 세율 차트(표) 에 대해 알려주세요,0,0,0,0
MI3_240822_TY1_1172_1_V02-1_1,호주 수소경제 규모 및 기술 분야별 수소 시장 규모 차트(세로 막대형)에 대해 알려주세요,0,0,0,0
MI3_240822_TY1_1185_1_V02-4_1,운영성과(A-B) 차트(꺾은선형)에 대해 알려주세요,0,0,0,0
MI3_240822_TY1_1185_2_V02-4_1,신용보증기금의 B/C Ratio에 대해 알려주세요,0,0,0,0
MI3_240822_TY1_1185_3_V02-4_1,신용보증기금의 운용수익률과 기대수익률 추이에 대해 알려주세요,0,0,0,0
MI3_240822_TY1_1201_1_V02-4_1,양도소득세 현황과 관련된 꺾은선형 차트에 대해 알려주세요,0,0,0,0
MI3_240822_TY1_1201_2_V02-4_1,재산과세 종합부동산세 현황 꺾은선형에 대해 알려주세요,0,0,0,0
MI3_240822_TY1_1201_3_V02-4_1,알기쉬운 조세제도 차트(꺾은선형)에 대해 알려주세요,0,0,0,0
MI3_240822_TY1_1205_2_V02-4_2,이 문서의 소득대비 비중에 대한 차트(꺾은선형)에 대해 알려주세요,0,0,0,0
MI3_240822_TY1_1205_3_V02-1_1,T01 T02 차트(세로 막대형)에 대해 알려주세요,0,0,0,0
MI3_240822_TY1_1207_1_V02-4_1,제목에 대한 내용과 함께 한계피해비용 대비 적정 환경세 수준 꺾은선형 차트에 대해 알려주세요,0,0,0,0
MI3_240822_TY1_1207_2_V02-5_1,영역형에 대해 알려주세요,0,0,0,0
MI3_240822_TY1_1207_3_V02-4_1,"방향에서 진행되었으며, 최근 EU 집행위원회의 연구 프로젝트에서 Cambridge Econometrics 그룹의 최근 ETR의 경제적 효과에 대한 실증분석과 관련된 꺾은선형 차트에 대해 알려주세요",0,0,0,0
MI3_240822_TY1_1223_1_V01_1,2003년도 우리나라 복권시장 규모 현황 차트에 대해 알려주세요,0,0,0,0
MI3_240822_TY1_1223_3_V02-4_1,복권 매출액 현황에 대해 알려주세요,0,0,0,0
MI3_240822_TY1_1233_2_V02-4_1,에 대한 의 원/달러 환율 및 예산편성환율 추이에 대해 알려주세요.,0,0,0,0
MI3_240822_TY1_1239_2_V02-1_1,우리나라 사회복지지출 관련 시사점 차트(세로 막대형)에 대해 알려주세요,0,0,0,0
MI3_240822_TY1_1252_1_V02-4_1,원유 도입단가 추이 차트(꺾은선형)에 대해 알려주세요,0,0,0,0
MI3_240822_TY1_1252_2_V02-4_1,환율 변동 추이 꺾은선형에 대해 알려주세요,0,0,0,0
MI3_240822_TY1_1252_3_V01_1,환율 변동 추이에 대한 표에 대해 알려주세요,0,0,0,0
MI3_240822_TY1_1252_4_V02-4_1,"휘발유의 국내정유사가격, 국제휘발유제품가격 및 국제원유가 추이에 대해 알려주세요",0,0,0,0
MI3_240822_TY1_1252_5_V02-8_1,국제휘발유제품가격과 국제원유현물가의 차이에 대해 알려주세요,0,0,0,0
MI3_240822_TY1_1252_6_V02-4_1,용제 월별 판매량 추이 차트(꺾은선형)에 대해 알려주세요,0,0,0,0
MI3_240822_TY1_1257_3_V01_1,음식물쓰레기와 관련된 전기에너지 생산량에 대해 알려주세요.,0,0,0,0
MI3_240822_TY1_1257_4_V02-4_1,바이오가스 생산단가의 변화 꺾은선형에 대해 알려주세요,0,0,0,0
MI3_240822_TY1_1257_5_V01_1,폐수처리시설의 원수 및 방류수 성상에 대해 알려주세요,0,0,0,0
MI3_240822_TY1_1257_6_V02-4_1,바이오가스화 시설의 운전 현황 차트(꺾은선형)에 대해 알려주세요,0,0,0,0
MI3_240822_TY1_1275_2_V02-4_4,이 문서에서 다양한 부문의 소비를 비교한 차트에 대해 알려주세요.,0,0,0,0
MI3_240822_TY1_1275_5_V02-4_1,에 관련된 의 주요 결과를 보여주는 꺾은선형 그래프에 대해 알려주세요.,0,0,0,0
MI3_240822_TY1_1284_1_V02-4_1,통행량 전망 차트(꺾은선형)에 대해 알려주세요,0,0,0,0
MI3_240822_TY1_1286_2_V01_1,<표 2-2> 표에 대해 알려주세요,0,0,0,0
MI3_240822_TY1_1319_1_V02-4_1,주제발표 1. 상고제도 개선의 사회·경제적 효과 분석 연구에 대해 알려주세요,0,0,0,0
MI3_240822_TY1_1319_2_V01_2,영국의 상고사건 수와 관련하여 기간별 상고허가신청 허가건수 차트에 대해 알려주세요,0,0,0,0
MI3_240822_TY1_1319_3_V01_1,사회·경제적 관점에서 본 대법원 재판 패러다임의 변화 방향 표에 대해 알려주세요,0,0,0,0
MI3_240822_TY1_1319_4_V01_1,주제발표 1. 상고제도 개선의 사회·경제적 효과 분석 연구와 관련된 연도별 사건 수 증가폭 차트에 대해 알려주세요,0,0,0,0
MI3_240822_TY1_1319_6_V02-6_1,주제발표 1. 상고제도 개선의 사회·경제적 효과 분석 연구와 관련된 Governance와 1인당 소득 간의 관계를 보여주는 분산형 차트에 대해 알려주세요,0,0,0,0
MI3_240822_TY1_1351_1_V01_1,보조금 관리에 관한 법률 시행령 243 본문 표에 대해 알려주세요,0,0,0,0
MI3_240822_TY1_1351_2_V01_1,보조금 관리에 관한 법률 시행령과 포상금 지급기준 차트에 대해 알려주세요,0,0,0,0
MI3_240822_TY1_1351_3_V01_1,국가균형발전 특별법 시행령에 포함된 광역경제권 범위에 대해 알려주세요,0,0,0,0
MI3_240822_TY1_1351_4_V01_2,[별표 1] 고령자의 휴업급여 지급기준에 대해 알려주세요,0,0,0,0
MI3_240822_TY1_1351_5_V01_1,산업재해보상보험법에 관련된 표에 대해 알려주세요.,0,0,0,0
MI3_240822_TY1_1351_6_V01_2,고용보험법 본문 표에 대해 알려주세요,0,0,0,0
MI3_240822_TY1_1353_1_V01_1,보조금의 예산 및 관리에 관한 법률 시행령 차등보조율의 적용기준 표에 대해 알려주세요,0,0,0,0
MI3_240822_TY1_1353_2_V01_2,제목에 관련된 고령자의 추가 휴업급여 지급기준 표에 대해 알려주세요.,0,0,0,0
MI3_240822_TY1_1353_3_V01_1,산업재해보상보험법의 연령 지급 액과 관련된 내용에 대해 알려주세요.,0,0,0,0
MI3_240822_TY1_1353_4_V01_2,상병보상연금표에 대해 알려주세요,0,0,0,0
MI3_240822_TY1_1353_5_V01_1,964 산업재해보상보험법 고령자의 1일당 상병보상연금 지급기준에 대해 알려주세요,0,0,0,0
MI3_240822_TY1_1353_6_V01_1,고용보험법과 관련된 피보험기간 구분에 대해 알려주세요,0,0,0,0
MI3_240822_TY1_1355_1_V01_1,국고보조금의 실집행실적 제출 및 민간에 지원한 보조금 포함 경과에 대해 알려주세요.,0,0,0,0
MI3_240822_TY1_1355_2_V01_1,국가재정정보에 대한 국회의 접근 및 활용 본문 표에 대해 알려주세요,0,0,0,0
MI3_240822_TY1_1355_3_V01_1,제17대 국회 예산안 수정 통계와 관련된 정보에 대해 알려주세요,0,0,0,0
MI3_240822_TY1_1355_4_V01_1,고용보험기금 실업급여 계정 재정수지 추이 표에 대해 알려주세요,0,0,0,0
MI3_240822_TY1_1355_5_V01_1,국민연금기금 관리운영비 현황 표에 대해 알려주세요,0,0,0,0
MI3_240822_TY1_1355_6_V02-4_1,공무원연금의 제1차 재정계산결과 차트(꺾은선형)에 대해 알려주세요,0,0,0,0
MI3_240822_TY1_1365_1_V01_1,지출관련 재정수반법안의 예상비용에 대해 알려주세요,0,0,0,0
MI3_240822_TY1_1365_2_V01_1,재정수반법안과 비용추계서 차트에 대해 알려주세요,0,0,0,0
MI3_240822_TY1_1365_3_V01_1,제출된 재정수반법안의 예상비용과 관련하여 알려주세요,0,0,0,0
MI3_240822_TY1_1365_6_V01_1,[표 12] 재정수반법안에 따른 예상재정수지변동 표에 대해 알려주세요,0,0,0,0
MI3_240822_TY1_1390_4_V01_1,저출산 고령화에 대비한 과세단위 개편에 관한 연구 분석 시나리오 표에 대해 알려주세요,0,0,0,0
MI3_240822_TY1_1390_5_V02-4_1,자녀세액공제 혜택을 보여주는 꺾은선형 그래프에 대해 알려주세요,0,0,0,0
MI3_240822_TY1_1407_1_V02-8_1,전자상거래 규모에 대한 차트(혼합형)에 대해 알려주세요,0,0,0,0
MI3_240822_TY1_1407_2_V02-4_1,기업간 전자상거래(B2B) 규모 차트(꺾은선형)에 대해 알려주세요,0,0,0,0
MI3_240822_TY1_1407_3_V02-4_1,기업·정부간 전자상거래(B2G) 꺾은선형 차트에 대해 알려주세요,0,0,0,0
MI3_240822_TY1_1407_4_V02-8_1,사이버쇼핑 거래액 혼합형 차트에 대해 알려주세요,0,0,0,0
MI3_240822_TY1_1407_5_V02-8_1,전자상거래판매액 전망 혼합형 차트에 대해 알려주세요,0,0,0,0
MI3_240822_TY1_1407_6_V02-1_1,주요 매체별 온라인 쇼핑시장 현황 및 전망 차트(세로 막대형)에 대해 알려주세요,0,0,0,0
MI3_240822_TY1_1412_1_V02-1_1,전통시장의 지역별 운영 현황에 대한 차트(세로 막대형)에 대해 알려주세요,0,0,0,0
MI3_240822_TY1_1412_2_V02-1_1,전통시장 설치 현황 차트(세로 막대형)에 대해 알려주세요,0,0,0,0
MI3_240822_TY1_1412_5_V03_1,시장의 신청 선정 평가 심의 및 조정 과정에 대해 알려주세요,0,0,0,0
MI3_240822_TY1_1417_1_V01_1,광역 지자체별 재정자립도 표에 대해 알려주세요,0,0,0,0
MI3_240822_TY1_1417_3_V02-4_1,IV. OECD 간 재정분권 비교분석 2. 국가별 국세 대비 지방세 비중 비교· 분석 꺾은선형에 대해 알려주세요,0,0,0,0
MI3_240822_TY1_1417_4_V02-1_1,OECD 회원국들의 지방세 비중 (2017년) 차트(세로 막대형)에 대해 알려주세요,0,0,0,0
MI3_240822_TY1_1427_1_V01_1,한국도로공사 연도별 경영 현황 표에 대해 알려주세요,0,0,0,0
MI3_240822_TY1_1427_2_V02-1_1,한국도로공사 연도별 영업실적 차트(세로 막대형)에 대해 알려주세요,0,0,0,0
MI3_240822_TY1_1427_3_V02-1_1,한국석유공사 연도별 재산규모 차트(세로 막대형)에 대해 알려주세요,0,0,0,0
MI3_240822_TY1_1427_4_V02-1_1,한국전력공사 연도별 재산규모 차트(세로 막대형)에 대해 알려주세요,0,0,0,0
MI3_240822_TY1_1427_5_V02-1_1,한국조폐공사 연도별 재산규모 세로 막대형 차트에 대해 알려주세요,0,0,0,0
MI3_240822_TY1_1427_6_V01_1,한국토지공사 연도별 경영 현황 표에 대해 알려주세요,0,0,0,0
MI3_240822_TY1_1427_7_V01_1,한국수자원공사 연도별 경영 현황에 대해 알려주세요,0,0,0,0
MI3_240822_TY1_1430_1_V01_1,소요예산 재원확보 구분 사업내용 차트(세로 막대형)에 대해 알려주세요,0,0,0,0
MI3_240822_TY1_1430_2_V01_2,세부 사업 내용 표에 대해 알려주세요,0,0,0,0
MI3_240822_TY1_1430_3_V01_1,제목에 대해 알려주세요. 본문과 관련된 시각 요소 타입에 대해 알려주세요.,0,0,0,0
MI3_240822_TY1_1430_4_V01_1,총 기 소요예산 구분 차트(세로 막대형)에 대해 알려주세요,0,0,0,0
MI3_240822_TY1_1439_3_V02-1_2,친환경 제품 구매 및 포장 선호도 차트(세로 막대형)에 대해 알려주세요,0,0,0,0
MI3_240822_TY1_1439_5_V02-3_1,2021년도 공공기관 녹색제품 구매실적과 관련된 차트에 대해 알려주세요,0,0,0,0
MI3_240822_TY1_1457_3_V02-1_1,인천광역시 보행안전 및 편의증진 기본계획과 2.1.2 인구 및 세대수에 대한 차트(가로 막대형)에 대해 알려주세요,0,0,0,0
MI3_240822_TY1_1457_4_V02-8_1,제2장 도시 일반현황 및 장래 여건 전망 차트(혼합형)에 대해 알려주세요,0,0,0,0
MI3_240822_TY1_1457_5_V02-4_1,[그림 2-11] 차트(꺾은선형)에 대해 알려주세요,0,0,0,0
MI3_240822_TY1_1457_6_V01_2,제2장 도시 일반현황 및 장래 여건 전망 2.1.4 취업자수 표에 대해 알려주세요,0,0,0,0
MI3_240822_TY1_1488_1_V02-4_1,I개요와 법인세와 효율성 관련 세로 막대형 차트에 대해 알려주세요,0,0,0,0
MI3_240822_TY1_1488_2_V02-8_1,법인세의 납세의무에 대한 차트(혼합형)에 대해 알려주세요,0,0,0,0
MI3_240822_TY1_1488_3_V02-8_1,Ⅱ과세체계 및 현황에 대해 알려주세요,0,0,0,0
MI3_240822_TY1_1488_4_V02-4_1,"이월결손금, 비과세소득, 소득공제 금액 추이 (꺾은선형) 에 대해 알려주세요",0,0,0,0
MI3_240822_TY1_1488_5_V02-8_1,Ⅱ과세체계 및 현황 차트(혼합형)에 대해 알려주세요,0,0,0,0
MI3_240822_TY1_1488_6_V02-4_1,[그림 11] 법인세 평균명목세율과 감면율 추이에 대해 알려주세요,0,0,0,0
MI3_240822_TY1_1491_1_V02-4_1,I개요 국민부담률 및 조세부담률 꺾은선형에 대해 알려주세요,0,0,0,0
MI3_240822_TY1_1491_2_V02-4_1,I개요 조세의 이해와 쟁점 V 꺾은선형에 대해 알려주세요,0,0,0,0
MI3_240822_TY1_1491_3_V02-8_1,I개요 세목별 국세 대비 조세수입액 비중 꺾은선형에 대해 알려주세요,0,0,0,0
MI3_240822_TY1_1491_4_V02-4_1,Ⅱ과세체계및현황 차트(꺾은선형)에 대해 알려주세요,0,0,0,0
MI3_240822_TY1_1491_5_V02-4_1,제목에 따라 근로장려금과 관련된 차트(꺾은선형)에 대해 알려주세요,0,0,0,0
MI3_240822_TY1_1491_6_V02-1_1,(15) 고소득 자영업자 소득탈루율 추정 차트(세로 막대형)에 대해 알려주세요,0,0,0,0
MI3_240822_TY1_1491_7_V02-4_1,법인수증가율: 2008~2012년에 대해 알려주세요,0,0,0,0
MI3_240822_TY1_1497_1_V02-8_2,2016 조세의 이해와 쟁점 차트(혼합형)에 대해 알려주세요,0,0,0,0
MI3_240822_TY1_1497_2_V02-1_1,2016 조세의 이해와 쟁점 차트(세로 막대형)에 대해 알려주세요,0,0,0,0
MI3_240822_TY1_1497_3_V02-8_2,2016 조세의 이해와 쟁점에 대해 알려주세요,0,0,0,0
MI3_240822_TY1_1497_4_V02-8_1,국제조세 II. 국제조세의 과세체계에 대한 내용과 관련된 70 2.5% (만개) (조원) 차트(혼합형)에 대해 알려주세요,0,0,0,0
MI3_240822_TY1_1497_5_V02-8_1,2016 조세의 이해와 쟁점 외국인의 종합소득세 실효세율 혼합형에 대해 알려주세요,0,0,0,0
MI3_240822_TY1_1497_6_V02-8_1,2016 조세의 이해와 쟁점 차트(혼합형)에 대해 알려주세요,0,0,0,0
MI3_240823_TY1_0001_1_V02-8_1,2005년 2월중 금융기관 여신에 대한 혼합형 차트에 대해 알려주세요,0,0,0,0
MI3_240823_TY1_0001_2_V02-4_1,2005년 2월중 어음부도율 차트(꺾은선형)에 대해 알려주세요,0,0,0,0
MI3_240823_TY1_0001_3_V02-4_1,제조업 생산·출하·재고 꺾은선형에 대해 알려주세요,0,0,0,0
MI3_240823_TY1_0001_4_V02-8_1,2005년 2월중 수출과 관련된 정보에 대해 설명해 주세요,0,0,0,0
MI3_240823_TY1_0001_5_V02-4_1,2005년 2월중 소비자물가와 경남지역 주택매매가격에 대한 꺾은선형 차트에 대해 알려주세요,0,0,0,0
MI3_240823_TY1_0001_6_V01_1,금융동향 금융기관 여·수신 동향 차트에 대해 알려주세요,0,0,0,0
MI3_240823_TY1_0003_1_V01_1,대구경북 청년실업률 및 고용률에 대해 알려주세요,0,0,0,0
MI3_240823_TY1_0003_2_V02-8_2,고용률 변동에 대한 기여도 분석 차트(혼합형)에 대해 알려주세요,0,0,0,0
MI3_240823_TY1_0003_3_V01_1,대구경북 취업자수 변동 요인 표에 대해 알려주세요,0,0,0,0
MI3_240823_TY1_0003_4_V02-1_1,대구경북 취업자수 변동요인 분석의 차트(세로 막대형)에 대해 알려주세요,0,0,0,0
MI3_240823_TY1_0003_5_V02-4_1,청년층 고학력화와 관련된 대졸자 하향취업 정도에 대해 알려주세요.,0,0,0,0
MI3_240823_TY1_0003_6_V02-4_2,고연령층 고용률 격차 추이에 대해 알려주세요,0,0,0,0
MI3_240823_TY1_0004_1_V01_1,2003년 5월중 어음부도율 및 대출금 연체율에 대한 차트에 대해 알려주세요,0,0,0,0
MI3_240823_TY1_0004_2_V01_1,"이 문서의 제목과 관련하여 (단위 : 증감률, %) 전월대비 및 전년동월대비 지수에 대해 알려주세요.",0,0,0,0
MI3_240823_TY1_0004_3_V01_1,전라남도 관련 데이터의 표에 대해 알려주세요,0,0,0,0
MI3_240823_TY1_0004_4_V01_1,건축 허가 면적에 대한 표에 대해 알려주세요,0,0,0,0
MI3_240823_TY1_0004_5_V01_1,2003년 5월중 대형점 판매액 및 할인점 판매액에 대해 알려주세요,0,0,0,0
MI3_240823_TY1_0004_6_V01_1,2003년 5월중 수출 현황과 관련된 백만달러 단위의 데이터에 대해 알려주세요,0,0,0,0
MI3_240823_TY1_0007_1_V01_1,8월중 어음부도율 (%) 차트(세로 막대형)에 대해 알려주세요,0,0,0,0
MI3_240823_TY1_0007_2_V01_1,T01 T02 T03 차트(세로 막대형)에 대해 알려주세요,0,0,0,0
MI3_240823_TY1_0007_3_V01_1,T01 T02 시각요소 제목 V01에 대해 알려주세요,0,0,0,0
MI3_240823_TY1_0007_4_V01_1,2003년 8월중 건설발주액과 관련된 차트에 대해 알려주세요.,0,0,0,0
MI3_240823_TY1_0007_5_V01_1,"2003년 8월중 대형점 판매액과 할인점 판매액, 자동차 등록대수 관련 데이터에 대해 알려주세요.",0,0,0,0
MI3_240823_TY1_0007_6_V01_1,4. 화가츠키 본문 표에 대해 알려주세요,0,0,0,0
MI3_240823_TY1_0011_1_V01_1,전년동월대비 지 수(2000=100) 차트에 대해 알려주세요,0,0,0,0
MI3_240823_TY1_0011_2_V01_1,전라남도 산업생산지수의 차트에 대해 알려주세요,0,0,0,0
MI3_240823_TY1_0011_3_V01_1,2004년 1월중 건설발주액 및 건축허가면적에 대한 표에 대해 알려주세요.,0,0,0,0
MI3_240823_TY1_0011_4_V01_1,"2004년 1월중 대형점 판매액과 할인점 판매액, 자동차 등록대수에 대해 알려주세요",0,0,0,0
MI3_240823_TY1_0011_5_V01_1,제목에 대한 본문 및 여러 데이터를 포함하는 차트에 대해 알려주세요,0,0,0,0
MI3_240823_TY1_0011_6_V01_1,2004년 1월중 무역수지와 관련된 데이터의 차트에 대해 알려주세요,0,0,0,0
MI3_240823_TY1_0013_1_V01_1,소비관련지표1) 차트(표)에 대해 알려주세요,0,0,0,0
MI3_240823_TY1_0013_2_V01_1,4. 대외거래 본문과 광주지역 주요 품목별 수출입 차트에 대해 알려주세요,0,0,0,0
MI3_240823_TY1_0013_3_V01_1,전남지역 주요 품목별 수출입 차트에 대해 알려주세요,0,0,0,0
MI3_240823_TY1_0013_4_V01_1,소비자물가 상승률에 대해 알려주세요,0,0,0,0
MI3_240823_TY1_0013_5_V01_1,아파트가격 상승률1) 표에 대해 알려주세요,0,0,0,0
MI3_240823_TY1_0013_6_V01_1,고용에 대한 표에 대해 알려주세요,0,0,0,0
MI3_240823_TY1_0013_7_V01_1,2010 2011 2012 전년동월대비 증감률(%) 차트에 대해 알려주세요,0,0,0,0
MI3_240823_TY1_0015_1_V01_1,에 대한 V 형태의 데이터 시각화 내용에 대해 알려주세요.,0,0,0,0
MI3_240823_TY1_0015_2_V01_1,4. 대외거래 본문 표에 대해 알려주세요,0,0,0,0
MI3_240823_TY1_0015_3_V01_1,전남지역 주요 품목별 수출입 차트에 대해 알려주세요,0,0,0,0
MI3_240823_TY1_0015_4_V01_1,소비자물가 상승률에 대한 차트(세로 막대형)에 대해 알려주세요,0,0,0,0
MI3_240823_TY1_0015_5_V01_1,고용 통계에 대한 차트(표)에 대해 알려주세요.,0,0,0,0
MI3_240823_TY1_0015_6_V01_1,2012년 4월중 국가산업단지 생산액에 대해 알려주세요,0,0,0,0
MI3_240823_TY1_0019_1_V01_1,제목에 포함된 내용과 관련하여 소비 관련 지표의 표에 대해 알려주세요,0,0,0,0
MI3_240823_TY1_0019_2_V01_1,4. 대외거래 본문 표에 대해 알려주세요,0,0,0,0
MI3_240823_TY1_0019_3_V01_1,전남지역 주요 품목별 수출입 표에 대해 알려주세요,0,0,0,0
MI3_240823_TY1_0019_4_V01_1,소비자물가상승률에 대해 알려주세요,0,0,0,0
MI3_240823_TY1_0019_5_V01_1,아파트가격 상승률에 대한 표에 대해 알려주세요,0,0,0,0
MI3_240823_TY1_0019_6_V01_1,제목에 해당하는 내용을 바탕으로 본문에서 다룬 경제활동 및 실업률과 관련된 정보에 대해 알려주세요.,0,0,0,0
MI3_240823_TY1_0037_1_V01_2,2024년 설비투자 BSI 차트에 대해 알려주세요.,0,0,0,0
MI3_240823_TY1_0037_2_V02-8_2,인천지역 건축허가면적과 관련된 혼합형 차트에 대해 알려주세요,0,0,0,0
MI3_240823_TY1_0037_3_V02-8_1,대외거래 인천지역 수출 혼합형에 대해 알려주세요,0,0,0,0
MI3_240823_TY1_0037_4_V02-4_1,인천지역 수입의 품목별 동향에 대해 알려주세요,0,0,0,0
MI3_240823_TY1_0037_5_V02-4_1,인천지역 산업별 취업자수 차트(꺾은선형)에 대해 알려주세요,0,0,0,0
MI3_240823_TY1_0037_6_V02-4_1,2024년 2월중 실업률 및 고용률 추이에 대해 알려주세요,0,0,0,0
MI3_240823_TY1_0038_1_V01_1,2. 울산항 화물 물동량 연간 외항화물 및 내외항별 수입과 수출 차트에 대해 알려주세요,0,0,0,0
MI3_240823_TY1_0038_2_V01_1,예금은행 수신에 대한 그래프에 대해 알려주세요,0,0,0,0
MI3_240823_TY1_0038_3_V01_1,나. 비은행금융기관 수신에 대해 알려주세요,0,0,0,0
MI3_240823_TY1_0038_4_V01_1,"차입주체별 예금은행대출(차입주체별) (억원, %)에 대해 알려주세요",0,0,0,0
MI3_240823_TY1_0038_5_V01_1,자금별 금융자금에 대한 차트(표)에 대해 알려주세요.,0,0,0,0
MI3_240823_TY1_0038_6_V01_1,중소기업대출금과 예금은행 여신에 대한 데이터 시각화 차트에 대해 알려주세요,0,0,0,0
MI3_240823_TY1_0039_1_V01_1,I. 실물동향 1. 제조업 활동 제조업 생산·출하·재고에 대해 알려주세요,0,0,0,0
MI3_240823_TY1_0039_2_V01_1,2014년 소매판매와 관련된 소비 지표의 차트에 대해 알려주세요,0,0,0,0
MI3_240823_TY1_0039_3_V01_1,설비투자 관련 주요지표에 대해 알려주세요,0,0,0,0
MI3_240823_TY1_0039_4_V01_1,건설투자와 관련된 주요지표의 표에 대해 알려주세요,0,0,0,0
MI3_240823_TY1_0039_5_V01_1,고용 관련 주요 지표에 대한 표에 대해 알려주세요.,0,0,0,0
MI3_240823_TY1_0039_6_V01_2,미분양 아파트와 준공후 미분양 아파트에 대한 세로 막대형 차트에 대해 알려주세요.,0,0,0,0
MI3_240823_TY1_0044_1_V01_2,(온산) 연간 생산 차트에 대해 알려주세요,0,0,0,0
MI3_240823_TY1_0044_2_V01_1,II. 금융동향 1. 금융기관 수신 예금은행 수신 데이터에 대해 알려주세요.,0,0,0,0
MI3_240823_TY1_0044_3_V01_1,2022년 2023년 연중 8월 1~8월 6월 7월 8월P의 차트(세로 막대형)에 대해 알려주세요,0,0,0,0
MI3_240823_TY1_0044_4_V01_1,에 관련된타입의 데이터에 대해 알려주세요.,0,0,0,0
MI3_240823_TY1_0044_5_V01_2,이 문서의 제목과 관련된 시각요소 제목 및 차트 타입에 대해 알려주세요.,0,0,0,0
MI3_240823_TY1_0044_6_V02-1_1,2023.8월중 울산지역 기업대출 동향에 대해 알려주세요,0,0,0,0
MI3_240823_TY1_0060_1_V01_2,I. 실물동향 제조업 업황BSI에 대해 알려주세요,0,0,0,0
MI3_240823_TY1_0060_2_V01_1,소비관련 주요지표 차트에 대해 알려주세요,0,0,0,0
MI3_240823_TY1_0060_3_V01_1,설비투자 관련 주요지표1) 표에 대해 알려주세요,0,0,0,0
MI3_240823_TY1_0060_4_V01_1,건설투자와 관련된 내용에 대해 알려주세요,0,0,0,0
MI3_240823_TY1_0060_5_V01_1,고용관련 주요지표에 대한 차트 타입에 대해 알려주세요,0,0,0,0
MI3_240823_TY1_0060_6_V01_1,2015.5월중 울산지역 소비자물가와 관련된 차트에 대해 알려주세요,0,0,0,0
MI3_240823_TY1_0074_1_V01_1,I. 실물동향 제조업 생산·출하·재고에 대해 알려주세요,0,0,0,0
MI3_240823_TY1_0074_2_V01_1,소비관련 주요지표에 대해 알려주세요,0,0,0,0
MI3_240823_TY1_0074_3_V01_1,2021 연간 및 분기별 시설기계류 수입과 자본재 수입의 추세에 대해 알려주세요,0,0,0,0
MI3_240823_TY1_0074_4_V01_2,미분양주택 추이에 대해 알려주세요,0,0,0,0
MI3_240823_TY1_0074_5_V01_1,2021 연간 수출 실적 차트에 대해 알려주세요,0,0,0,0
MI3_240823_TY1_0074_6_V01_2,본문 수출입 차트에 대해 알려주세요,0,0,0,0
MI3_240823_TY1_0079_1_V01_1,2023년 7월말 금융기관의 예금 및 대출금 현황에 대해 알려주세요,0,0,0,0
MI3_240823_TY1_0079_2_V01_1,금융기관 여신에 대한 표에 대해 알려주세요,0,0,0,0
MI3_240823_TY1_0079_3_V01_1,여신합계에 대해 알려주세요,0,0,0,0
MI3_240823_TY1_0079_4_V01_1,금융기관 여신에 대한 표에 대해 알려주세요,0,0,0,0
MI3_240823_TY1_0079_5_V01_1,금융기관 수신 통계에 대한 표에 대해 알려주세요,0,0,0,0
MI3_240823_TY1_0079_6_V01_1,신용보증에 대한 표와 관련된 데이터에 대해 알려주세요,0,0,0,0
MI3_240823_TY1_0086_1_V01_2,비제조업 업황BSI에 대해 알려주세요,0,0,0,0
MI3_240823_TY1_0086_2_V01_1,대형소매점 판매액지수 차트(세로 막대형)에 대해 알려주세요,0,0,0,0
MI3_240823_TY1_0086_3_V01_1,7월 소비자심리지수와 관련된 차트에 대해 알려주세요,0,0,0,0
MI3_240823_TY1_0086_4_V01_1,6월말 미분양주택 현황에 대한 차트(세로 막대형)에 대해 알려주세요,0,0,0,0
MI3_240823_TY1_0086_5_V01_1,고용 관련 지표 차트(세로 막대형)에 대해 알려주세요,0,0,0,0
MI3_240823_TY1_0086_6_V01_1,4. 수출입 관련 데이터의 표에 대해 알려주세요,0,0,0,0
MI3_240823_TY1_0097_1_V01_1,5. 신용보증 본문 표에 대해 알려주세요,0,0,0,0
MI3_240823_TY1_0097_2_V01_1,비은행예금취급기관 수신(기말잔액 기준 증감액) 표에 대해 알려주세요,0,0,0,0
MI3_240823_TY1_0097_3_V01_1,광주·전남지역 예금은행 여신 (기말잔액 기준 증감액) 표에 대해 알려주세요,0,0,0,0
MI3_240823_TY1_0097_4_V01_1,비은행예금취급기관 여신에 대한 표에 대해 알려주세요,0,0,0,0
MI3_240823_TY1_0097_5_V01_1,중소기업대출에 대한 표에 대해 알려주세요.,0,0,0,0
MI3_240823_TY1_0097_6_V01_1,4. 자금사정 본문에 포함된 그래프 및 표에 대해 알려주세요.,0,0,0,0
MI3_240823_TY1_0100_1_V01_1,Ⅱ. 실물동향광주지역 제조업 생산·출하·재고 지수 표에 대해 알려주세요,0,0,0,0
MI3_240823_TY1_0100_2_V01_1,전남지역 제조업 생산·출하·재고 지수와 관련된 표에 대해 알려주세요,0,0,0,0
MI3_240823_TY1_0100_3_V01_1,광주·전남지역 소비 관련 지표에 대한 표에 대해 알려주세요,0,0,0,0
MI3_240823_TY1_0100_4_V01_1,2021년 소비자심리지수와 관련된 차트(세로 막대형)에 대해 알려주세요,0,0,0,0
MI3_240823_TY1_0100_5_V01_1,2020년 12월중 광주지역 건축착공면적과 건축허가면적의 통계에 대해 알려주세요,0,0,0,0
MI3_240823_TY1_0100_6_V01_1,대외거래 광주지역 일평균 수출액 백만달러에 대해 알려주세요,0,0,0,0
MI3_240823_TY1_0105_1_V01_1,광주·전남지역 예금은행 수신에 대한 표에 대해 알려주세요,0,0,0,0
MI3_240823_TY1_0105_2_V01_1,2021년 5월중 광주·전남지역 비은행예금취급기관 수신에 대해 알려주세요,0,0,0,0
MI3_240823_TY1_0105_3_V01_1,제목에 대한 시각요소 제목과 관련된 차트 타입에 대해 알려주세요.,0,0,0,0
MI3_240823_TY1_0105_4_V01_1,비은행예금취급기관 여신에 대한 표에 대해 알려주세요,0,0,0,0
MI3_240823_TY1_0105_5_V01_1,중소기업대출금에 대한 표에 대해 알려주세요,0,0,0,0
MI3_240823_TY1_0105_6_V01_1,4. 자금사정 본문 표에 대해 알려주세요,0,0,0,0
MI3_240823_TY1_0115_1_V01_1,Ⅱ. 실물동향광주지역 제조업 생산·출하·재고 지수에 대해 알려주세요,0,0,0,0
MI3_240823_TY1_0115_2_V01_1,전남지역 제조업 생산·출하·재고 지수 표에 대해 알려주세요,0,0,0,0
MI3_240823_TY1_0115_3_V01_1,광주·전남지역 소비관련지표의 연간 데이터 및 판매액에 대해 알려주세요,0,0,0,0
MI3_240823_TY1_0115_4_V01_2,광주·전남지역 기계류 수입액 및 제조업 설비투자와 관련된 표에 대해 알려주세요.,0,0,0,0
MI3_240823_TY1_0115_5_V01_1,건설투자 관련 지표와 표에 대해 알려주세요,0,0,0,0
MI3_240823_TY1_0115_6_V01_2,광주지역 주요 품목별 수출입 차트(가로 막대형)에 대해 알려주세요,0,0,0,0
MI3_240823_TY1_0120_1_V01_1,Ⅱ. 실물동향광주지역 제조업 생산·출하·재고 지수 차트에 대해 알려주세요,0,0,0,0
MI3_240823_TY1_0120_2_V01_1,전남지역 제조업 생산·출하·재고 지수 차트에 대해 알려주세요,0,0,0,0
MI3_240823_TY1_0120_3_V01_1,광주·전남지역 소비관련지표에 대해 알려주세요,0,0,0,0
MI3_240823_TY1_0120_4_V01_1,2023년 7월중 광주전남지역 소비자심리지수와 관련된 표에 대해 알려주세요,0,0,0,0
MI3_240823_TY1_0120_5_V01_1,건설투자 관련 지표에 대해 알려주세요,0,0,0,0
MI3_240823_TY1_0120_6_V01_2,광주지역 주요 품목별 수출입 본문 차트에 대해 알려주세요,0,0,0,0
MI3_240823_TY1_0129_1_V01_1,2024년 4월중 광주전남지역 소비자심리지수와 관련된 차트(꺾은선형)에 대해 알려주세요,0,0,0,0
MI3_240823_TY1_0129_2_V02-4_2,"기계류 수입(좌축) 및 설비투자BSI(실적, 우축) 차트에 대해 알려주세요",0,0,0,0
MI3_240823_TY1_0129_3_V01_1,전라남도 지역 건축 착공면적 및 건축 허가면적 차트(세로 막대형)에 대해 알려주세요,0,0,0,0
MI3_240823_TY1_0129_4_V02-8_2,광주지역 수입 본문 차트(혼합형)에 대해 알려주세요,0,0,0,0
MI3_240823_TY1_0129_5_V02-8_1,전남지역 월별 일평균 수출액에 대해 알려주세요,0,0,0,0
MI3_240823_TY1_0129_6_V01_1,광주지역 소비자물가 상승률에 대해 알려주세요,0,0,0,0
MI3_240823_TY1_0154_1_V02-4_1,이 차트(영역형)에 대해 알려주세요,0,0,0,0
MI3_240823_TY1_0154_2_V02-4_1,잠재 및 실제 GDP성장률 꺾은선형 차트에 대해 알려주세요,0,0,0,0
MI3_240823_TY1_0154_3_V01_2,금융위기 이후 주요 경기부양정책과 관련된 데이터에 대해 알려주세요.,0,0,0,0
MI3_240823_TY1_0154_4_V02-5_1,향후 의료비 중 초과비용증가의 기여율 및 인구노령화 효과에 대해 알려주세요,0,0,0,0
MI3_240823_TY1_0154_5_V02-1_2,T01 T02 차트(세로 막대형) V02-1에 대해 알려주세요,0,0,0,0
MI3_240823_TY1_0154_6_V02-6_1,정부부채 및 이자비용 전망에 대한 차트(분산형)에 대해 알려주세요,0,0,0,0
MI3_240823_TY1_0163_1_V02-1_3,지역별 신용카드 소비유입 증가율에 대해 알려주세요,0,0,0,0
MI3_240823_TY1_0163_2_V01_1,신용카드 데이터 개요 업종분류 차트에 대해 알려주세요,0,0,0,0
MI3_240823_TY1_0163_3_V02-1_1,대전충남지역 신용카드 소비의 전국대비 비중 세로 막대형에 대해 알려주세요,0,0,0,0
MI3_240823_TY1_0163_4_V02-5_1,코로나19 이후 대전충남지역 소비행태 변화의 특징에 대해 알려주세요,0,0,0,0
MI3_240823_TY1_0163_5_V02-1_1,대전충남지역 소비에 대한 차트(세로 막대형)에 대해 알려주세요,0,0,0,0
MI3_240823_TY1_0163_6_V02-4_1,T01 T02 T03 꺾은선형에 대해 알려주세요,0,0,0,0
MI3_240823_TY1_0182_1_V01_1,한국은행 예금 및 대출금에 대한 차트(세로 막대형)에 대해 알려주세요,0,0,0,0
MI3_240823_TY1_0182_2_V01_2,고용 동향 차트에 대해 알려주세요,0,0,0,0
MI3_240823_TY1_0182_3_V02-4_1,경기종합지수 차트(꺾은선형)에 대해 알려주세요,0,0,0,0
MI3_240823_TY1_0182_4_V01_1,물가 및 부동산가격 관련 데이터의 표에 대해 알려주세요,0,0,0,0
MI3_240823_TY1_0182_5_V01_2,경상수지 관련 차트에 대해 알려주세요,0,0,0,0
MI3_240823_TY1_0182_6_V01_1,제목에 관련된 데이터 시각화에서 제공하는 표에 대해 알려주세요.,0,0,0,0
MI3_240823_TY1_0187_1_V01_1,설비투자 관련지표에 대한 차트(세로 막대형)에 대해 알려주세요,0,0,0,0
MI3_240823_TY1_0187_2_V01_1,수입 실적에 대해 알려주세요,0,0,0,0
MI3_240823_TY1_0187_3_V01_1,온산국가산업단지 동향에 대한 연간 차트(세로 막대형)에 대해 알려주세요,0,0,0,0
MI3_240823_TY1_0187_4_V01_1,제목에 대한 본문에 포함된 금융자금 및 대출 관련 내용의 표에 대해 알려주세요,0,0,0,0
MI3_240823_TY1_0187_5_V01_1,신용보증 실적에 대해 알려주세요.,0,0,0,0
MI3_240823_TY1_0187_6_V01_1,T01 T02 T03 표에 대해 알려주세요,0,0,0,0
MI3_240823_TY1_0188_1_V01_1,고용 관련 통계 데이터에 대한 표에 대해 알려주세요.,0,0,0,0
MI3_240823_TY1_0188_2_V01_1,주요 국가별 수출실적 차트에 대해 알려주세요,0,0,0,0
MI3_240823_TY1_0188_3_V01_1,금융자금 및 자금별 대출 표에 대해 알려주세요,0,0,0,0
MI3_240823_TY1_0188_4_V01_1,신용보증 실적에 대한 표에 대해 알려주세요,0,0,0,0
MI3_240823_TY1_0188_5_V01_2,한국은행 예금 및 대출금 표에 대해 알려주세요,0,0,0,0
MI3_240823_TY1_0188_6_V02-4_1,T01 T02 T03 꺾은선형에 대해 알려주세요,0,0,0,0
MI3_240823_TY1_0190_1_V01_1,설비투자 관련 지표의 표에 대해 알려주세요,0,0,0,0
MI3_240823_TY1_0190_2_V01_1,온산국가산업단지의 2010년과 2011년 연간 생산 및 수출에 대해 알려주세요,0,0,0,0
MI3_240823_TY1_0190_3_V01_1,Ⅲ. 금융동향예금은행수신 (말잔기준 증감액) 표에 대해 알려주세요,0,0,0,0
MI3_240823_TY1_0190_4_V01_1,에 관련된타입의 표에 대해 알려주세요.,0,0,0,0
MI3_240823_TY1_0190_5_V01_2,한국은행 예금 및 대출금에 대해 알려주세요,0,0,0,0
MI3_240823_TY1_0190_6_V02-4_1,경기종합지수 꺾은선형에 대해 알려주세요,0,0,0,0
MI3_240823_TY1_0205_1_V02-4_1,분기별 광공업생산 추이 및 전망 차트(꺾은선형)에 대해 알려주세요,0,0,0,0
MI3_240823_TY1_0205_2_V02-4_1,소비는 친환경자동차 보조금 지원제도 재시행에 따른 소비지출 차트(꺾은선형)에 대해 알려주세요,0,0,0,0
MI3_240823_TY1_0205_3_V02-8_1,명목임금 증감율 추이와 관련된 혼합형 차트에 대해 알려주세요,0,0,0,0
MI3_240823_TY1_0205_4_V02-8_1,회계연도별 경상수지 추이에 대해 알려주세요,0,0,0,0
MI3_240823_TY1_0205_5_V02-4_1,금융기관 대출과 국내은행 대출 증감추이 꺾은선형 차트에 대해 알려주세요,0,0,0,0
MI3_240823_TY1_0210_1_V02-1_2,강원지역 금융포용의 특징에 대해 알려주세요,0,0,0,0
MI3_240823_TY1_0210_2_V02-1_1,우리나라의 금융접근성 측정 지표에 대해 알려주세요,0,0,0,0
MI3_240823_TY1_0210_3_V02-4_1,"제목에 관련된 격차(A-B, 우축) 강원(차트(꺾은선형)에 대해 알려주세요",0,0,0,0
MI3_240823_TY1_0210_4_V02-1_3,시도별 금융기관 여수신지수(2021년) 세로 막대형 차트에 대해 알려주세요,0,0,0,0
MI3_240823_TY1_0210_5_V02-1_1,제목을 바탕으로 강원도 내 금융기관의 연도별 지수 변화에 대해 알려주세요.,0,0,0,0
MI3_240823_TY1_0210_6_V02-1_1,제목에 포함된 내용을 바탕으로 강원도와 전국 평균의 가계대출 비율을 나타내는 차트(세로 막대형)에 대해 알려주세요,0,0,0,0
MI3_240823_TY1_0231_1_V02-1_1,거주자 기준과 가맹점 기준 비교 차트에 대해 알려주세요,0,0,0,0
MI3_240823_TY1_0231_2_V02-1_1,서울 지역 거주자의 역외소비 비율과 관련된 차트에 대해 알려주세요,0,0,0,0
MI3_240823_TY1_0231_3_V02-1_2,업종별 소비유입률에 대한 세로 막대형 차트에 대해 알려주세요,0,0,0,0
MI3_240823_TY1_0231_4_V02-1_2,2020년 2~4월 동안 관광 관련 업종의 결제대금 증감률에 대해 알려주세요,0,0,0,0
MI3_240823_TY1_0231_5_V01_1,"(%, %p) 지역 2~4월(A) 2019. 2~4월(B) 2020. 증감률 (B-A) 표에 대해 알려주세요",0,0,0,0
MI3_240823_TY1_0231_6_V01_2,코로나19 확산 전후 소비유출입 변화 차트(가로 막대형)에 대해 알려주세요,0,0,0,0
MI3_240823_TY1_0251_1_V01_1,III. Identrus 인증서비스의 현황국제 인증서비스별 비교 표에 대해 알려주세요,0,0,0,0
MI3_240823_TY1_0251_2_V01_1,Identrus와 국내 인증체계 비교 다이어그램에 대해 알려주세요,0,0,0,0
MI3_240823_TY1_0251_5_V01_1,기업간 전자상거래 발전추이 표에 대해 알려주세요,0,0,0,0
MI3_240823_TY1_0280_1_V01_1,2013 2014 연간 2/4 3/4 4/4 1/4 2/4 8월 기계류 수입 및 설비투자 관련 지표에 대해 알려주세요,0,0,0,0
MI3_240823_TY1_0280_2_V02-4_1,서비스업 업황에 대해 알려주세요,0,0,0,0
MI3_240823_TY1_0280_3_V02-8_1,대구경북지역 수출입에 대해 알려주세요,0,0,0,0
MI3_240823_TY1_0280_4_V02-4_1,Ⅱ. 2014~15년 경제전망 2 설비투자 차트(꺾은선형)에 대해 알려주세요,0,0,0,0
MI3_240823_TY1_0280_5_V02-8_2,비주거용 건물 착공면적 혼합형에 대해 알려주세요,0,0,0,0
MI3_240823_TY1_0280_6_V02-8_2,GDP 전망경로 혼합형에 대해 알려주세요,0,0,0,0
MI3_240823_TY1_0313_1_V02-4_2,부산 제조업 업황BSI 및 생산에 대해 알려주세요,0,0,0,0
MI3_240823_TY1_0313_2_V02-4_2,T01 T02 T03 차트(꺾은선형)에 대해 알려주세요,0,0,0,0
MI3_240823_TY1_0313_3_V01_1,부산지역 건설 관련 지표에 대해 알려주세요,0,0,0,0
MI3_240823_TY1_0313_4_V01_1,부산지역 고용 관련 지표에 대해 알려주세요,0,0,0,0
MI3_240823_TY1_0313_5_V01_1,2023년 3월중 주택 매매가격 및 전세가격 변동에 대해 알려주세요,0,0,0,0
MI3_240823_TY1_0313_6_V02-8_2,기업대출 증감률 차트(혼합형)에 대해 알려주세요,0,0,0,0
MI3_240823_TY1_0316_1_V01_1,부산항 컨테이너 처리실적 연간에 대해 알려주세요.,0,0,0,0
MI3_240823_TY1_0316_2_V01_1,설비투자 관련 자료에서 자본재 수입과 제조업 설비투자에 대한 차트에 대해 알려주세요,0,0,0,0
MI3_240823_TY1_0316_3_V01_1,부산지역 수출입 통계 차트에 대해 알려주세요,0,0,0,0
MI3_240823_TY1_0316_4_V02-4_2,부산지역 품목별 소비자물가 상승률 차트(꺾은선형)에 대해 알려주세요,0,0,0,0
MI3_240823_TY1_0316_5_V02-8_1,부산지역 금융기관 가계대출에 대한 차트(혼합형)에 대해 알려주세요,0,0,0,0
MI3_240823_TY1_0316_6_V01_1,부산지역 금융기관 수신에 대해 알려주세요,0,0,0,0
MI3_240823_TY1_0338_2_V02-4_1,중소기업대출 신용보증 어음부도율 꺾은선형에 대해 알려주세요,0,0,0,0
MI3_240823_TY1_0338_3_V02-4_1,제조업 생산 꺾은선형에 대해 알려주세요,0,0,0,0
MI3_240823_TY1_0338_4_V02-4_1,충남 수출입 차트(꺾은선형)에 대해 알려주세요,0,0,0,0
MI3_240823_TY1_0338_5_V01_2,한국은행 예수금 및 대출금에 대해 알려주세요,0,0,0,0
MI3_240823_TY1_0338_6_V01_1,금융기관 여수신 표에 대해 알려주세요,0,0,0,0
MI3_240823_TY1_0374_1_V02-4_1,I 실물동향 1 제조업 활동 꺾은선형 차트에 대해 알려주세요,0,0,0,0
MI3_240823_TY1_0374_2_V01_1,소비 관련 지표와 대형소매점 판매액지수에 대해 알려주세요.,0,0,0,0
MI3_240823_TY1_0374_3_V01_1,2015.10월중 경기도 내수용 자본재 수입 및 산업기계 수입에 대한 차트와 범례에 대해 알려주세요,0,0,0,0
MI3_240823_TY1_0374_4_V01_1,나. 건설투자 관련 데이터에 대해 알려주세요,0,0,0,0
MI3_240823_TY1_0374_5_V02-8_1,에 포함된 제목과 관련하여 혼합형 차트에 대해 알려주세요,0,0,0,0
MI3_240823_TY1_0374_6_V02-8_1,고용률 변동에 대해 알려주세요,0,0,0,0
MI3_240823_TY1_0390_1_V02-1_1,경기지역 금융기관 여신 차트(세로 막대형)에 대해 알려주세요,0,0,0,0
MI3_240823_TY1_0390_2_V02-4_1,I 실물동향 1 제조업 활동 경기지역 제조업 생산 꺾은선형에 대해 알려주세요,0,0,0,0
MI3_240823_TY1_0390_3_V02-8_1,"제목에 경기지역 생산, 출하 및 재고 혼합형 차트에 대해 알려주세요",0,0,0,0
MI3_240823_TY1_0390_4_V02-8_1,경기지역 소비관련 주요지표에 대해 알려주세요.,0,0,0,0
MI3_240823_TY1_0390_5_V02-8_1,산업기계 수입액 및 내수용 자본재 수입액 차트(혼합형)에 대해 알려주세요,0,0,0,0
MI3_240823_TY1_0390_6_V01_1,나. 건설투자 관련 지표에 대해 알려주세요,0,0,0,0
MI3_240823_TY1_0390_7_V02-8_1,4 대외거래에 대한 혼합형 차트에 대해 알려주세요,0,0,0,0
MI3_240823_TY1_0390_8_V01_1,소비자물가와 관련된 표에 대해 알려주세요,0,0,0,0
MI3_240823_TY1_0390_9_V02-4_1,주택가격 경기지역에 대한 꺾은선형 차트에 대해 알려주세요,0,0,0,0
MI3_240823_TY1_0398_1_V01_1,제조업 업종별 생산 차트에 대해 알려주세요,0,0,0,0
MI3_240823_TY1_0398_2_V02-8_1,"생산, 출하 및 재고율에 대해 알려주세요",0,0,0,0
MI3_240823_TY1_0398_3_V01_1,자동차 신규등록대수와 대형소매점 판매 관련 데이터에 대해 알려주세요.,0,0,0,0
MI3_240823_TY1_0398_4_V02-8_1,투자 및 설비에 대한 본문과 관련된 그래프에 대해 알려주세요,0,0,0,0
MI3_240823_TY1_0398_5_V01_1,건설투자 관련 지표에 대해 알려주세요,0,0,0,0
MI3_240823_TY1_0398_6_V02-8_1,에 대한 V 혼합형에 대해 알려주세요,0,0,0,0
MI3_240823_TY1_0398_7_V02-8_1,"(전년동월대비, 천명) 취업자수 변동에 대해 알려주세요",0,0,0,0
MI3_240823_TY1_0398_8_V01_1,소비자물가 차트(혼합형)에 대해 알려주세요,0,0,0,0
MI3_240823_TY1_0398_9_V01_1,주택가격에 대한 매매가격과 전세가격 변화 추이를 나타내는 표에 대해 알려주세요,0,0,0,0
MI3_240823_TY1_0435_1_V01_1,농수축산물 출하관련 지표 추이 차트(세로 막대형)에 대해 알려주세요,0,0,0,0
MI3_240823_TY1_0435_2_V01_1,소비관련 지표 추이 차트에 대해 알려주세요,0,0,0,0
MI3_240823_TY1_0435_3_V01_1,건설투자 관련 지표 추이 차트(세로 막대형)에 대해 알려주세요,0,0,0,0
MI3_240823_TY1_0435_4_V01_1,관광관련 지표 추이 표에 대해 알려주세요,0,0,0,0
MI3_240823_TY1_0435_5_V01_1,제목에 대한 차트(세로 막대형) 데이터에 대해 알려주세요,0,0,0,0
MI3_240823_TY1_0435_6_V01_1,소비자물가 추이 (%) 차트에 대해 알려주세요,0,0,0,0
MI3_240823_TY1_0437_1_V01_1,I. 실물경제동향 1. 생산 제조업 생산활동 지표 추이에 대해 알려주세요,0,0,0,0
MI3_240823_TY1_0437_2_V01_1,농수축산물 출하 관련 지표 추이에 대해 알려주세요,0,0,0,0
MI3_240823_TY1_0437_3_V01_1,소비 관련 지표 추이 차트에 대해 알려주세요,0,0,0,0
MI3_240823_TY1_0437_4_V01_1,3. 건설투자 관련 지표 추이에 대해 알려주세요,0,0,0,0
MI3_240823_TY1_0437_5_V01_1,관광 관련 지표 추이 표에 대해 알려주세요,0,0,0,0
MI3_240823_TY1_0437_6_V01_1,고용 추이 차트에 대해 알려주세요,0,0,0,0
MI3_240823_TY1_0440_1_V01_1,자금사정에 대해 알려주세요,0,0,0,0
MI3_240823_TY1_0440_2_V01_1,Ⅱ. 실물동향제조업 생산·출하·재고동향 차트에 대해 알려주세요,0,0,0,0
MI3_240823_TY1_0440_3_V01_1,산업단지 조업동향 차트에 대해 알려주세요,0,0,0,0
MI3_240823_TY1_0440_4_V01_2,건축 허가 면적의 차트에 대해 알려주세요,0,0,0,0
MI3_240823_TY1_0440_5_V01_1,대외거래 본문 테이블에 대해 알려주세요,0,0,0,0
MI3_240823_TY1_0440_6_V01_1,이 문서에서 고용동향과 관련된 통계 및 그래픽 요소에 대해 알려주세요,0,0,0,0
MI3_240823_TY1_0474_1_V01_1,2003년 생산지수(원지수) 차트(세로 막대형)에 대해 알려주세요,0,0,0,0
MI3_240823_TY1_0474_2_V01_1,제목에 따른 연간 생산지수 및 출하지수 원지수 차트에 대해 알려주세요,0,0,0,0
MI3_240823_TY1_0474_3_V01_1,에 대한타입의 데이터에 대해 알려주세요,0,0,0,0
MI3_240823_TY1_0474_4_V01_1,제목에 해당하는 자료의 시각적 표현을 통해 보여지는 판매 지수 및 신규 등록 대수에 대해 알려주세요.,0,0,0,0
MI3_240823_TY1_0474_5_V01_1,T01 T02 V01에 대해 알려주세요,0,0,0,0
MI3_240823_TY1_0474_6_V01_1,T01 T02 V01에 대해 알려주세요,0,0,0,0
MI3_240823_TY1_0475_1_V01_1,2003년 4월중 생산지수에 대해 알려주세요,0,0,0,0
MI3_240823_TY1_0475_2_V01_1,2001 2002 2003 연간 생산지수(원지수)와 관련된 차트에 대해 알려주세요,0,0,0,0
MI3_240823_TY1_0475_3_V01_1,에 대한차트(세로 막대형)에 대해 알려주세요,0,0,0,0
MI3_240823_TY1_0475_4_V01_1,의 와 관련된 대형소매점 판매 지수에 대해 알려주세요.,0,0,0,0
MI3_240823_TY1_0475_5_V01_1,연간 4월 1~4월 건설발주액에 대해 알려주세요,0,0,0,0
MI3_240823_TY1_0475_6_V01_1,2001 2002 2003 연간에 대해 알려주세요,0,0,0,0
MI3_240823_TY1_0486_1_V01_1,2003년 생산지수에 대해 알려주세요,0,0,0,0
MI3_240823_TY1_0486_2_V01_1,제목에 대한 연간 생산지수 및 출하지수 원지수와 재고지수를 포함한 차트에 대해 알려주세요.,0,0,0,0
MI3_240823_TY1_0486_3_V01_1,에 포함된 차트에 대해 알려주세요,0,0,0,0
MI3_240823_TY1_0486_4_V01_1,2001 2002 2003 연간에 대해 알려주세요,0,0,0,0
MI3_240823_TY1_0486_5_V01_1,에 대한 연간 건설발주액과 관련된 표에 대해 알려주세요,0,0,0,0
MI3_240823_TY1_0486_6_V01_1,2001 2002 2003 연간 9월에 대해 알려주세요,0,0,0,0
MI3_240823_TY1_0492_1_V02-1_1,금융기관 수신 차트(세로 막대형)에 대해 알려주세요,0,0,0,0
MI3_240823_TY1_0492_2_V02-1_1,2003년 2월중 금융기관 여신에 대해 알려주세요,0,0,0,0
MI3_240823_TY1_0492_3_V02-4_1,어음부도율 차트(꺾은선형)에 대해 알려주세요,0,0,0,0
MI3_240823_TY1_0492_4_V01_1,T01 C01 V01에 대해 알려주세요,0,0,0,0
MI3_240823_TY1_0492_5_V01_1,제목에 포함된 내용과 관련된 데이터 시각화의 총체적인 정보와 비은행기관 및 예금은행의 수신 잔액 및 여신 잔액에 대해 알려주세요.,0,0,0,0
MI3_240823_TY1_0492_6_V01_1,2003년 2월말 현재 예금은행 대출금잔액에 대한 표에 대해 알려주세요,0,0,0,0
MI3_240823_TY1_0512_1_V01_1,금융기관 여수신 동향 표에 대해 알려주세요,0,0,0,0
MI3_240823_TY1_0512_2_V01_1,T01 T02 V01에 대해 알려주세요,0,0,0,0
MI3_240823_TY1_0512_3_V01_1,은행그룹별 예금 관련 정보와 표에 대해 알려주세요,0,0,0,0
MI3_240823_TY1_0512_4_V01_2,은행그룹별 대출금 표에 대해 알려주세요,0,0,0,0
MI3_240823_TY1_0512_5_V02-3_1,금융기관별 수신 비중 차트(원형)에 대해 알려주세요,0,0,0,0
MI3_240823_TY1_0512_6_V02-8_1,업종별 신설법인 현황 혼합형에 대해 알려주세요,0,0,0,0
MI3_240823_TY1_0520_1_V02-4_1,총수신과 총여신에 대해 알려주세요.,0,0,0,0
MI3_240823_TY1_0520_2_V01_1,경북동해안지역 예금은행 수신추이와 관련된 데이터의 표에 대해 알려주세요.,0,0,0,0
MI3_240823_TY1_0520_3_V01_1,경북동해안지역 비은행기관 수신추이 (기간중 증감액 기준) 차트에 대해 알려주세요,0,0,0,0
MI3_240823_TY1_0520_4_V01_1,경북동해안지역 예금은행 여신추이에 대해 알려주세요,0,0,0,0
MI3_240823_TY1_0520_5_V01_1,2004년 3월말 잔액에 대한 표에 대해 알려주세요,0,0,0,0
MI3_240823_TY1_0520_6_V01_1,에 대한 (억원) 표에 대해 알려주세요,0,0,0,0
MI3_240823_TY1_0524_1_V01_2,2. 한국은행 예금 및 대출금 한국은행 예금 및 대출 추이에 대해 알려주세요,0,0,0,0
MI3_240823_TY1_0524_2_V01_1,경북동해안지역 예금은행 수신추이 차트(세로 막대형)에 대해 알려주세요,0,0,0,0
MI3_240823_TY1_0524_3_V01_1,경북동해안지역 비은행기관 수신추이 (기간중 증감액 기준) 차트에 대해 알려주세요,0,0,0,0
MI3_240823_TY1_0524_4_V01_1,경북동해안지역 예금은행 여신추이에 대해 알려주세요,0,0,0,0
MI3_240823_TY1_0524_5_V01_1,여신 합계 표에 대해 알려주세요,0,0,0,0
MI3_240823_TY1_0675_1_V02-1_2,금융기관 여신 증감액 추이 차트(세로 막대형)에 대해 알려주세요,0,0,0,0
MI3_240823_TY1_0675_2_V02-8_1,중소기업 대출 신용보증 자금사정 혼합형 차트에 대해 알려주세요,0,0,0,0
MI3_240823_TY1_0675_3_V02-4_2,Ⅱ. 실물동향 포항지역 수출 및 수입추이 꺾은선형에 대해 알려주세요,0,0,0,0
MI3_240823_TY1_0675_4_V02-4_1,소비자물가 기타 실물 간이지표 꺾은선형에 대해 알려주세요,0,0,0,0
MI3_240823_TY1_0675_5_V01_1,금융기관 여수신 추이 차트(영역형)에 대해 알려주세요,0,0,0,0
MI3_240823_TY1_0675_6_V01_1,기업 자금조달 에 대해 알려주세요,0,0,0,0
MI3_240823_TY1_0700_1_V02-8_2,건설관련 지표 추이에 대해 알려주세요,0,0,0,0
MI3_240823_TY1_0700_2_V02-8_2,소비자물가 상승률 추이와 관련된 차트(혼합형)에 대해 알려주세요,0,0,0,0
MI3_240823_TY1_0700_3_V02-3_1,금융기관 수신비중 차트(원형)에 대해 알려주세요,0,0,0,0
MI3_240823_TY1_0700_4_V02-3_1,금융기관 여신비중에 대해 알려주세요,0,0,0,0
MI3_240823_TY1_0700_5_V02-4_1,어음부도율 추이 꺾은선형 차트에 대해 알려주세요,0,0,0,0
MI3_240823_TY1_0700_6_V02-8_1,건설기성액 추세를 나타내는 혼합형 차트에 대해 알려주세요,0,0,0,0
MI3_240823_TY1_0700_7_V02-4_2,인력사정 전망 BSI 차트(꺾은선형)에 대해 알려주세요,0,0,0,0
MI3_240823_TY1_0704_1_V01_1,제조업 생산. 출하. 재고지수 추이에 대해 알려주세요,0,0,0,0
MI3_240823_TY1_0704_2_V01_1,금융기관 수신 2010년 2011년 2월말 잔액 차트에 대해 알려주세요,0,0,0,0
MI3_240823_TY1_0704_3_V01_1,금융기관 여신 표에 대해 알려주세요,0,0,0,0
MI3_240823_TY1_0704_4_V01_1,예금은행 총대출 표에 대해 알려주세요,0,0,0,0
MI3_240823_TY1_0704_5_V02-4_1,6. 자금사정어음부도율 추이에 대해 알려주세요,0,0,0,0
MI3_240823_TY1_0704_6_V02-3_1,금융기관별 수신 잔액 비중 차트(원형)에 대해 알려주세요,0,0,0,0
MI3_240823_TY1_0712_1_V01_1,2011년 12월중 예금은행의 중소기업 대출에 대해 알려주세요,0,0,0,0
MI3_240823_TY1_0712_2_V01_1,자금사정에 대한 데이터와 관련된 표에 대해 알려주세요.,0,0,0,0
MI3_240823_TY1_0712_3_V01_2,건축허가 면적 천m2에 대해 알려주세요,0,0,0,0
MI3_240823_TY1_0712_4_V01_1,5. 고 용 본문 표에 대해 알려주세요,0,0,0,0
MI3_240823_TY1_0712_5_V01_1,부동산가격 동향1) 표에 대해 알려주세요,0,0,0,0
MI3_240823_TY1_0712_6_V01_1,항공수송실적 차트에 대해 알려주세요,0,0,0,0
MI3_240823_TY1_0716_1_V02-8_1,2010년부터 2012년까지의 수신 추세에 대해 알려주세요,0,0,0,0
MI3_240823_TY1_0716_2_V02-8_2,제목 지역밀착형 금융기관 여신 추이에 대해 알려주세요,0,0,0,0
MI3_240823_TY1_0716_3_V02-4_1,인천 지역의 시계열 데이터에 대해 알려주세요,0,0,0,0
MI3_240823_TY1_0716_4_V02-8_1,부도법인 및 신설법인수 추이에 대해 알려주세요,0,0,0,0
MI3_240823_TY1_0716_5_V01_1,Ⅱ. 실물동향인천지역 제조업 생산·출하·재고동향에 대해 알려주세요,0,0,0,0
MI3_240823_TY1_0716_6_V01_1,인천지역 소비관련 주요지표 차트에 대해 알려주세요,0,0,0,0
MI3_240823_TY1_0717_1_V02-8_2,제목에 대한 차트(혼합형) 정보에 대해 알려주세요,0,0,0,0
MI3_240823_TY1_0717_2_V02-8_2,은행 여신 추이에 대해 알려주세요,0,0,0,0
MI3_240823_TY1_0717_3_V02-4_1,어음부도율 추이 차트(꺾은선형)에 대해 알려주세요,0,0,0,0
MI3_240823_TY1_0717_4_V02-8_1,부도법인 및 신설법인수 추이에 대해 알려주세요,0,0,0,0
MI3_240823_TY1_0717_5_V01_1,Ⅱ. 실물동향인천지역 제조업 생산·출하·재고동향 표에 대해 알려주세요,0,0,0,0
MI3_240823_TY1_0717_6_V01_1,인천지역 소비관련 주요지표 표에 대해 알려주세요,0,0,0,0
MI3_240823_TY1_0718_1_V02-8_2,지역밀착형 금융기관 수신 추이에 대해 알려주세요,0,0,0,0
MI3_240823_TY1_0718_2_V02-8_2,지역밀착형 금융기관 여신 추이 혼합형에 대해 알려주세요,0,0,0,0
MI3_240823_TY1_0718_3_V02-4_1,제목과 관련된 내용으로 인천지역의 어음부도율 추세를 보여주는 꺾은선형 차트에 대해 알려주세요,0,0,0,0
MI3_240823_TY1_0718_4_V02-8_1,부도법인 및 신설법인수 추이 혼합형에 대해 알려주세요,0,0,0,0
MI3_240823_TY1_0718_5_V01_1,Ⅱ. 실물동향인천지역 제조업 생산·출하·재고동향에 대해 알려주세요,0,0,0,0
MI3_240823_TY1_0718_6_V01_1,인천지역 소비관련 주요지표에 대해 알려주세요,0,0,0,0
MI3_240823_TY1_0745_1_V02-4_1,주요 업종별 생산 증가율 추이 꺾은선형에 대해 알려주세요,0,0,0,0
MI3_240823_TY1_0745_2_V02-4_1,기타 기계 및 장비 출하지수 차트(꺾은선형)에 대해 알려주세요,0,0,0,0
MI3_240823_TY1_0745_3_V02-4_2,주택매매가격 상승률 추이 차트(꺾은선형)에 대해 알려주세요,0,0,0,0
MI3_240823_TY1_0745_4_V01_1,총수신 표에 대해 알려주세요,0,0,0,0
MI3_240823_TY1_0745_5_V01_1,중소기업 대출금 표에 대해 알려주세요,0,0,0,0
MI3_240823_TY1_0745_6_V02-4_1,어음부도율 추이 꺾은선형에 대해 알려주세요,0,0,0,0
MI3_240823_TY1_0749_1_V02-8_1,예금은행 수신 추이 혼합형에 대해 알려주세요,0,0,0,0
MI3_240823_TY1_0749_2_V02-8_1,비은행 금융기관 여신 추이에 대해 알려주세요,0,0,0,0
MI3_240823_TY1_0749_3_V02-4_1,어음 부도율 추이 꺾은선형에 대해 알려주세요,0,0,0,0
MI3_240823_TY1_0749_4_V02-8_1,부도법인 및 신설법인수 추이에 대해 알려주세요,0,0,0,0
MI3_240823_TY1_0749_5_V01_1,Ⅱ. 실물동향인천지역 제조업 생산·출하·재고동향 차트에 대해 알려주세요,0,0,0,0
MI3_240823_TY1_0749_6_V01_1,에 대한타입 차트에 대해 알려주세요,0,0,0,0
MI3_240823_TY1_0758_1_V01_1,소비 추이 표에 대해 알려주세요,0,0,0,0
MI3_240823_TY1_0758_2_V02-1_1,수정증액 응답업체 구성비 차트(세로 막대형)에 대해 알려주세요,0,0,0,0
MI3_240823_TY1_0758_3_V02-4_1,주택가격 상승률 추이 (전월대비) 차트(꺾은선형)에 대해 알려주세요,0,0,0,0
MI3_240823_TY1_0758_4_V02-4_1,한국은행 예금 및 대출금 잔액 추이에 대해 알려주세요,0,0,0,0
MI3_240823_TY1_0758_5_V01_1,금융기관 여신 표에 대해 알려주세요,0,0,0,0
MI3_240823_TY1_0758_6_V01_1,신용보증 현황 표에 대해 알려주세요,0,0,0,0
MI3_240823_TY1_0772_1_V02-4_1,주요 업종별 생산 증가율 추이 꺾은선형 차트에 대해 알려주세요,0,0,0,0
MI3_240823_TY1_0772_2_V02-4_1,기타 기계 및 장비 출하지수 차트(꺾은선형)에 대해 알려주세요,0,0,0,0
MI3_240823_TY1_0772_3_V01_1,주택가격 상승률 추이에 대해 알려주세요,0,0,0,0
MI3_240823_TY1_0772_4_V01_1,금융기관 수신 표에 대해 알려주세요,0,0,0,0
MI3_240823_TY1_0772_5_V02-8_1,중소기업 대출금 추이 혼합형에 대해 알려주세요,0,0,0,0
MI3_240823_TY1_0772_6_V02-4_1,어음부도율 추이 꺾은선형에 대해 알려주세요,0,0,0,0
MI3_240823_TY1_0776_1_V01_1,한국은행 제주본부 화폐 발행 및 환수액 표에 대해 알려주세요,0,0,0,0
MI3_240823_TY1_0776_2_V02-8_1,금융기관 여신 차트(혼합형)에 대해 알려주세요,0,0,0,0
MI3_240823_TY1_0776_3_V01_1,보증 합계 표에 대해 알려주세요,0,0,0,0
MI3_240823_TY1_0776_5_V02-4_1,객실 가동률 전망 꺾은선형에 대해 알려주세요,0,0,0,0
MI3_240823_TY1_0776_6_V02-1_2,전체 관광호텔 차트(세로 막대형)에 대해 알려주세요,0,0,0,0
MI3_240823_TY1_0779_1_V02-3_1,원형에 대해 알려주세요,0,0,0,0
MI3_240823_TY1_0779_2_V02-1_1,GRDP에서의 농림어업 비중 차트(세로 막대형)에 대해 알려주세요,0,0,0,0
MI3_240823_TY1_0779_4_V02-4_1,T01 T02 T03 꺾은선형에 대해 알려주세요,0,0,0,0
MI3_240823_TY1_0779_6_V01_1,기술사업화 창업촉진 프로그램의 본문과 관련된 시각요소에 대해 알려주세요,0,0,0,0
MI3_240823_TY1_0801_1_V01_1,한국은행 제주본부 화폐 발행 및 환수액 표에 대해 알려주세요,0,0,0,0
MI3_240823_TY1_0801_2_V02-8_1,한국은행 예금 및 대출금 혼합형에 대해 알려주세요,0,0,0,0
MI3_240823_TY1_0801_3_V02-8_2,비은행 여신증가율 혼합형에 대해 알려주세요,0,0,0,0
MI3_240823_TY1_0801_4_V02-8_1,토지거래면적과 주택거래량 혼합형에 대해 알려주세요,0,0,0,0
MI3_240823_TY1_0801_5_V02-1_2,예금은행 수신증감액 추이 차트(세로 막대형)에 대해 알려주세요,0,0,0,0
MI3_240823_TY1_0801_6_V01_1,신용보증액1) 표에 대해 알려주세요,0,0,0,0
MI3_240823_TY1_0804_1_V01_1,한국은행 전북본부 중소기업 지원금액 부문별 비중 표에 대해 알려주세요,0,0,0,0
MI3_240823_TY1_0804_2_V01_1,총여신 잔액 표에 대해 알려주세요,0,0,0,0
MI3_240823_TY1_0804_3_V01_1,기업대출 합계 표에 대해 알려주세요,0,0,0,0
MI3_240823_TY1_0804_4_V01_1,가계대출 합계 표에 대해 알려주세요,0,0,0,0
MI3_240823_TY1_0804_5_V02-8_1,신용보증 현황 혼합형에 대해 알려주세요,0,0,0,0
MI3_240823_TY1_0813_1_V02-4_1,한국은행 예금 및 대출금 잔액 추이 꺾은선형에 대해 알려주세요,0,0,0,0
MI3_240823_TY1_0813_2_V02-4_1,주요 지원부문별 비중 추이 꺾은선형에 대해 알려주세요,0,0,0,0
MI3_240823_TY1_0813_3_V02-8_1,금융기관 여신 증감 추이 혼합형에 대해 알려주세요,0,0,0,0
MI3_240823_TY1_0813_4_V01_1,기업대출 증감 추이 표에 대해 알려주세요,0,0,0,0
MI3_240823_TY1_0813_5_V02-8_1,가계대출 증감 추이 혼합형에 대해 알려주세요,0,0,0,0
MI3_240823_TY1_0825_1_V01_1,한국은행 제주본부 화폐 발행 및 환수액 표에 대해 알려주세요,0,0,0,0
MI3_240823_TY1_0825_2_V02-8_2,한국은행 제주본부 예금 및 대출금 혼합형에 대해 알려주세요,0,0,0,0
MI3_240823_TY1_0825_3_V02-1_2,금융기관별 여신 차트(세로 막대형)에 대해 알려주세요,0,0,0,0
MI3_240823_TY1_0825_4_V01_1,T01 T02 T03 표에 대해 알려주세요,0,0,0,0
MI3_240823_TY1_0825_5_V02-1_2,요구불예금 차트(세로 막대형)에 대해 알려주세요,0,0,0,0
MI3_240823_TY1_0825_6_V02-8_1,신용보증액 증감 추이에 대한 차트(꺾은선형)에 대해 알려주세요,0,0,0,0
MI3_240823_TY1_0830_1_V02-1_1,재무구조 관련 주요지표 차트(세로 막대형)에 대해 알려주세요,0,0,0,0
MI3_240823_TY1_0830_2_V02-7_1,방사형에 대해 알려주세요,0,0,0,0
MI3_240823_TY1_0830_3_V01_1,환율 및 국제유가 추이에 대해 알려주세요,0,0,0,0
MI3_240823_TY1_0830_4_V01_1,매출액 관련 지표의 표에 대해 알려주세요,0,0,0,0
MI3_240823_TY1_0830_5_V02-7_1,제조업의 기업규모별 및 수출비중별 수익성 주요지표 차트(방사형)에 대해 알려주세요,0,0,0,0
MI3_240823_TY1_0830_6_V02-7_1,2005년중 제조업의 업종별 매출액증가율 비교 방사형에 대해 알려주세요,0,0,0,0
MI3_240823_TY1_0843_1_V02-4_1,제조업 생산 추이에 대해 알려주세요,0,0,0,0
MI3_240823_TY1_0843_2_V02-4_1,제조업 생산 추이에 대한 꺾은선형 차트에 대해 알려주세요,0,0,0,0
MI3_240823_TY1_0843_3_V02-8_1,기업대출 가계대출 추이에 대한 혼합형 차트에 대해 알려주세요,0,0,0,0
MI3_240823_TY1_0843_4_V02-8_1,중소기업 대출금 추이 혼합형에 대해 알려주세요,0,0,0,0
MI3_240823_TY1_0843_5_V02-1_1,신용보증 추이 차트(세로 막대형)에 대해 알려주세요,0,0,0,0
MI3_240823_TY1_0843_6_V02-4_1,어음부도율 추이 꺾은선형에 대해 알려주세요,0,0,0,0
MI3_240823_TY1_0856_1_V02-4_1,I. 수출 동향 (가로 막대형) 차트에 대해 알려주세요,0,0,0,0
MI3_240823_TY1_0856_2_V02-4_2,경매 유찰 건수 차트(꺾은선형)에 대해 알려주세요,0,0,0,0
MI3_240823_TY1_0856_3_V02-4_1,일본 GDP디플레이터 꺾은선형에 대해 알려주세요,0,0,0,0
MI3_240823_TY1_0856_5_V02-8_2,경제성장과 민간소비 추이 차트(혼합형)에 대해 알려주세요,0,0,0,0
MI3_240823_TY1_0856_6_V02-8_2,GDP 및 건설부문 추이에 대해 알려주세요,0,0,0,0
MI3_240823_TY1_0870_1_V01_1,06 07 95 00 05 연간에 대해 알려주세요,0,0,0,0
MI3_240823_TY1_0870_2_V01_1,은행권의 수신 추이에 대한 표에 대해 알려주세요,0,0,0,0
MI3_240823_TY1_0870_3_V01_1,대구·경북지역 증권사 주식 약정고 추이에 대해 알려주세요,0,0,0,0
MI3_240823_TY1_0870_4_V01_1,대구·경북지역 금융기관 여신 추이에 대해 알려주세요,0,0,0,0
MI3_240823_TY1_0870_5_V01_2,T01 T02 지역별 은행 여수신 규모에 대해 알려주세요,0,0,0,0
MI3_240823_TY1_0870_6_V01_1,전국 대구·경북 부산·경남 인구와 관련된 차트에 대해 알려주세요,0,0,0,0
MI3_240823_TY1_0906_1_V02-1_2,지역별 민간소비 증가율 차트(세로 막대형)에 대해 알려주세요,0,0,0,0
MI3_240823_TY1_0906_2_V02-1_1,강원 및 전국 1인당 개인소득 증가율 세로 막대형에 대해 알려주세요,0,0,0,0
MI3_240823_TY1_0906_3_V02-6_1,누적소득 분포 분산형 차트에 대해 알려주세요,0,0,0,0
MI3_240823_TY1_0906_4_V02-4_2,가구주 연령별 가계부채 보유 비중 차트(꺾은선형)에 대해 알려주세요,0,0,0,0
MI3_240823_TY1_0906_5_V02-4_2,전국 1인 가구 연령별 구성 추이 꺾은선형 차트에 대해 알려주세요,0,0,0,0
MI3_240823_TY1_0906_6_V02-4_2,강원 및 전국 비상용근로자 추이 차트(꺾은선형)에 대해 알려주세요,0,0,0,0
MI3_240823_TY1_0909_1_V01_1,강원지역 고용 지표1) 차트에 대해 알려주세요,0,0,0,0
MI3_240823_TY1_0909_2_V02-8_1,금융기관 여신 추이 차트(혼합형)에 대해 알려주세요,0,0,0,0
MI3_240823_TY1_0909_3_V01_1,예금은행 수신 현황 표에 대해 알려주세요,0,0,0,0
MI3_240823_TY1_0909_4_V01_1,예금은행 여신 현황 표에 대해 알려주세요,0,0,0,0
MI3_240823_TY1_0909_5_V02-8_1,비은행금융기관 수신 추이 차트(혼합형)에 대해 알려주세요,0,0,0,0
MI3_240823_TY1_0909_6_V02-8_1,비은행금융기관 여신 증감액 차트(혼합형)에 대해 알려주세요,0,0,0,0
MI3_240823_TY1_0960_1_V01_1,화폐발행 및 환수 표에 대해 알려주세요,0,0,0,0
MI3_240823_TY1_0960_2_V01_1,강원지역 금융기관 여신 동향 표에 대해 알려주세요,0,0,0,0
MI3_240823_TY1_0960_3_V01_1,비은행기관 수신 동향에 대한 표에 대해 알려주세요,0,0,0,0
MI3_240823_TY1_0960_4_V01_1,비은행기관 여신 동향 차트(표) 에 대해 알려주세요,0,0,0,0
MI3_240823_TY1_0960_5_V01_1,6. 증권사 수신에 대한 표에 대해 알려주세요,0,0,0,0
MI3_240823_TY1_0960_6_V02-4_1,어음부도율 추이 꺾은선형에 대해 알려주세요,0,0,0,0
MI3_240823_TY1_0967_1_V01_1,화폐발행 및 환수 표에 대해 알려주세요,0,0,0,0
MI3_240823_TY1_0967_2_V01_1,2007년부터의 금융기관 여신 동향 차트(세로 막대형)에 대해 알려주세요,0,0,0,0
MI3_240823_TY1_0967_3_V01_1,비은행기관 수신 동향의 표에 대해 알려주세요,0,0,0,0
MI3_240823_TY1_0967_4_V01_1,비은행기관 여신 동향 차트(세로 막대형)에 대해 알려주세요,0,0,0,0
MI3_240823_TY1_0967_5_V01_1,수익증권(펀드) 판매 동향 표에 대해 알려주세요,0,0,0,0
MI3_240823_TY1_0967_6_V02-4_1,어음부도율 추이 꺾은선형에 대해 알려주세요,0,0,0,0
MI3_240823_TY1_0996_1_V02-1_1,강원지역 금융기관 수신 증감액 추이 차트(세로 막대형)에 대해 알려주세요,0,0,0,0
MI3_240823_TY1_0996_2_V01_1,예금은행 중소기업대출에 대해 알려주세요,0,0,0,0
MI3_240823_TY1_0996_3_V02-8_1,금융기관 주택대출 동향 혼합형에 대해 알려주세요,0,0,0,0
MI3_240823_TY1_0996_4_V02-8_1,자산운용사 수신 추이 혼합형 차트에 대해 알려주세요,0,0,0,0
MI3_240823_TY1_0996_5_V02-4_1,업종별 부도율 추세 꺾은선형 차트에 대해 알려주세요,0,0,0,0
MI3_240823_TY1_0996_6_V02-1_1,신규부도업체수 추이 차트(세로 막대형)에 대해 알려주세요,0,0,0,0
MI3_240823_TY1_1003_1_V01_1,개성공단 조성사업 추진계획 표에 대해 알려주세요,0,0,0,0
MI3_240823_TY1_1003_2_V01_1,"개성, 중국, 한국 공업단지 사업 여건 비교 차트에 대해 알려주세요",0,0,0,0
MI3_240823_TY1_1003_4_V02-1_1,T01 T02 T03 차트(세로 막대형)에 대해 알려주세요,0,0,0,0
MI3_240823_TY1_1003_5_V02-4_5,전기전자기기 차트(꺾은선형)에 대해 알려주세요,0,0,0,0
MI3_240823_TY1_1003_6_V02-4_6,화학제품 꺾은선형에 대해 알려주세요,0,0,0,0
MI3_240823_TY1_1039_1_V02-4_1,제조업 생산지수 꺾은선형에 대해 알려주세요,0,0,0,0
MI3_240823_TY1_1039_2_V02-4_1,제조업 생산·출하·재고 꺾은선형 차트에 대해 알려주세요,0,0,0,0
MI3_240823_TY1_1039_3_V02-4_1,현재생활형편 CSI 꺾은선형에 대해 알려주세요,0,0,0,0
MI3_240823_TY1_1039_4_V02-4_1,자본재 및 반도체·평판디스플레이 제조용 장비 수입 증감률 차트(꺾은선형)에 대해 알려주세요,0,0,0,0
MI3_240823_TY1_1039_5_V02-8_1,건설수주액 및 건축허가·착공면적 증감률 차트(혼합형)에 대해 알려주세요,0,0,0,0
MI3_240823_TY1_1039_6_V02-4_1,수출입 증감률 꺾은선형에 대해 알려주세요,0,0,0,0
MI3_240823_TY1_1052_1_V02-1_2,경기도 구직자 및 실업자 분해 결과 차트(세로 막대형)에 대해 알려주세요,0,0,0,0
MI3_240823_TY1_1052_2_V02-1_1,서울시 구직자 및 실업자 분해 결과 차트(세로 막대형)에 대해 알려주세요,0,0,0,0
MI3_240823_TY1_1052_3_V02-1_1,수도권 구직자 및 실업자 분해 결과 차트(세로 막대형)에 대해 알려주세요,0,0,0,0
MI3_240823_TY1_1052_4_V02-1_1,[그림 1] 경기도 구직자 및 실업자 분해 결과 차트(세로 막대형)에 대해 알려주세요,0,0,0,0
MI3_240823_TY1_1052_5_V02-1_1,서울시 구직자 및 실업자 분해 결과 차트(세로 막대형)에 대해 알려주세요,0,0,0,0
MI3_240823_TY1_1075_1_V02-4_1,포스코 철강생산량 증감률 꺾은선형에 대해 알려주세요,0,0,0,0
MI3_240823_TY1_1075_2_V02-1_1,경북 동해안 수산물 생산량 차트(세로 막대형)에 대해 알려주세요,0,0,0,0
MI3_240823_TY1_1075_3_V02-1_1,경북동해안수입 차트(세로 막대형)에 대해 알려주세요,0,0,0,0
MI3_240823_TY1_1075_4_V02-4_1,경북동해안 승용차 순증 등록대수 차트(꺾은선형)에 대해 알려주세요,0,0,0,0
MI3_240823_TY1_1075_5_V02-4_1,포항 경주지역 소비자물가 변동률 차트(꺾은선형)에 대해 알려주세요,0,0,0,0
MI3_240823_TY1_1075_6_V02-4_1,포항시 예금은행 수신 증감액 꺾은선형에 대해 알려주세요,0,0,0,0
MI3_240823_TY1_1083_1_V02-1_1,포스코 포항공장 철강생산량 차트(세로 막대형)에 대해 알려주세요,0,0,0,0
MI3_240823_TY1_1083_2_V01_1,입도관광객수 통계에 대해 알려주세요,0,0,0,0
MI3_240823_TY1_1083_3_V02-1_1,경북동해안 단위당 수산물생산액 증감률 차트(세로 막대형)에 대해 알려주세요,0,0,0,0
MI3_240823_TY1_1083_4_V02-4_1,경북동해안지역 수입 증감률 꺾은선형에 대해 알려주세요,0,0,0,0
MI3_240823_TY1_1083_5_V02-1_1,경북동해안 승용차 순증 등록대수 (천대) 세로 막대형에 대해 알려주세요,0,0,0,0
MI3_240823_TY1_1083_6_V02-4_2,포항시 품목별 소비자물가 변동률 꺾은선형에 대해 알려주세요,0,0,0,0
MI3_240823_TY1_1086_1_V01_1,화폐발행 및 환수 표에 대해 알려주세요,0,0,0,0
MI3_240823_TY1_1086_2_V01_1,경북동해안지역 비은행금융기관의 수신과 관련된 데이터에 대해 알려주세요,0,0,0,0
MI3_240823_TY1_1086_3_V01_1,경북동해안지역 비은행금융기관여신 시각요소에 대해 알려주세요,0,0,0,0
MI3_240823_TY1_1086_4_V01_1,어음부도율 및 부도금액에 대한 표에 대해 알려주세요,0,0,0,0
MI3_240823_TY1_1086_5_V01_1,포항지역 수출입 표에 대해 알려주세요,0,0,0,0
MI3_240823_TY1_1086_6_V01_2,포항지역 백화점 및 대형마트 판매액 증감률 표에 대해 알려주세요,0,0,0,0
MI3_240823_TY1_1115_1_V02-8_1,금융기관 수신 및 여신 혼합형에 대해 알려주세요,0,0,0,0
MI3_240823_TY1_1115_2_V02-4_1,소비자물가 상승률 추이 꺾은선형에 대해 알려주세요,0,0,0,0
MI3_240823_TY1_1115_3_V02-1_1,화폐발행 및 환수 차트(세로 막대형)에 대해 알려주세요,0,0,0,0
MI3_240823_TY1_1115_4_V02-4_1,한국은행 예금 및 대출금 잔액 추이 꺾은선형 차트에 대해 알려주세요,0,0,0,0
MI3_240823_TY1_1115_5_V01_1,신용보증현황 표에 대해 알려주세요,0,0,0,0
MI3_240823_TY1_1115_6_V02-4_1,어음부도율 추이 꺾은선형에 대해 알려주세요,0,0,0,0
MI3_240823_TY1_1122_1_V02-4_1,대구경북지역 미분양주택 현황 꺾은선형 차트에 대해 알려주세요,0,0,0,0
MI3_240823_TY1_1122_2_V02-8_1,라. 수출 및 수입에 대한 혼합형 차트에 대해 알려주세요,0,0,0,0
MI3_240823_TY1_1122_3_V01_1,기업 자금조달 관련 데이터의 차트에 대해 알려주세요,0,0,0,0
MI3_240823_TY1_1122_4_V01_1,16.4월말 15.11월 표에 대해 알려주세요,0,0,0,0
MI3_240823_TY1_1122_5_V01_1,생산 및 고용 관련지표 차트에 대해 알려주세요,0,0,0,0
MI3_240823_TY1_1126_1_V01_1,대구경북지역 미분양주택 현황과 관련된 표에 대해 알려주세요,0,0,0,0
MI3_240823_TY1_1126_2_V02-8_1,대구경북지역 수출입에 대한 혼합형 차트에 대해 알려주세요,0,0,0,0
MI3_240823_TY1_1126_3_V02-8_1,가계 실질구매력 차트(혼합형)에 대해 알려주세요,0,0,0,0
MI3_240823_TY1_1126_4_V02-8_2,제조업 평균가동률과 재고율 차트(혼합형)에 대해 알려주세요,0,0,0,0
MI3_240823_TY1_1126_5_V02-4_1,글로벌 IT 성장률 꺾은선형에 대해 알려주세요,0,0,0,0
MI3_240823_TY1_1126_6_V02-8_1,아파트 분양물량 및 착공면적 차트(혼합형)에 대해 알려주세요,0,0,0,0
MI3_240823_TY1_1132_1_V01_1,제조업 출하 및 재고 증감률에 대해 알려주세요,0,0,0,0
MI3_240823_TY1_1132_2_V02-4_1,미분양주택 꺾은선형 차트에 대해 알려주세요,0,0,0,0
MI3_240823_TY1_1132_3_V02-8_1,대구경북지역 수출입에 대한 혼합형 차트에 대해 알려주세요,0,0,0,0
MI3_240823_TY1_1132_4_V01_1,물가 및 부동산가격 소비자물가 상승률 차트(세로 막대형)에 대해 알려주세요,0,0,0,0
MI3_240823_TY1_1132_5_V01_1,10월중 은행 수신과 관련된 표에 대해 알려주세요,0,0,0,0
MI3_240823_TY1_1132_6_V01_1,기업1) 자금조달 및 가계대출에 대해 알려주세요,0,0,0,0
MI3_240823_TY1_1141_1_V01_2,한국은행 예금 및 대출금 표에 대해 알려주세요,0,0,0,0
MI3_240823_TY1_1141_2_V01_1,금융기관 수신에 대한 데이터의 내용을 기반으로 차트 타입에 대해 알려주세요,0,0,0,0
MI3_240823_TY1_1141_3_V01_2,예금은행의 산업별 대출 표에 대해 알려주세요,0,0,0,0
MI3_240823_TY1_1141_4_V01_1,자금사정 지표에 대한 표에 대해 알려주세요,0,0,0,0
MI3_240823_TY1_1141_5_V01_1,4. 대외거래에 대한 시각요소(표)에 대해 알려주세요,0,0,0,0
MI3_240823_TY1_1141_6_V01_1,소비자물가 에 대해 알려주세요,0,0,0,0
MI3_240823_TY1_1153_1_V01_1,제조업 생산지수 표에 대해 알려주세요,0,0,0,0
MI3_240823_TY1_1153_2_V01_1,대형소매점 판매액지수 표에 대해 알려주세요,0,0,0,0
MI3_240823_TY1_1153_3_V02-8_1,건설수주액 및 건축허가·착공면적 증감률 차트(혼합형)에 대해 알려주세요,0,0,0,0
MI3_240823_TY1_1153_4_V02-8_1,고용률 및 취업자수 증감 차트(혼합형)에 대해 알려주세요,0,0,0,0
MI3_240823_TY1_1153_5_V01_1,주택가격 상승률 표에 대해 알려주세요,0,0,0,0
MI3_240823_TY1_1153_6_V02-8_1,T04에 대해 알려주세요,0,0,0,0
MI3_240823_TY1_1168_1_V02-8_2,금융기관 여신 총합과 변화 추이에 대해 알려주세요,0,0,0,0
MI3_240823_TY1_1168_2_V02-8_1,경북동해안지역 어음부도율 및 부도업체수 추이에 대해 알려주세요,0,0,0,0
MI3_240823_TY1_1168_3_V02-4_1,포스코 포항공장 및 철강공단 생산추이 꺾은선형에 대해 알려주세요,0,0,0,0
MI3_240823_TY1_1168_4_V02-4_1,소비자물가 기타 실물간이지표 꺾은선형에 대해 알려주세요,0,0,0,0
MI3_240823_TY1_1168_5_V01_2,한국은행 예금 및 대출 추이에 대해 알려주세요,0,0,0,0
MI3_240823_TY1_1168_6_V01_1,경북동해안지역 금융기관 여수신 추이 차트(세로 막대형)에 대해 알려주세요,0,0,0,0
MI3_240823_TY1_1170_1_V02-1_1,대구·경북지역 금융기관의 수신과 여신 변화와 관련된 세로 막대형 차트에 대해 알려주세요,0,0,0,0
MI3_240823_TY1_1170_2_V02-1_1,금융기관 여신 차트(세로 막대형)에 대해 알려주세요,0,0,0,0
MI3_240823_TY1_1170_3_V02-4_1,어음부도율 꺾은선형에 대해 알려주세요,0,0,0,0
MI3_240823_TY1_1170_4_V02-8_1,대형소매점 매출 차트(혼합형)에 대해 알려주세요,0,0,0,0
MI3_240823_TY1_1170_5_V02-8_1,제조업 생산 변화에 대해 알려주세요,0,0,0,0
MI3_240823_TY1_1170_6_V02-8_3,수입액 혼합형에 대해 알려주세요,0,0,0,0
MI3_240823_TY1_1170_7_V02-8_2,소비자물가 혼합형 차트에 대해 알려주세요,0,0,0,0
MI3_240823_TY1_1188_1_V02-8_1,장기보유주식 매각 추이에 대해 알려주세요,0,0,0,0
MI3_240823_TY1_1188_2_V02-4_1,G-SIFIs 보통주자본 비율 차트(꺾은선형)에 대해 알려주세요,0,0,0,0
MI3_240826_TY1_0013_1_V02-8_1,금융기관 수신 차트(혼합형)에 대해 알려주세요,0,0,0,0
MI3_240826_TY1_0013_2_V02-8_1,2005년 5월중 금융기관 여신에 대한 혼합형 차트에 대해 알려주세요,0,0,0,0
MI3_240826_TY1_0013_3_V02-4_1,2005년 5월중 어음부도율에 대해 알려주세요,0,0,0,0
MI3_240826_TY1_0013_4_V02-4_1,제조업 생산·출하·재고 꺾은선형 차트에 대해 알려주세요,0,0,0,0
MI3_240826_TY1_0013_5_V02-8_1,"2005년 5월중 수출, 큰폭 증가 및 수출입과 관련된 혼합형 차트에 대해 알려주세요",0,0,0,0
MI3_240826_TY1_0013_6_V02-8_1,소비자물가와 관련된 혼합형 차트에 대해 알려주세요,0,0,0,0
MI3_240826_TY1_0021_1_V01_1,I. 금융동향 1. 화폐발행 및 환수 차트에 대해 알려주세요,0,0,0,0
MI3_240826_TY1_0021_2_V01_1,경북동해안지역 예금은행 수신 추이에 대해 알려주세요.,0,0,0,0
MI3_240826_TY1_0021_3_V01_1,여신합계와 금융자금의 변화 추세에 대해 알려주세요.,0,0,0,0
MI3_240826_TY1_0021_4_V01_1,경북동해안지역 비은행기관 여신합계 차트에 대해 알려주세요,0,0,0,0
MI3_240826_TY1_0021_5_V01_1,"6. 자금사정 (%, 백만원) 차트에 대해 알려주세요",0,0,0,0
MI3_240826_TY1_0021_6_V01_1,Ⅱ. 실물동향 1. 생산 포스코 및 포항철강공단 생산 추이에 대해 알려주세요,0,0,0,0
MI3_240826_TY1_0023_1_V01_1,2. 주요 공단동향 및 창원국가산업단지의 경제지표 추이에 대해 알려주세요.,0,0,0,0
MI3_240826_TY1_0023_2_V01_1,고용 및 실업률 추이에 대한 표에 대해 알려주세요,0,0,0,0
MI3_240826_TY1_0023_3_V01_1,주택가격에 대한 전월비 (%) 데이터와 차트에 대해 알려주세요.,0,0,0,0
MI3_240826_TY1_0023_4_V01_1,Ⅱ. 금융동향 1. 금융기관 여·수신 금융기관 여·수신 동향 추이에 대해 알려주세요,0,0,0,0
MI3_240826_TY1_0023_5_V01_1,예금은행 대출금 추이에 대해 알려주세요.,0,0,0,0
MI3_240826_TY1_0023_6_V01_1,비은행기관 여신 추이에 대해 알려주세요,0,0,0,0
MI3_240826_TY1_0053_1_V02-8_1,금융기관 수신 증감액 추이 혼합형에 대해 알려주세요,0,0,0,0
MI3_240826_TY1_0053_2_V02-8_1,경북동해안지역 어음부도율 및 부도업체수 추이에 대해 알려주세요,0,0,0,0
MI3_240826_TY1_0053_3_V01_1,I. 금융동향 화폐발행 및 환수추이 차트(세로 막대형)에 대해 알려주세요,0,0,0,0
MI3_240826_TY1_0053_4_V01_1,경북동해안지역 예금은행 수신추이와 관련된 자료에 대해 알려주세요.,0,0,0,0
MI3_240826_TY1_0053_5_V01_1,의 본문에서 다루는 여신 합계와 관련된 자료를 기반으로 한 표에 대해 알려주세요.,0,0,0,0
MI3_240826_TY1_0053_6_V01_1,경북동해안지역 비은행기관 여신 추이에 대한 차트(표) 정보를 알려주세요,0,0,0,0
MI3_240826_TY1_0091_1_V01_1,I. 금융동향 1. 화폐발행 및 환수 추이에 대해 알려주세요,0,0,0,0
MI3_240826_TY1_0091_2_V01_1,경북동해안지역 예금은행 수신합계에 대한 차트(세로 막대형)에 대해 알려주세요,0,0,0,0
MI3_240826_TY1_0091_3_V01_1,"제목에 해당하는 내용과 관련하여 여신 합계와 금융자금, 재정자금의 변화 추세를 보여주는 표에 대해 알려주세요.",0,0,0,0
MI3_240826_TY1_0091_4_V01_1,경북동해안지역 비은행기관 여신 추이에 대해 알려주세요,0,0,0,0
MI3_240826_TY1_0091_5_V01_1,에 대한 시각요소 제목의 표에 대해 알려주세요,0,0,0,0
MI3_240826_TY1_0091_6_V01_1,Ⅱ. 실물동향 1. 생산 포스코 및 포항철강공단 생산 추이 (%)에 대해 알려주세요,0,0,0,0
MI3_240826_TY1_0122_1_V02-8_1,제조업 생산지수(혼합형)에 대해 알려주세요,0,0,0,0
MI3_240826_TY1_0122_2_V01_1,이 문서에서는 창원국가산업단지 생산액 및 가동률에 대한 표에 대해 알려주세요.,0,0,0,0
MI3_240826_TY1_0122_3_V02-4_1,제목에 따르면 재고순환지표 및 재고출하비율에 대해 알려주세요,0,0,0,0
MI3_240826_TY1_0122_4_V02-8_1,대형소매점 판매액 혼합형에 대해 알려주세요,0,0,0,0
MI3_240826_TY1_0122_5_V02-8_1,업종별 취업자수 증감추이 혼합형에 대해 알려주세요,0,0,0,0
MI3_240826_TY1_0122_6_V02-8_1,4. 물가 및 부동산가격에 대한 혼합형 차트에 대해 알려주세요,0,0,0,0
MI3_240826_TY1_0132_1_V02-4_1,중국 본토 위안화 자금의 홍콩 유입과 홍콩달러 및 위안화의 대미달러 환율 추이에 대해 알려주세요,0,0,0,0
MI3_240826_TY1_0132_2_V02-4_2,미국 원유 생산량 차트(꺾은선형)에 대해 알려주세요,0,0,0,0
MI3_240826_TY1_0132_3_V02-4_1,V. 최근 미 금융시장 변동성 완화의 배경 및 평가에 대해 알려주세요,0,0,0,0
MI3_240826_TY1_0132_4_V02-4_4,본문에서 PMI 및 산업생산 관련 지표의 꺾은선형에 대해 알려주세요,0,0,0,0
MI3_240826_TY1_0132_5_V02-4_2,에 대한 전년동기비 %꺾은선형에 대해 알려주세요,0,0,0,0
MI3_240826_TY1_0132_6_V02-8_2,실업자수 및 실업률 추이 혼합형에 대해 알려주세요,0,0,0,0
MI3_240826_TY1_0140_1_V01_2,III. 국내 및 전북의 중소기업 정책자금 현황과 문제점에 대해 알려주세요,0,0,0,0
MI3_240826_TY1_0140_2_V01_2,중소기업대출비율제도 제목 차트(세로 막대형)에 대해 알려주세요,0,0,0,0
MI3_240826_TY1_0140_3_V02-3_2,기업경영형태(2) 원형에 대해 알려주세요,0,0,0,0
MI3_240826_TY1_0140_4_V02-3_1,2016-01 한국은행 전북본부 (그림 6) 기업경영애로 및 자금 사정 차트(원형)에 대해 알려주세요,0,0,0,0
MI3_240826_TY1_0140_5_V02-3_1,전북지역 중소기업 정책자금 현황과 정책자금 지원조건별 만족도 차트에 대해 알려주세요,0,0,0,0
MI3_240826_TY1_0140_6_V02-3_1,전북지역 중소기업 정책자금 현황과 효과와 문제점 차트(원형)에 대해 알려주세요,0,0,0,0
MI3_240826_TY1_0155_1_V02-3_1,개 황 금융기관 수신 비중 차트(원형)에 대해 알려주세요,0,0,0,0
MI3_240826_TY1_0155_2_V02-8_1,금융기관별 여신 비중 혼합형에 대해 알려주세요,0,0,0,0
MI3_240826_TY1_0155_3_V02-8_1,건축착공면적 및 건축허가면적에 대해 알려주세요,0,0,0,0
MI3_240826_TY1_0155_4_V02-8_1,대형소매점 판매 및 승용차 신규 등록대수 차트(혼합형)에 대해 알려주세요,0,0,0,0
MI3_240826_TY1_0155_5_V02-8_2,소비자물가 상승률에 관한 차트에 대해 알려주세요.,0,0,0,0
MI3_240826_TY1_0155_6_V02-8_1,제목에 대한 매매가격과 전세가격 상승률을 포함한 혼합형 차트에 대해 알려주세요,0,0,0,0
MI3_240826_TY1_0170_1_V01_1,2002년 9월중의 화폐발행액과 화폐환수액에 대해 알려주세요,0,0,0,0
MI3_240826_TY1_0170_2_V01_1,이 문서에서 다루고 있는 본문에 대한 표와 관련된 내용에 대해 알려주세요.,0,0,0,0
MI3_240826_TY1_0170_3_V01_1,이 문서에서 2002년 8월말 금융자금에 대한 데이터와 그래프 형식에 대해 알려주세요.,0,0,0,0
MI3_240826_TY1_0170_4_V01_1,에 대한유형의 그래프에 대해 알려주세요,0,0,0,0
MI3_240826_TY1_0170_5_V01_1,신용보증 추이와 관련된 데이터의 표에 대해 알려주세요,0,0,0,0
MI3_240826_TY1_0170_6_V01_1,에 대한 본문 내용을 바탕으로 전월대비와 전년동월대비 지수를 나타내는 표에 대해 알려주세요.,0,0,0,0
MI3_240826_TY1_0178_1_V02-3_1,2016년 2월말 현재 금융기관 수신 비중 차트에 대해 알려주세요,0,0,0,0
MI3_240826_TY1_0178_2_V02-8_1,금융기관별 여신 비중 혼합형에 대해 알려주세요,0,0,0,0
MI3_240826_TY1_0178_3_V02-8_1,건축허가면적 및 건축착공면적 혼합형에 대해 알려주세요,0,0,0,0
MI3_240826_TY1_0178_4_V02-8_1,대형소매점 판매 및 승용차 신규 등록대수 혼합형에 대해 알려주세요,0,0,0,0
MI3_240826_TY1_0178_5_V02-8_1,소비자물가 상승률에 대해 알려주세요,0,0,0,0
MI3_240826_TY1_0178_6_V02-8_1,아파트가격 상승률 차트(혼합형)에 대해 알려주세요,0,0,0,0
MI3_240826_TY1_0180_1_V02-3_1,총수신 원형에 대해 알려주세요,0,0,0,0
MI3_240826_TY1_0180_2_V02-8_1,금융기관 여신 비중 혼합형에 대해 알려주세요,0,0,0,0
MI3_240826_TY1_0180_3_V02-4_1,제조업 생산 꺾은선형에 대해 알려주세요,0,0,0,0
MI3_240826_TY1_0180_4_V02-8_1,대형소매점 판매 및 승용차 신규 등록대수 차트(혼합형)에 대해 알려주세요,0,0,0,0
MI3_240826_TY1_0180_5_V02-8_2,소비자물가 상승률 혼합형에 대해 알려주세요,0,0,0,0
MI3_240826_TY1_0180_6_V02-8_1,아파트가격 상승률에 대해 알려주세요,0,0,0,0
MI3_240826_TY1_0185_1_V02-8_1,2016년 10월중 광주·전남지역 화폐발행액과 환수액에 대한 막대형 차트에 대해 알려주세요,0,0,0,0
MI3_240826_TY1_0185_2_V02-3_1,금융기관 여신 원형에 대해 알려주세요,0,0,0,0
MI3_240826_TY1_0185_3_V02-4_1,제조업 생산 꺾은선형에 대해 알려주세요,0,0,0,0
MI3_240826_TY1_0185_4_V02-8_2,광주 및 전남의 수출 혼합형 차트에 대해 알려주세요,0,0,0,0
MI3_240826_TY1_0185_5_V02-8_2,소비자물가 상승률과 관련된 차트에 대해 알려주세요,0,0,0,0
MI3_240826_TY1_0185_6_V02-8_1,아파트가격 상승률 혼합형에 대해 알려주세요,0,0,0,0
MI3_240826_TY1_0186_1_V02-3_1,개 황 금융기관별 자산운용사 종금+신탁회사 원형에 대해 알려주세요,0,0,0,0
MI3_240826_TY1_0186_2_V02-8_1,금융기관 여신 (기말잔액) 혼합형에 대해 알려주세요,0,0,0,0
MI3_240826_TY1_0186_3_V02-8_1,제조업 생산 혼합형에 대해 알려주세요,0,0,0,0
MI3_240826_TY1_0186_4_V02-8_1,대형소매점 판매 및 승용차 신규 등록대수 혼합형에 대해 알려주세요,0,0,0,0
MI3_240826_TY1_0186_5_V02-8_2,소비자물가 상승률에 대한 혼합형 차트에 대해 알려주세요,0,0,0,0
MI3_240826_TY1_0186_6_V02-8_2,실업률 및 취업자수에 대해 알려주세요,0,0,0,0
MI3_240826_TY1_0190_1_V02-8_1,금융기관 수신 관련 혼합형 차트에 대해 알려주세요.,0,0,0,0
MI3_240826_TY1_0190_2_V02-8_1,금융기관별 여신 비중 혼합형에 대해 알려주세요,0,0,0,0
MI3_240826_TY1_0190_3_V02-8_1,건축허가면적 및 건축착공면적에 대한 혼합형 차트에 대해 알려주세요,0,0,0,0
MI3_240826_TY1_0190_4_V02-8_1,대형소매점 판매 및 승용차 신규 등록대수 혼합형에 대해 알려주세요,0,0,0,0
MI3_240826_TY1_0190_5_V02-8_2,O 소비자물가 등락률에 대한 차트(혼합형)에 대해 알려주세요,0,0,0,0
MI3_240826_TY1_0190_6_V02-8_2,실업률 및 취업자수 혼합형에 대해 알려주세요,0,0,0,0
MI3_240826_TY1_0193_1_V02-3_1,2017년 4월말 현재 금융기관별 수신 비중에 대한 원형 차트에 대해 알려주세요.,0,0,0,0
MI3_240826_TY1_0193_2_V02-4_1,어음부도율 꺾은선형에 대해 알려주세요,0,0,0,0
MI3_240826_TY1_0193_3_V02-8_1,건축허가면적 및 건축착공면적에 대해 알려주세요,0,0,0,0
MI3_240826_TY1_0193_4_V02-8_2,수출 혼합형에 대해 알려주세요,0,0,0,0
MI3_240826_TY1_0193_5_V02-8_2,소비자물가 등락률에 대해 알려주세요.,0,0,0,0
MI3_240826_TY1_0193_6_V02-8_2,실업률 및 취업자수 차트(혼합형)에 대해 알려주세요,0,0,0,0
MI3_240826_TY1_0200_1_V01_1,광주전남지역 금융의 현황과 활성화 방안 표에 대해 알려주세요,0,0,0,0
MI3_240826_TY1_0200_2_V01_1,2015-02 한국은행 광주전남본부에 대해 알려주세요,0,0,0,0
MI3_240826_TY1_0200_3_V02-1_3,광주전남지역 금융의 현황과 활성화 방안 차트(세로 막대형)에 대해 알려주세요,0,0,0,0
MI3_240826_TY1_0200_4_V02-1_3,광주전남지역 금융의 현황과 활성화 방안 차트(세로 막대형)에 대해 알려주세요,0,0,0,0
MI3_240826_TY1_0200_5_V01_1,2015-02 한국은행 광주전남본부와 관련된 구분 연도 전국 서울 부산 대구 인천 광주 대전 울산의 평균에 대해 알려주세요,0,0,0,0
MI3_240826_TY1_0200_6_V01_1,본 연구의 결론 부분에서 신용보증과 관련된 분석 결과에 대해 알려주세요.,0,0,0,0
MI3_240826_TY1_0223_1_V01_1,"I. 금융동향단위 : 억원, %에 대해 알려주세요",0,0,0,0
MI3_240826_TY1_0223_2_V02-4_1,한국은행 예금 및 대출금 잔액 추이 차트(꺾은선형)에 대해 알려주세요,0,0,0,0
MI3_240826_TY1_0223_3_V02-8_1,금융기관 예수금 증감 추이 혼합형 차트에 대해 알려주세요,0,0,0,0
MI3_240826_TY1_0223_4_V02-8_1,금융기관 여신 증감 추이 혼합형에 대해 알려주세요,0,0,0,0
MI3_240826_TY1_0223_5_V02-8_1,중소기업 대출금 추이 혼합형에 대해 알려주세요,0,0,0,0
MI3_240826_TY1_0223_6_V02-4_1,자금사정 관련 지표의 꺾은선형 차트에 대해 알려주세요,0,0,0,0
MI3_240826_TY1_0223_7_V02-3_1,금융기관별 예수금 및 여신 비중에 대해 알려주세요,0,0,0,0
MI3_240826_TY1_0226_1_V01_1,금융기관의 소유형태가 경영성과에 미치는 영향에 대해 알려주세요,0,0,0,0
MI3_240826_TY1_0226_2_V01_1,금융기관의 소유형태가 경영성과에 미치는 영향 본문 표에 대해 알려주세요,0,0,0,0
MI3_240826_TY1_0226_3_V01_1,금융기관의 소유형태가 경영성과에 미치는 영향 표에 대해 알려주세요.,0,0,0,0
MI3_240826_TY1_0226_4_V01_1,유럽협동조합은행의 상호지원 유형과 관련된 표에 대해 알려주세요,0,0,0,0
MI3_240826_TY1_0226_6_V01_1,금융기관의 소유형태가 경영성과에 미치는 영향 표에 대해 알려주세요,0,0,0,0
MI3_240826_TY1_0232_1_V02-1_1,금융기관 수신 차트(세로 막대형)에 대해 알려주세요,0,0,0,0
MI3_240826_TY1_0232_2_V02-1_1,제목에 관련된 월 중 증감액을 보여주는 차트(세로 막대형)에 대해 알려주세요,0,0,0,0
MI3_240826_TY1_0232_3_V02-4_1,3.0(%)꺾은선형에 대해 알려주세요,0,0,0,0
MI3_240826_TY1_0232_4_V01_1,2001 2 002 12월중 1~12월중 11월중 12월중 금융 자금에 대해 알려주세요,0,0,0,0
MI3_240826_TY1_0232_5_V01_1,12월말잔액 차트(세로 막대형)에 대해 알려주세요,0,0,0,0
MI3_240826_TY1_0232_6_V01_1,도내 어음부도율(%) 차트에 대해 알려주세요,0,0,0,0
MI3_240826_TY1_0246_1_V02-4_1,중국경제는 세계경제가 본격적인 회복세를 보이 지 못하고 있는 가운데서도 재정지출의 확대와 외국인 직접투자 증대 등으로 내수가 계속 활발 한 데다 미달러화와 연동되어 있는 위안화의 상 대적 약세 등으로 수출이 호조를 보여 높은 성 장세를 지속하고 있다. 교역량증가율과 경제성장률 차트(꺾은선형)에 대해 알려주세요.,0,0,0,0
MI3_240826_TY1_0246_2_V02-8_2,에 대한 자본수지 및 외국인 투자 추이 혼합형 차트에 대해 알려주세요.,0,0,0,0
MI3_240826_TY1_0246_3_V02-4_2,에 대한 내용을 바탕으로 기업대출금리와 관련된 꺾은선형 차트에 대해 알려주세요.,0,0,0,0
MI3_240826_TY1_0246_4_V02-1_2,코스닥 벤처기업 주식발행 추이에 대해 알려주세요,0,0,0,0
MI3_240826_TY1_0246_5_V02-4_1,이 문서에서는 토지가격 등락률 추이 꺾은선형에 대해 알려주세요,0,0,0,0
MI3_240826_TY1_0246_6_V02-8_1,부외거래 규규 추이에 대해 알려주세요,0,0,0,0
MI3_240826_TY1_0246_7_V02-1_1,주요 운용자산별 순이익 변화 추이에 대해 알려주세요,0,0,0,0
MI3_240826_TY1_0293_1_V02-8_1,최근 고용 동향에 대한 혼합형 차트에 대해 알려주세요,0,0,0,0
MI3_240826_TY1_0293_2_V02-8_1,최근의 고용동향에 대해 알려주세요,0,0,0,0
MI3_240826_TY1_0293_4_V01_1,T01 T02 V01 표에 대해 알려주세요,0,0,0,0
MI3_240826_TY1_0293_5_V02-1_1,이 문서에서 최근 시·도별 자영업자수 증감에 대한 막대형 차트에 대해 알려주세요,0,0,0,0
MI3_240826_TY1_0293_6_V02-2_1,연봉수준 차트(가로 막대형)에 대해 알려주세요,0,0,0,0
MI3_240826_TY1_0298_1_V01_1,4. 발전 과제 프로 아프로 퍼스트 여자 리스사 할부사 산와 그레스 금융 머니 크레디트 평균 자산 대출에 대해 알려주세요,0,0,0,0
MI3_240826_TY1_0298_2_V01_1,대부업체 추이 차트에 대해 알려주세요,0,0,0,0
MI3_240826_TY1_0298_3_V01_1,주요 소비자금융업체의 총자산 및 대출금 추이에 대해 알려주세요,0,0,0,0
MI3_240826_TY1_0298_4_V01_1,대부업체의 차입금리 및 대부금리 추세에 대해 알려주세요,0,0,0,0
MI3_240826_TY1_0298_5_V01_2,주요 대부업체 자산 및 대출 규모에 대해 알려주세요,0,0,0,0
MI3_240826_TY1_0298_6_V01_1,일본 대금업자의 대부잔액 추이 차트에 대해 알려주세요,0,0,0,0
MI3_240826_TY1_0304_1_V02-1_1,이 문서에서 지역별 고용률 차트를 포함한 시각요소에 대해 알려주세요.,0,0,0,0
MI3_240826_TY1_0304_2_V01_1,대전·충남지역 경제성장률 및 고용상황 추이에 대해 알려주세요,0,0,0,0
MI3_240826_TY1_0304_3_V02-4_1,대전·충남지역 상용근로자 증가율 추이에 대해 알려주세요,0,0,0,0
MI3_240826_TY1_0304_4_V02-4_1,대전·충남지역 연령별 취업자 비중 추이 꺾은선형에 대해 알려주세요,0,0,0,0
MI3_240826_TY1_0304_5_V02-4_1,Ⅲ. 지자체의 일자리창출정책에 대한 평가대전 및 충남지역 상용근로자 증가율 추이에 대해 알려주세요,0,0,0,0
MI3_240826_TY1_0304_6_V02-1_1,2001 2005년중 대전·충남지역 산업별 취업자수 증감 차트(세로 막대형)에 대해 알려주세요,0,0,0,0
MI3_240826_TY1_0315_3_V02-1_1,2015-03 한국은행 전북본부 및 2. 독일 경제성장 원동력으로서의 중소기업 성과에 대해 알려주세요,0,0,0,0
MI3_240826_TY1_0315_4_V03_1,독일 히든챔피언기업(HCE) 경쟁력 체계 다이어그램에 대해 알려주세요,0,0,0,0
MI3_240826_TY1_0324_1_V01_1,미국 경제성장률 전망 본문 표에 대해 알려주세요,0,0,0,0
MI3_240826_TY1_0324_2_V02-8_1,고용사정 개선추세와 관련된 차트에 대해 알려주세요,0,0,0,0
MI3_240826_TY1_0324_3_V02-4_1,주택 시장에 대한 꺾은선형 차트에 대해 알려주세요,0,0,0,0
MI3_240826_TY1_0324_4_V02-4_1,제목에 대한 PCE 및 근원 PCE 물가상승률 꺾은선형 차트에 대해 알려주세요,0,0,0,0
MI3_240826_TY1_0324_5_V02-4_1,T01 T02 T03 꺾은선형에 대해 알려주세요,0,0,0,0
MI3_240826_TY1_0324_6_V02-4_1,주가지수 및 VIX 추이에 대해 알려주세요,0,0,0,0
MI3_240826_TY1_0324_7_V02-4_1,미 달러화 환율 차트(꺾은선형)에 대해 알려주세요,0,0,0,0
MI3_240826_TY1_0335_1_V01_1,제목에 해당하는 문서에서 항목과 금액에 대해 알려주세요,0,0,0,0
MI3_240826_TY1_0335_2_V01_1,부록 파생상품 익스포저 표에 대해 알려주세요,0,0,0,0
MI3_240826_TY1_0335_3_V01_1,총수익스왑 차트(세로 막대형)에 대해 알려주세요,0,0,0,0
MI3_240826_TY1_0343_1_V02-4_1,해외경제 포커스 차트(꺾은선형)에 대해 알려주세요,0,0,0,0
MI3_240826_TY1_0343_2_V02-1_1,해외경제 포커스 제2006-39·40호 차트(세로 막대형)에 대해 알려주세요,0,0,0,0
MI3_240826_TY1_0343_3_V02-4_1,해외경제 포커스 제2006-39·40호 차트(꺾은선형)에 대해 알려주세요,0,0,0,0
MI3_240826_TY1_0343_4_V01_1,해외경제 포커스의 기준금리 전망에 대해 알려주세요,0,0,0,0
MI3_240826_TY1_0343_5_V02-4_1,해외경제 포커스의 영란은행 기준금리 추이에 대해 알려주세요.,0,0,0,0
MI3_240826_TY1_0343_6_V02-4_1,2006년 월별 반도체 가격 꺾은선형에 대해 알려주세요,0,0,0,0
MI3_240826_TY1_0353_1_V02-8_1,해외경제 포커스 제2006-30호에서 제공하는 미국의 경제성장률 및 물가상승률 추이에 대해 알려주세요.,0,0,0,0
MI3_240826_TY1_0353_2_V01_1,해외경제 포커스 제2006-30호의 주요 투자은행 전망에 대해 알려주세요,0,0,0,0
MI3_240826_TY1_0353_3_V02-7_1,해외경제 포커스 제2006-30호에서 제공되는 방사형 차트에 대해 알려주세요,0,0,0,0
MI3_240826_TY1_0353_4_V02-4_1,"12 (전년동기대비, %) 차트(꺾은선형)에 대해 알려주세요",0,0,0,0
MI3_240826_TY1_0353_5_V02-4_1,위안화 환율 추이 차트(꺾은선형)에 대해 알려주세요,0,0,0,0
MI3_240826_TY1_0353_6_V02-4_1,해외경제 포커스 제2006-30호의 미국의 중국 수입물가 변동률 추이에 대해 알려주세요,0,0,0,0
MI3_240826_TY1_0357_1_V02-4_1,해외경제 포커스 제2006-26호 2. 유휴노동력 소진 여부 미국의 경제활동참가율 추이에 대해 알려주세요,0,0,0,0
MI3_240826_TY1_0357_3_V02-8_1,해외경제 포커스 제2006-26호에서 제시된 혼합형 차트에 대해 알려주세요,0,0,0,0
MI3_240826_TY1_0357_4_V02-4_1,해외경제 포커스 제2006-26호 차트(꺾은선형)에 대해 알려주세요,0,0,0,0
MI3_240826_TY1_0357_6_V02-4_1,해외경제 포커스 제2006-26호의 꺾은선형 차트에 대해 알려주세요,0,0,0,0
MI3_240826_TY1_0357_7_V02-4_1,해외경제 포커스 차트(꺾은선형)에 대해 알려주세요,0,0,0,0
MI3_240826_TY1_0357_8_V02-4_1,해외경제 포커스 제2006-26호 차트(꺾은선형)에 대해 알려주세요,0,0,0,0
MI3_240826_TY1_0359_1_V02-4_1,무담보 콜 평잔 추이 꺾은선형에 대해 알려주세요,0,0,0,0
MI3_240826_TY1_0359_2_V02-4_1,기간물 콜금리 추이 꺾은선형에 대해 알려주세요,0,0,0,0
MI3_240826_TY1_0359_3_V02-4_2,해외경제 포커스 제2006-24호에서 장기금리 추이에 대해 알려주세요,0,0,0,0
MI3_240826_TY1_0359_4_V02-1_1,해외경제 포커스 제2006-24호에서 제공하는 세로 막대형 차트에 대해 알려주세요,0,0,0,0
MI3_240826_TY1_0359_5_V02-4_1,해외경제 포커스 제2006-24호 차트(꺾은선형)에 대해 알려주세요,0,0,0,0
MI3_240826_TY1_0359_6_V02-4_1,해외경제 포커스 제2006-24호의 주가 추이에 대한 꺾은선형 차트에 대해 알려주세요,0,0,0,0
MI3_240826_TY1_0364_1_V02-4_1,해외경제 포커스 제2006-18호의 기존주택재고(좌축)와 공급가능월수(우축)에 대해 알려주세요,0,0,0,0
MI3_240826_TY1_0364_2_V01_1,해외경제 포커스 제2006-18호 본문 표에 대해 알려주세요,0,0,0,0
MI3_240826_TY1_0364_3_V02-4_1,주택건설투자의 성장기여도 추이에 대해 알려주세요,0,0,0,0
MI3_240826_TY1_0364_4_V02-8_1,해외경제 포커스 제2006-18호의 유로지역의 실질GDP 성장률 추이에 대해 알려주세요,0,0,0,0
MI3_240826_TY1_0364_5_V02-1_1,해외경제 포커스 제2006-18호의 영국의 실질 GDP 성장률 추이에 대해 알려주세요.,0,0,0,0
MI3_240826_TY1_0364_6_V01_1,해외경제 포커스 제2006-18호 본문 차트에 대해 알려주세요,0,0,0,0
MI3_240826_TY1_0372_1_V02-8_1,수출입 증가율 및 무역수지 추이에 대해 알려주세요,0,0,0,0
MI3_240826_TY1_0372_2_V01_1,해외경제 포커스 제2006-8호에서 제공하는 일본 수출입 증감률 및 무역수지 추이에 대해 알려주세요.,0,0,0,0
MI3_240826_TY1_0372_3_V02-1_1,해외경제 포커스 제2006-8호의 프랑스의 경제성장률 추이에 대해 알려주세요,0,0,0,0
MI3_240826_TY1_0372_4_V02-1_1,해외경제 포커스 제2006-8호 차트(세로 막대형)에 대해 알려주세요,0,0,0,0
MI3_240826_TY1_0372_5_V02-8_1,해외경제 포커스 제2006-8호 물가 추이에 대해 알려주세요,0,0,0,0
MI3_240826_TY1_0372_6_V02-1_1,해외경제 포커스 제2006-8호 차트(세로 막대형)에 대해 알려주세요,0,0,0,0
MI3_240826_TY1_0374_1_V01_1,국제유가 표에 대해 알려주세요,0,0,0,0
MI3_240826_TY1_0374_2_V01_1,"해외경제 포커스 제2006-6호에서 아르헨티나, 브라질, 칠레 등 주요 남미 국가의 1980년대부터 2000년대 초까지의 빈곤율에 대해 알려주세요.",0,0,0,0
MI3_240826_TY1_0374_3_V01_1,해외경제 포커스 향후 전망 차트에 대해 알려주세요,0,0,0,0
MI3_240826_TY1_0374_4_V02-1_1,기업물가 추이에 대해 알려주세요,0,0,0,0
MI3_240826_TY1_0374_5_V02-1_1,구매관리자지수 추이 세로 막대형에 대해 알려주세요,0,0,0,0
MI3_240826_TY1_0374_6_V02-1_1,해외경제 포커스 제2006-6호에 대해 알려주세요,0,0,0,0
MI3_240826_TY1_0377_1_V02-8_1,해외경제 포커스 제2006-3호의 유로지역 주요국 및 미국의 노동활용률 변화 혼합형 차트에 대해 알려주세요,0,0,0,0
MI3_240826_TY1_0377_2_V01_1,해외경제 포커스 제2006-3호 본문 표에 대해 알려주세요,0,0,0,0
MI3_240826_TY1_0377_3_V02-1_1,해외경제 포커스 제2006-3호 주요국 소득대체율 차트에 대해 알려주세요,0,0,0,0
MI3_240826_TY1_0377_4_V02-1_1,해외경제 포커스 기업물가 추이에 대해 알려주세요.,0,0,0,0
MI3_240826_TY1_0377_5_V02-4_1,해외경제 포커스 제2006-3호에 대한 영국의 소비자물가 추이 꺾은선형에 대해 알려주세요,0,0,0,0
MI3_240826_TY1_0377_6_V02-4_1,해외경제 포커스에서 브라질 정책금리 추이에 대해 알려주세요,0,0,0,0
MI3_240826_TY1_0380_1_V01_1,해외경제 포커스 제2005-53호 본문 시각요소에 대해 알려주세요,0,0,0,0
MI3_240826_TY1_0380_2_V02-4_1,컨퍼런스보드 소비자신뢰지수 현황 및 기대지수에 대해 알려주세요,0,0,0,0
MI3_240826_TY1_0380_3_V02-1_1,광공업생산 추이에 대해 알려주세요,0,0,0,0
MI3_240826_TY1_0380_4_V02-8_1,해외경제 포커스 제2005-53호 프랑스의 실업률 추이에 대해 알려주세요,0,0,0,0
MI3_240826_TY1_0380_5_V02-8_1,아르헨티나의 무역수지 추이에 대한 혼합형 차트에 대해 알려주세요,0,0,0,0
MI3_240826_TY1_0380_6_V02-1_1,해외경제 포커스 제2005-53호의 뉴질랜드 M3 증가율 추이에 대해 알려주세요,0,0,0,0
MI3_240826_TY1_0383_1_V02-8_1,해외경제 포커스 제2005-50호에서 WTI 혼합형 차트에 대해 알려주세요,0,0,0,0
MI3_240826_TY1_0383_2_V02-8_1,해외경제 포커스 제2005-50호 신규실업수당 청구자수 추이에 대해 알려주세요,0,0,0,0
MI3_240826_TY1_0383_3_V02-1_4,해외경제 포커스 제2005-50호의 차트(세로 막대형)에 대해 알려주세요,0,0,0,0
MI3_240826_TY1_0383_4_V02-4_1,생산자물가 추이에 대해 알려주세요,0,0,0,0
MI3_240826_TY1_0383_5_V02-4_1,해외경제 포커스 제2005-50호의 말레이시아 수출입 추이에 대해 알려주세요,0,0,0,0
MI3_240826_TY1_0383_6_V02-1_1,해외경제 포커스 제2005-50호 차트(세로 막대형)에 대해 알려주세요,0,0,0,0
MI3_240826_TY1_0392_1_V01_2,해외경제 포커스 제2004-12호에서 S&P 500 지수 등락률 추이에 대한 차트에 대해 알려주세요,0,0,0,0
MI3_240826_TY1_0392_2_V02-8_1,해외경제 포커스 제2004-12호 신규실업수당청구자수 추이 혼합형에 대해 알려주세요,0,0,0,0
MI3_240826_TY1_0392_4_V02-1_1,프랑스 독일 영국 네덜란드 포르투갈 차트(세로 막대형)에 대해 알려주세요,0,0,0,0
MI3_240826_TY1_0392_5_V02-1_1,국별 물가상승률 비교에 대한 세로 막대형 차트에 대해 알려주세요,0,0,0,0
MI3_240826_TY1_0392_6_V02-4_1,해외경제 포커스 제2004-12호의 영국 소비자물가 상승률 추이에 대해 알려주세요,0,0,0,0
MI3_240826_TY1_0403_1_V02-1_1,금융습관지수의 분포 차트(세로 막대형)에 대해 알려주세요,0,0,0,0
MI3_240826_TY1_0403_2_V02-4_1,해외경제 포커스 제2003-47호에서 유로지역의 GDP성장률 추이에 대해 알려주세요,0,0,0,0
MI3_240826_TY1_0403_3_V02-8_1,해외경제 포커스에 포함된 소비자물가 추이 혼합형 차트에 대해 알려주세요,0,0,0,0
MI3_240826_TY1_0403_4_V02-4_1,해외경제 포커스 기준금리 추이에 대해 알려주세요,0,0,0,0
MI3_240826_TY1_0403_5_V02-8_1,수출입 추이 혼합형에 대해 알려주세요,0,0,0,0
MI3_240826_TY1_0403_6_V02-1_1,해외경제 포커스 차트(세로 막대형)에 대해 알려주세요,0,0,0,0
MI3_240826_TY1_0406_1_V02-4_1,고령화 진전속도의 국별 비교 꺾은선형에 대해 알려주세요,0,0,0,0
MI3_240826_TY1_0406_2_V02-1_1,해외경제 포커스 제2003-44호 차트(세로 막대형)에 대해 알려주세요,0,0,0,0
MI3_240826_TY1_0406_3_V02-1_1,해외경제 포커스차트(세로 막대형)에 대해 알려주세요,0,0,0,0
MI3_240826_TY1_0406_4_V02-8_1,해외경제 포커스 제2003-44호 본문 혼합형 차트에 대해 알려주세요,0,0,0,0
MI3_240826_TY1_0406_6_V02-8_1,해외경제 포커스 제2003-44호에서 프랑스의 실업률 추이에 대해 알려주세요,0,0,0,0
MI3_240826_TY1_0416_1_V01_2,중국 자동차 생산량 추이에 대해 알려주세요,0,0,0,0
MI3_240826_TY1_0416_2_V02-8_1,해외경제 포커스 제2003-33호에 대해 알려주세요,0,0,0,0
MI3_240826_TY1_0416_3_V02-8_1,상품·서비스수지 혼합형에 대해 알려주세요,0,0,0,0
MI3_240826_TY1_0416_4_V02-8_2,프랑스 산업생산 추이에 대한 차트 혼합형에 대해 알려주세요,0,0,0,0
MI3_240826_TY1_0416_5_V02-8_1,포커스 제2003-33호의 영국의 상품수지 추이 혼합형에 대해 알려주세요,0,0,0,0
MI3_240826_TY1_0416_6_V02-4_2,해외경제 포커스 제2003-33호에서 소비자물가 추이에 대한 꺾은선형 그래프에 대해 알려주세요.,0,0,0,0
MI3_240826_TY1_0420_2_V02-8_2,해외경제 포커스 제2003-28호에서 유로지역 성장률 및 미국지역 성장률의 혼합형 차트에 대해 알려주세요,0,0,0,0
MI3_240826_TY1_0420_3_V02-4_1,해외경제 포커스 제2003-28호의 영란은행의 기준금리 추이에 대해 알려주세요.,0,0,0,0
MI3_240826_TY1_0420_4_V02-8_1,해외경제 포커스 제2003-28호의 상품·서비스수지 적자 추이에 대해 알려주세요.,0,0,0,0
MI3_240826_TY1_0420_5_V02-8_1,해외경제 포커스 제2003-28호 독일의 상품수지 추이에 대해 알려주세요,0,0,0,0
MI3_240826_TY1_0420_6_V02-8_1,해외경제 포커스 제2003-28호의 영국의 상품수지 추이에 대해 알려주세요,0,0,0,0
MI3_240826_TY1_0433_1_V01_2,해외경제 포커스 Bradford & Bingley 국유화 및 영업양도 관련 자료에 대해 알려주세요,0,0,0,0
MI3_240826_TY1_0433_2_V02-8_1,해외경제 포커스 제2008-40호에서 제시된 혼합형 차트에 대해 알려주세요,0,0,0,0
MI3_240826_TY1_0433_3_V02-8_1,T01 T02 T03 차트(혼합형)에 대해 알려주세요,0,0,0,0
MI3_240826_TY1_0433_4_V02-1_1,35 (조위안) □유통주 30 ☑비유통주 25 차트(세로 막대형)에 대해 알려주세요,0,0,0,0
MI3_240826_TY1_0433_5_V01_1,해외경제 포커스 제2008-40호 일본은행 단기경제 관측조사 차트에 대해 알려주세요,0,0,0,0
MI3_240826_TY1_0433_6_V02-4_1,해외경제 포커스 제2008-40호의 유럽중앙은행 기준금리 추이에 대해 알려주세요.,0,0,0,0
MI3_240826_TY1_0461_1_V01_1,해외경제 포커스 제2008-10호 차트에 대해 알려주세요,0,0,0,0
MI3_240826_TY1_0461_2_V01_1,해외경제 포커스 제2008-10호 본문 표에 대해 알려주세요,0,0,0,0
MI3_240826_TY1_0461_3_V01_1,해외경제 포커스 제2008-10호에서의 현물 및 선물 가격 변동에 대해 알려주세요,0,0,0,0
MI3_240826_TY1_0461_4_V02-1_2,해외경제 포커스 제2008-10호에서 연금보험 자산 구성비에 대한 차트(세로 막대형)에 대해 알려주세요,0,0,0,0
MI3_240826_TY1_0461_6_V02-4_1,해외경제 포커스 제2008-10호 차트(꺾은선형)에 대해 알려주세요,0,0,0,0
MI3_240826_TY1_0468_1_V01_1,해외경제 포커스 제2008-2호에서 제공하는 주식 시장 데이터에 대해 알려주세요,0,0,0,0
MI3_240826_TY1_0468_2_V02-4_1,해외경제 포커스 제2008-2호의 국제유가 추이에 대해 알려주세요,0,0,0,0
MI3_240826_TY1_0468_3_V01_1,"해외경제 포커스 3 D램 강보합, 낸드 플래시 하락 세로 막대형에 대해 알려주세요",0,0,0,0
MI3_240826_TY1_0468_4_V01_1,해외경제 포커스 제2008-2호에서 제시된 통계적 정보에 대해 알려주세요,0,0,0,0
MI3_240826_TY1_0468_5_V01_1,해외경제 포커스 제2008-2호에서 제시된 상품·서비스수지에 대한 자료 그래프에 대해 알려주세요,0,0,0,0
MI3_240826_TY1_0468_6_V02-4_1,영란은행의 기준금리 추이에 대해 알려주세요,0,0,0,0
MI3_240826_TY1_0502_1_V02-4_1,해외경제 포커스 제2007-10호에서 엔/달러 및 달러/유로 추이에 대해 알려주세요,0,0,0,0
MI3_240826_TY1_0502_2_V02-4_2,회사채 스프레드 추이 꺾은선형에 대해 알려주세요,0,0,0,0
MI3_240826_TY1_0502_3_V02-8_1,해외경제 포커스 제2007-10호에 대해 알려주세요,0,0,0,0
MI3_240826_TY1_0502_4_V02-1_1,해외경제 포커스 제2007-10호에서 40세 이상 연령대의 주식 및 외화자산 보유 비율 차트에 대해 알려주세요,0,0,0,0
MI3_240826_TY1_0502_5_V02-1_2,업종별 베이비붐 세대 비율 차트(가로 막대형)에 대해 알려주세요,0,0,0,0
MI3_240826_TY1_0502_6_V02-4_1,해외경제 포커스 제2007-10호 영란은행의 기준금리 추이에 대해 알려주세요,0,0,0,0
MI3_240826_TY1_0539_1_V02-4_1,해외경제 포커스 제2005-39호에서 다루어진 기대 인플레이션 꺾은선형 차트에 대해 알려주세요.,0,0,0,0
MI3_240826_TY1_0539_2_V02-4_2,해외경제 포커스에 대해 알려주세요,0,0,0,0
MI3_240826_TY1_0539_3_V02-8_1,해외경제 포커스 차트(혼합형)에 대해 알려주세요,0,0,0,0
MI3_240826_TY1_0539_4_V02-8_2,해외경제 포커스 제2005-39호에서 금액에 대한 차트에 대해 알려주세요,0,0,0,0
MI3_240826_TY1_0539_5_V02-8_2,해외경제 포커스 제2005-39호 차트(혼합형)에 대해 알려주세요,0,0,0,0
MI3_240826_TY1_0539_6_V02-4_1,해외경제 포커스 제2005-39호의 경기동행 및 선행 지수에 대해 알려주세요,0,0,0,0
MI3_240826_TY1_0542_1_V02-4_1,해외경제 포커스 제2005-34호의 순저축률 추이에 대해 알려주세요,0,0,0,0
MI3_240826_TY1_0542_3_V02-8_2,해외경제 포커스 가계순자산과 저축률에 대해 알려주세요.,0,0,0,0
MI3_240826_TY1_0542_4_V02-8_3,"해외경제 포커스 제2005-34호에서 나타난 (저축률, %) 차트(혼합형)에 대해 알려주세요",0,0,0,0
MI3_240826_TY1_0542_5_V02-8_3,"해외경제 포커스 제2005-34호의 주 : 1) s=k(g+8), 추세성장률에 대한 차트(혼합형)에 대해 알려주세요",0,0,0,0
MI3_240826_TY1_0542_6_V02-4_2,해외경제 포커스 제2005-34호의 최근 테러발생 전후 국제유가 추이에 대해 알려주세요,0,0,0,0
MI3_240826_TY1_0542_7_V02-3_1,Greenspan 연준의장의 후임자에 대한 차트(원형)에 대해 알려주세요,0,0,0,0
MI3_240826_TY1_0564_1_V02-4_1,"해외경제 포커스 제2005-1호 12.0 (전년동기대비, %) 차트(꺾은선형)에 대해 알려주세요",0,0,0,0
MI3_240826_TY1_0564_2_V02-4_1,해외경제 포커스 제2005-1호의 교역 증가율 꺾은선형 그래프에 대해 알려주세요,0,0,0,0
MI3_240826_TY1_0564_4_V02-3_1,해외경제 포커스 제2005-1호의 수출에 대한 차트(원형)에 대해 알려주세요,0,0,0,0
MI3_240826_TY1_0564_5_V02-4_1,소비자신뢰지수 꺾은선형에 대해 알려주세요,0,0,0,0
MI3_240826_TY1_0564_6_V02-8_1,해외경제 포커스 제2005-1호의 프랑스의 실업률 추이에 대해 알려주세요.,0,0,0,0
MI3_240826_TY1_0572_1_V02-8_1,Bush 대통령의 공약 및 재정적자에 대한 차트(혼합형)에 대해 알려주세요,0,0,0,0
MI3_240826_TY1_0572_2_V02-4_1,해외경제 포커스의 기준금리 추이에 대해 알려주세요,0,0,0,0
MI3_240826_TY1_0572_3_V02-4_1,역내국 및 미국에 대한 수출 비중 변화 추이 꺾은선형 차트에 대해 알려주세요,0,0,0,0
MI3_240826_TY1_0572_4_V02-8_1,제2004-45호 해외경제 포커스 차트(혼합형)에 대해 알려주세요,0,0,0,0
MI3_240826_TY1_0572_5_V02-4_2,일본의 실질임금 추이에 대해 알려주세요,0,0,0,0
MI3_240826_TY1_0572_6_V02-8_1,해외경제 포커스 제2004-45호에서 유로지역 소매판매 추이에 대한 혼합형 차트에 대해 알려주세요,0,0,0,0
MI3_240826_TY1_0588_1_V02-8_1,제조업수주 추이에 대한 제조업수주액 혼합형 차트에 대해 알려주세요,0,0,0,0
MI3_240826_TY1_0588_2_V02-8_1,해외경제 포커스 제2004-27호 자동차판매 추이에 대해 알려주세요,0,0,0,0
MI3_240826_TY1_0588_3_V02-4_2,해외경제 포커스 제2004-27호에 포함된 일본의 산업생산 추이에 대해 알려주세요.,0,0,0,0
MI3_240826_TY1_0588_4_V02-8_1,해외경제 포커스 제2004-27호에 대해 알려주세요,0,0,0,0
MI3_240826_TY1_0588_5_V02-4_2,해외경제 포커스 차트(꺾은선형)에 대해 알려주세요,0,0,0,0
MI3_240826_TY1_0588_6_V02-4_1,태국의 수출입 추이 꺾은선형에 대해 알려주세요,0,0,0,0
MI3_240826_TY1_0596_1_V02-4_1,해외경제 포커스 제2004-19호에서 소비자태도지수 및 기업경기실사지수에 대해 알려주세요,0,0,0,0
MI3_240826_TY1_0596_2_V02-4_1,해외경제 포커스 제2004-19호 엔/달러 및 달러/유로 차트(꺾은선형)에 대해 알려주세요,0,0,0,0
MI3_240826_TY1_0596_3_V02-4_2,해외경제 포커스 제2004-19호의 회사채 스프레드 꺾은선형 차트에 대해 알려주세요,0,0,0,0
MI3_240826_TY1_0596_4_V02-4_1,해외경제 포커스 제2004-19호의 영국의 주택가격 및 기준금리 추이에 대해 알려주세요,0,0,0,0
MI3_240826_TY1_0596_5_V02-2_1,해외경제 포커스 차트(가로 막대형)에 대해 알려주세요,0,0,0,0
MI3_240826_TY1_0596_6_V02-4_1,가계소득 대비 주택가격 비율 차트(꺾은선형)에 대해 알려주세요,0,0,0,0
MI3_240826_TY1_0603_1_V02-8_1,해외경제 포커스 제2008-52호의 일본 외환증거금 계좌 및 증거금예탁 규모 추이에 대해 알려주세요.,0,0,0,0
MI3_240826_TY1_0603_3_V02-4_3,해외경제 포커스 제2008-52호에서 명목임금과 실질임금 변화에 대해 알려주세요,0,0,0,0
MI3_240826_TY1_0603_4_V02-4_1,해외경제 포커스 제2008-52호의 지역별 수출 증감률에 대해 알려주세요,0,0,0,0
MI3_240826_TY1_0603_5_V02-4_1,해외경제 포커스 제2008-52호에 포함된 시각요소 제목과 꺾은선형 차트에 대해 알려주세요.,0,0,0,0
MI3_240826_TY1_0603_6_V02-4_1,2008년 경제 동향 꺾은선형에 대해 알려주세요,0,0,0,0
MI3_240826_TY1_0603_7_V02-4_1,국제원자재시장 차트(꺾은선형)에 대해 알려주세요,0,0,0,0
MI3_240826_TY1_0609_1_V02-4_2,해외경제 포커스 제2009-7호에 대해 알려주세요,0,0,0,0
MI3_240826_TY1_0609_2_V02-4_2,해외경제 포커스 제2009-7호에서 제공하는 회사채 신용 스프레드에 대한 꺾은선형 차트에 대해 알려주세요,0,0,0,0
MI3_240826_TY1_0609_3_V02-1_1,해외경제 포커스 제2009-7호의 차트(세로 막대형)에 대해 알려주세요,0,0,0,0
MI3_240826_TY1_0609_4_V02-8_1,해외경제 포커스 제2009-7호에서 상하이 종합주가지수와 거래액에 대해 알려주세요,0,0,0,0
MI3_240826_TY1_0609_5_V02-4_1,해외경제 포커스 제2009-7호의 국제금융시장에 관한 꺾은선형 차트에 대해 알려주세요,0,0,0,0
MI3_240826_TY1_0609_6_V02-4_1,해외경제 포커스 제2009-7호의 주요국 주가 변화에 대한 차트(꺾은선형)에 대해 알려주세요,0,0,0,0
MI3_240826_TY1_0612_1_V02-4_1,해외경제 포커스 제2009-10호의 대출수요 추이에 대해 알려주세요,0,0,0,0
MI3_240826_TY1_0612_2_V02-1_1,해외경제 포커스 제2009-10호 차트(세로 막대형)에 대해 알려주세요,0,0,0,0
MI3_240826_TY1_0612_3_V02-4_1,해외경제 포커스 소비자물가 상승률 꺾은선형에 대해 알려주세요,0,0,0,0
MI3_240826_TY1_0612_5_V02-4_1,해외경제 포커스 제2009-10호 환율 차트(꺾은선형)에 대해 알려주세요,0,0,0,0
MI3_240826_TY1_0612_6_V02-4_1,해외경제 포커스 제2009-10호의 꺾은선형 차트에 대해 알려주세요,0,0,0,0
MI3_240826_TY1_0662_1_V02-8_1,미국 소비지표 및 취업자수 혼합형에 대해 알려주세요,0,0,0,0
MI3_240826_TY1_0662_2_V02-4_1,유로지역 소비자물가 상승률 전망에 대해 알려주세요,0,0,0,0
MI3_240826_TY1_0662_3_V02-4_2,일본 이동통신요금 상승률 차트(꺾은선형)에 대해 알려주세요,0,0,0,0
MI3_240826_TY1_0662_4_V02-8_1,중국 1인당 GDP 및 5분위 배율에 대해 알려주세요,0,0,0,0
MI3_240826_TY1_0662_5_V02-3_1,인도 정부의 재정수지와 관련된 8개 부문에 대한 원형 차트에 대해 알려주세요,0,0,0,0
MI3_240826_TY1_0662_6_V02-4_1,OPEC+ 회의 결과와 국제유가 추세에 대한 꺾은선형 차트에 대해 알려주세요,0,0,0,0
MI3_240826_TY1_0664_1_V02-4_1,충북지역 기업경기조사 결과 (2008년 11월 동향 및 12월 전망) I. 2008년 11월 충북지역 기업경기 동향 꺾은선형 차트에 대해 알려주세요,0,0,0,0
MI3_240826_TY1_0664_2_V01_1,08.3월 4월 5월 6월 7월 8월 전년대비 변동폭 표에 대해 알려주세요,0,0,0,0
MI3_240826_TY1_0664_3_V01_1,제조업 주요 BSI 추이 표에 대해 알려주세요,0,0,0,0
MI3_240826_TY1_0664_4_V01_1,경영애로 사항 표에 대해 알려주세요,0,0,0,0
MI3_240826_TY1_0664_5_V01_1,부문별 비제조업BSI 표에 대해 알려주세요,0,0,0,0
MI3_240826_TY1_0664_6_V02-3_1,원형에 대해 알려주세요,0,0,0,0
MI3_240826_TY1_0666_1_V02-4_1,주요국 주가지수 꺾은선형에 대해 알려주세요,0,0,0,0
MI3_240826_TY1_0666_2_V02-4_2,미국 채권수익률 차트(꺾은선형)에 대해 알려주세요,0,0,0,0
MI3_240826_TY1_0666_4_V02-4_1,반도체가격 꺾은선형에 대해 알려주세요,0,0,0,0
MI3_240826_TY1_0666_5_V02-4_1,해외경제 포커스 2003-50호의 시각요소 제목에 대한 꺾은선형 차트에 대해 알려주세요,0,0,0,0
MI3_240826_TY1_0666_6_V02-4_1,소매판매 증가율 및 소비자신뢰지수 꺾은선형에 대해 알려주세요,0,0,0,0
MI3_240826_TY1_0667_1_V02-4_1,IT 관련 생산자물가지수 추이에 대한 차트(꺾은선형)에 대해 알려주세요,0,0,0,0
MI3_240826_TY1_0667_2_V01_1,IT 상품 수출입 증가율 비교 에 대해 알려주세요,0,0,0,0
MI3_240826_TY1_0667_3_V02-8_1,경제 생산성과 관련된 차트(혼합형)에 대해 알려주세요,0,0,0,0
MI3_240826_TY1_0667_6_V01_1,IT839 전략의 주요 내용 및 관련된 정보에 대해 알려주세요,0,0,0,0
MI3_240826_TY1_0676_1_V02-8_2,소비자신뢰지수 추이에 대해 알려주세요,0,0,0,0
MI3_240826_TY1_0676_2_V02-8_1,해외경제 포커스 제2003-10호 차트(혼합형)에 대해 알려주세요,0,0,0,0
MI3_240826_TY1_0676_3_V02-4_2,환율누적변화 추이 차트(꺾은선형)에 대해 알려주세요,0,0,0,0
MI3_240826_TY1_0676_4_V02-4_1,해외경제 포커스 제2003-10호의 꺾은선형 차트에 대해 알려주세요,0,0,0,0
MI3_240826_TY1_0676_5_V02-4_1,해외경제 포커스 제2003-10호의 유럽중앙은행의 기준금리 추이 꺾은선형 차트에 대해 알려주세요,0,0,0,0
MI3_240826_TY1_0676_6_V02-4_1,해외경제 포커스 제2003-10호 차트(꺾은선형)에 대해 알려주세요,0,0,0,0
MI3_240826_TY1_0679_1_V02-4_2,부산지역 자동차산업의 업황BSI 추이 차트(꺾은선형)에 대해 알려주세요,0,0,0,0
MI3_240826_TY1_0679_2_V02-4_1,부산 자동차산업의 노동생산성 추이 비교 꺾은선형에 대해 알려주세요,0,0,0,0
MI3_240826_TY1_0679_3_V02-4_1,부산지역 자동차산업의 성장성 꺾은선형에 대해 알려주세요,0,0,0,0
MI3_240826_TY1_0679_4_V02-4_1,부산지역 자동차산업 동향의 차트(꺾은선형)에 대해 알려주세요,0,0,0,0
MI3_240826_TY1_0679_5_V02-4_1,부산지역 자동차산업의 업황BSI1) 추이 꺾은선형 차트에 대해 알려주세요,0,0,0,0
MI3_240826_TY1_0679_6_V02-4_1,T01 T02 T03 차트(꺾은선형)에 대해 알려주세요,0,0,0,0
MI3_240826_TY1_0687_1_V01_1,중앙정부 광관련 R&D과제 분류 표에 대해 알려주세요,0,0,0,0
MI3_240826_TY1_0697_1_V02-1_1,주택 매수우위지수 차트(세로 막대형)에 대해 알려주세요,0,0,0,0
MI3_240826_TY1_0697_2_V02-4_1,대전 구별 미분양주택 추이에 대해 알려주세요,0,0,0,0
MI3_240826_TY1_0697_3_V02-1_2,종류별 주택 전세가격 상승률 차트(세로 막대형)에 대해 알려주세요,0,0,0,0
MI3_240826_TY1_0697_4_V02-4_3,대전 토지거래량 추이 꺾은선형에 대해 알려주세요,0,0,0,0
MI3_240826_TY1_0697_5_V02-1_2,대전 2인이하 가구 비중 추이에 대해 알려주세요,0,0,0,0
MI3_240826_TY1_0697_6_V01_2,유형별 주택수 비중 차트(가로 막대형)에 대해 알려주세요,0,0,0,0
MI3_240826_TY1_0699_1_V01_1,우리나라 컴퓨터 소프트웨어의 총공급액과 관련된 데이터 시각화에 대해 알려주세요,0,0,0,0
MI3_240826_TY1_0699_2_V01_1,정부부문의 소프트웨어 고정자본형성과 관련된 데이터 표에 대해 알려주세요,0,0,0,0
MI3_240826_TY1_0699_3_V01_1,제목에 따른 부가가치계와 중간투입의 변화 분석에 대해 알려주세요,0,0,0,0
MI3_240826_TY1_0699_4_V01_1,우리나라 컴퓨터 소프트웨어의 투자 처리와 관련된 데이터에 대해 알려주세요,0,0,0,0
MI3_240826_TY1_0712_1_V02-4_2,주요국별 최근 동향 및 하반기 전망에 대한 민간소비지출 꺾은선형에 대해 알려주세요,0,0,0,0
MI3_240826_TY1_0712_2_V02-4_1,실업률 및 HangSeng지수 차트(꺾은선형)에 대해 알려주세요,0,0,0,0
MI3_240826_TY1_0712_3_V02-8_2,무역 관련 차트(혼합형)에 대해 알려주세요,0,0,0,0
MI3_240826_TY1_0712_4_V02-4_1,제목에 기반하여 민간소비지출과 GDP의 변화 추세를 분석한 선형 차트에 대해 알려주세요.,0,0,0,0
MI3_240826_TY1_0712_5_V02-8_1,말레이시아의 경제 동향에 대한 혼합형 차트에 대해 알려주세요.,0,0,0,0
MI3_240826_TY1_0712_6_V02-8_1,소비자물가 및 해외근로자 송금액 혼합형에 대해 알려주세요,0,0,0,0
MI3_240826_TY1_0722_1_V02-4_1,영국의 지급수단 이용 전망 꺾은선형 차트에 대해 알려주세요,0,0,0,0
MI3_240826_TY1_0722_2_V01_1,수표 및 기타 장표 지급수단의 변화 표에 대해 알려주세요,0,0,0,0
MI3_240826_TY1_0722_3_V01_1,결제성계좌 미보유 현황 표에 대해 알려주세요,0,0,0,0
MI3_240826_TY1_0722_4_V02-1_2,캐나다의 장표·전자 지급수단 이용비중 추이 차트(세로 막대형)에 대해 알려주세요,0,0,0,0
MI3_240826_TY1_0722_5_V01_1,호주의 주요 소액결제 종류와 관련된 표에 대해 알려주세요,0,0,0,0
MI3_240826_TY1_0728_1_V01_1,계약이행 여부의 판단이 용이한 반면 예상치 못한 상황이 전개될 때 시각 요소인 표의 특성에 대해 알려주세요.,0,0,0,0
MI3_240826_TY1_0728_2_V01_1,회사채 잔액 중 금융기관 보증 잔액의 비중 추이 단위: 표에 대해 알려주세요.,0,0,0,0
MI3_240826_TY1_0728_3_V02-4_2,에 대한 시각요소 제목과 관련된 꺾은선형 차트에 대해 알려주세요,0,0,0,0
MI3_240826_TY1_0728_4_V02-4_5,시설자금 차트(꺾은선형)에 대해 알려주세요,0,0,0,0
MI3_240826_TY1_0728_5_V02-4_4,T01 T02 T03 차트(꺾은선형)에 대해 알려주세요,0,0,0,0
MI3_240826_TY1_0728_6_V02-4_2,T01 T02 T03 차트(꺾은선형)에 대해 알려주세요,0,0,0,0
MI3_240826_TY1_0731_1_V02-8_1,소득수지 추이 혼합형에 대해 알려주세요,0,0,0,0
MI3_240826_TY1_0731_3_V02-4_1,해외서비스소비/국내서비스소비 비율 꺾은선형 차트에 대해 알려주세요,0,0,0,0
MI3_240826_TY1_0731_4_V02-8_1,상품수지 추세 혼합형에 대해 알려주세요,0,0,0,0
MI3_240826_TY1_0770_1_V01_1,건축허가 면적에 대한 표에 대해 알려주세요,0,0,0,0
MI3_240826_TY1_0770_2_V01_1,4. 대외거래 본문에 대한 표에 대해 알려주세요,0,0,0,0
MI3_240826_TY1_0770_3_V01_1,2010년 7월 실업률에 대해 알려주세요,0,0,0,0
MI3_240826_TY1_0770_4_V01_1,소비자물가와 관련된 자료에서 다양한 지표를 포함한 차트에 대해 알려주세요,0,0,0,0
MI3_240826_TY1_0770_5_V01_1,부동산가격 동향에 대해 알려주세요,0,0,0,0
MI3_240826_TY1_0770_6_V01_1,7. 인천항 수출입 물동량 관련 표에 대해 알려주세요,0,0,0,0
MI3_240826_TY1_0772_1_V01_1,신용보증 기관의 신용보증실적에 대해 알려주세요.,0,0,0,0
MI3_240826_TY1_0772_2_V01_1,4. 자금사정과 관련된 지표에 대해 알려주세요,0,0,0,0
MI3_240826_TY1_0772_3_V01_1,Ⅱ. 실물동향제조업 생산·출하·재고동향에 대해 알려주세요,0,0,0,0
MI3_240826_TY1_0772_4_V01_1,공장 가동률 (%) 에 대해 알려주세요,0,0,0,0
MI3_240826_TY1_0772_5_V01_1,소비관련 주요지표 추이 차트(세로 막대형)에 대해 알려주세요,0,0,0,0
MI3_240826_TY1_0772_6_V01_1,4. 대외거래에 대한 표에 대해 알려주세요,0,0,0,0
MI3_240826_TY1_0787_1_V02-8_1,물류산업 관련 주요 지표 추이에 대해 알려주세요,0,0,0,0
MI3_240826_TY1_0787_2_V02-1_1,인천지역 물류산업 규모 차트(세로 막대형)에 대해 알려주세요,0,0,0,0
MI3_240826_TY1_0787_3_V02-8_4,인천지역 물류산업 매출액 추이에 대한 혼합형 차트에 대해 알려주세요,0,0,0,0
MI3_240826_TY1_0791_1_V02-1_1,인천지역 바이오시밀러 산업의 부가가치율과 관련된 차트(세로 막대형)에 대해 알려주세요,0,0,0,0
MI3_240826_TY1_0797_1_V02-8_2,2014년 인천지역 금융기관의 총수신액 추이에 대해 알려주세요,0,0,0,0
MI3_240826_TY1_0797_2_V02-8_2,비은행 금융기관 여신 추이 혼합형에 대해 알려주세요,0,0,0,0
MI3_240826_TY1_0797_3_V02-4_1,전국 지방 인천 차트(꺾은선형)에 대해 알려주세요,0,0,0,0
MI3_240826_TY1_0797_4_V02-8_1,부도업체 및 신설법인수에 대한 혼합형 차트에 대해 알려주세요,0,0,0,0
MI3_240826_TY1_0797_5_V01_1,산업단지 조업동향 차트에 대해 알려주세요,0,0,0,0
MI3_240826_TY1_0797_6_V01_1,인천지역 소비관련 주요지표에 대한 차트(세로 막대형)에 대해 알려주세요,0,0,0,0
MI3_240826_TY1_0802_1_V02-8_1,일본의 GDP 성장률 및 부문별 기여도 혼합형 차트에 대해 알려주세요,0,0,0,0
MI3_240826_TY1_0802_2_V02-4_1,고용 및 임금 증가율과 법인기업 매출액 경상이익률에 대해 알려주세요,0,0,0,0
MI3_240826_TY1_0802_3_V02-8_1,2002년 1월 이후 확장국면이 55개월째 지속되고 있는 배경에 대해 알려주세요,0,0,0,0
MI3_240826_TY1_0802_4_V02-4_1,GDP대비 R&D투자 비율에 관한 꺾은선형 차트에 대해 알려주세요,0,0,0,0
MI3_240826_TY1_0802_5_V02-8_1,금융산업 재건과 금융중개기능 회복에 대한 차트(혼합형)에 대해 알려주세요,0,0,0,0
MI3_240826_TY1_0802_6_V02-8_1,공공부문 개혁과 경제정책의 일관성에 따른 공공투자의 GDP 성장 기여도 추이에 대해 알려주세요,0,0,0,0
MI3_240826_TY1_0803_1_V02-4_1,일본의 경상수지흑자 추이와 관련된 차트(꺾은선형)에 대해 알려주세요,0,0,0,0
MI3_240826_TY1_0803_2_V02-4_1,소득수지와 서비스수지의 변화에 대한 꺾은선형 차트에 대해 알려주세요,0,0,0,0
MI3_240826_TY1_0803_3_V02-4_1,Ⅱ. 현황 및 유의 변화 1. 年 현황 시각요소 꺾은선형에 대해 알려주세요,0,0,0,0
MI3_240826_TY1_0803_4_V02-4_2,소득수지 추이 꺾은선형에 대해 알려주세요,0,0,0,0
MI3_240826_TY1_0803_5_V02-4_3,"과잉설비, 과잉고용, 과잉부채의 해소와 관련된 13 (배) 99년 2/4분기 차트(꺾은선형)에 대해 알려주세요",0,0,0,0
MI3_240826_TY1_0803_6_V02-4_1,설비투자 증가 추이 꺾은선형에 대해 알려주세요,0,0,0,0
MI3_240826_TY1_0811_1_V01_1,담력게임의 보수행렬에 대해 알려주세요,0,0,0,0
MI3_240826_TY1_0811_3_V01_1,물가이론 에 대해 알려주세요,0,0,0,0
MI3_240826_TY1_0811_4_V02-8_1,우리나라의 국가부채 및 재정수지 추이에 대해 알려주세요.,0,0,0,0
MI3_240826_TY1_0813_1_V01_2,제목에 관련된 위계별 공항의 기능에 대해 알려주세요,0,0,0,0
MI3_240826_TY1_0813_2_V01_1,전남 서남권의 공항 및 국제항로 활성화 방안에 대해 알려주세요,0,0,0,0
MI3_240826_TY1_0813_4_V01_1,광주공항과 무안공항의 시설비교 차트에 대해 알려주세요,0,0,0,0
MI3_240826_TY1_0813_5_V01_1,김해공항과 무안공항의 여객운송 실적을 다룬 표에 대해 알려주세요,0,0,0,0
MI3_240826_TY1_0813_6_V01_1,전남 서남권의 공항 및 국제항로 활성화 방안에 대해 알려주세요,0,0,0,0
MI3_240826_TY1_0838_1_V02-4_1,I. 실물동향 차트(꺾은선형)에 대해 알려주세요,0,0,0,0
MI3_240826_TY1_0838_2_V02-8_1,Ⅱ. 금융 동향 및 금융기관 수신 추이에 대해 알려주세요,0,0,0,0
MI3_240826_TY1_0838_3_V02-8_1,신용보증 추이에 대한 혼합형 차트에 대해 알려주세요,0,0,0,0
MI3_240826_TY1_0838_4_V02-4_1,어음부도율 추이 차트(꺾은선형)에 대해 알려주세요,0,0,0,0
MI3_240826_TY1_0838_5_V02-4_1,제조업 생산 증감률 추이 꺾은선형에 대해 알려주세요,0,0,0,0
MI3_240826_TY1_0838_6_V02-4_1,I · 가계의 소비 심리 현재생활형편 및 생활형편전망 꺾은선형에 대해 알려주세요,0,0,0,0
MI3_240826_TY1_0842_1_V02-4_1,지역경제동향 I. 실물동향 제조업 생산 증감률 추이 꺾은선형에 대해 알려주세요,0,0,0,0
MI3_240826_TY1_0842_2_V02-1_1,신용보증 추이에 대해 알려주세요,0,0,0,0
MI3_240826_TY1_0842_3_V02-4_1,어음부도율 추이에 대해 알려주세요,0,0,0,0
MI3_240826_TY1_0842_4_V02-4_1,제조업 생산 증감률 추이 꺾은선형에 대해 알려주세요,0,0,0,0
MI3_240826_TY1_0842_5_V01_1,제조업의 주요 지표들에 대한 표에 대해 알려주세요,0,0,0,0
MI3_240826_TY1_0842_6_V01_1,2007년 2008년 전월대비 구 분 차트(영역형)에 대해 알려주세요,0,0,0,0
MI3_240826_TY1_0858_1_V01_1,에 대한타입의 내용과 관련하여 통상적 상황에서의 공개시장 매입이 미치는 영향에 대해 알려주세요.,0,0,0,0
MI3_240826_TY1_0858_2_V02-6_1,인플레이션 목표와 명목금리 하한의 발생 가능성에 대해 알려주세요,0,0,0,0
MI3_240826_TY1_0858_3_V01_1,서비스산업 비중 추이에 대해 알려주세요,0,0,0,0
MI3_240826_TY1_0863_1_V01_1,소비자물가 추이 (전년동기대비 등락률) 차트에 대해 알려주세요,0,0,0,0
MI3_240826_TY1_0863_2_V01_1,Ⅱ. 금융경제동향 1. 금융기관 여수신 금융기관 여수신 동향 표에 대해 알려주세요,0,0,0,0
MI3_240826_TY1_0863_3_V01_1,"가. 예금은행 본문에 포함된 (억원, %) 잔액 증 감액 표에 대해 알려주세요",0,0,0,0
MI3_240826_TY1_0863_4_V01_1,나. 비은행기관 본문 표에 대해 알려주세요,0,0,0,0
MI3_240826_TY1_0863_5_V01_1,신용보증기금의 신용보증 동향에 대해 알려주세요,0,0,0,0
MI3_240826_TY1_0863_6_V01_1,가계수표 이용에 대한 결제장수와 결제금액의 변동에 대해 알려주세요,0,0,0,0
MI3_240826_TY1_0868_1_V01_1,농수축산물 출하 관련 지표의 표에 대해 알려주세요,0,0,0,0
MI3_240826_TY1_0868_2_V01_1,소비관련 지표 추이에 대해 알려주세요,0,0,0,0
MI3_240826_TY1_0868_3_V01_1,건설투자 관련 지표 추이 차트에 대해 알려주세요,0,0,0,0
MI3_240826_TY1_0868_4_V01_1,관광관련 지표 추이 차트(세로 막대형)에 대해 알려주세요,0,0,0,0
MI3_240826_TY1_0868_5_V01_1,고용 추이와 관련된 표에 대해 알려주세요,0,0,0,0
MI3_240826_TY1_0868_6_V01_1,이 문서에서 소비자물가 추이와 관련된 연도별 및 품목별 가격 변동에 대해 알려주세요,0,0,0,0
MI3_240826_TY1_0874_1_V01_1,제조업 생산활동 지표 추이에 대해 알려주세요,0,0,0,0
MI3_240826_TY1_0874_2_V01_1,관광관련 지표 추이 표에 대해 알려주세요,0,0,0,0
MI3_240826_TY1_0874_3_V01_1,농·수·축산물 출하액과 관련된 표에 대해 알려주세요.,0,0,0,0
MI3_240826_TY1_0874_4_V01_1,물가 및 부동산 가격 소비자물가 차트에 대해 알려주세요,0,0,0,0
MI3_240826_TY1_0874_5_V01_1,부동산 가격 주택 및 토지가격 추이에 대해 알려주세요,0,0,0,0
MI3_240826_TY1_0874_6_V01_1,Ⅱ. 금융경제동향금융기관 여수신 추이에 대해 알려주세요,0,0,0,0
MI3_240826_TY1_0881_1_V01_1,I. 실물경제동향 1.수요 소비관련 주요 지표 추이에 대해 알려주세요,0,0,0,0
MI3_240826_TY1_0881_2_V01_1,의 본문에 대해 알려주세요,0,0,0,0
MI3_240826_TY1_0881_3_V01_1,제조업 생산활동 지표 추이에 대해 알려주세요,0,0,0,0
MI3_240826_TY1_0881_4_V01_1,관광관련 지표 추이 차트에 대해 알려주세요,0,0,0,0
MI3_240826_TY1_0881_5_V01_1,에 대한 V 타입의 데이터 내용을 포함하여 그래프와 관련된 정보를 알려주세요.,0,0,0,0
MI3_240826_TY1_0881_6_V01_1,고용관련 지표 추이 차트에 대해 알려주세요,0,0,0,0
MI3_240826_TY1_0882_1_V01_1,I. 실물경제동향 1. 수요 소비관련 주요 지표 추이에 대해 알려주세요,0,0,0,0
MI3_240826_TY1_0882_2_V01_1,설비투자 BSI 및 건설수주액 관련 차트에 대해 알려주세요,0,0,0,0
MI3_240826_TY1_0882_3_V01_1,2. 산업활동 1 제조업 제조업 생산활동 지표 추이에 대해 알려주세요,0,0,0,0
MI3_240826_TY1_0882_4_V01_1,관광 관련 지표 추이에 대해 알려주세요,0,0,0,0
MI3_240826_TY1_0882_5_V01_1,농·수·축산물 출하액과 관련된 데이터의 차트에 대해 알려주세요,0,0,0,0
MI3_240826_TY1_0882_6_V01_1,고용 관련 지표 추이에 대해 알려주세요,0,0,0,0
MI3_240826_TY1_0886_1_V01_1,I. 실물경제동향소비관련 주요 지표 추이에 대해 알려주세요,0,0,0,0
MI3_240826_TY1_0886_2_V01_1,의 본문과 관련된 주요 지표 추이에 대해 알려주세요,0,0,0,0
MI3_240826_TY1_0886_3_V01_1,산업활동 제조업 생산활동 지표 추이에 대해 알려주세요,0,0,0,0
MI3_240826_TY1_0886_4_V01_1,관광관련 지표 추이 차트에 대해 알려주세요,0,0,0,0
MI3_240826_TY1_0886_5_V01_1,농·수·축산물 출하액과 축산물 출하량에 대한 그래프 타입에 대해 알려주세요,0,0,0,0
MI3_240826_TY1_0886_6_V01_1,3. 고용 관련 지표 추이에 대해 알려주세요,0,0,0,0
MI3_240826_TY1_0902_1_V01_1,I. 실물경제동향소요 소비관련 주요 지표 추이에 대해 알려주세요,0,0,0,0
MI3_240826_TY1_0902_2_V01_1,"(전년동기대비 증가율, %) 차트에 대해 알려주세요",0,0,0,0
MI3_240826_TY1_0902_3_V01_1,2. 산업활동 1 제조업 제조업 생산활동 지표 추이에 대해 알려주세요,0,0,0,0
MI3_240826_TY1_0902_4_V01_1,관광관련 지표 추이 차트(세로 막대형)에 대해 알려주세요,0,0,0,0
MI3_240826_TY1_0902_5_V01_1,농·수·축산물 출하 관련 지표 추이에 대해 알려주세요,0,0,0,0
MI3_240826_TY1_0902_6_V01_1,고용 관련 지표 추이 차트(세로 막대형)에 대해 알려주세요,0,0,0,0
MI3_240826_TY1_0903_1_V01_1,I · 실물경제동향 소비관련 주요 지표에 대해 알려주세요,0,0,0,0
MI3_240826_TY1_0903_2_V01_1,제목에 따른 시각요소 제목 및 범례에 대해 알려주세요.,0,0,0,0
MI3_240826_TY1_0903_3_V01_1,2. 산업활동 1관광 관광관련 지표에 대해 알려주세요,0,0,0,0
MI3_240826_TY1_0903_4_V01_1,농·수·축산물 출하관련 지표에 대해 알려주세요,0,0,0,0
MI3_240826_TY1_0903_5_V01_1,"제조업 생산 및 출하, 재고 통계에 대해 알려주세요",0,0,0,0
MI3_240826_TY1_0903_6_V01_1,2008 2009 2007 연간 통계에 대한 차트(세로 막대형)에 대해 알려주세요,0,0,0,0
MI3_240826_TY1_0906_1_V02-4_1,주요경제도표 제조업 생산·출하·재고 꺾은선형에 대해 알려주세요,0,0,0,0
MI3_240826_TY1_0906_2_V02-4_1,관광객 내도 추이 소비자물가 상승률 추이 꺾은선형에 대해 알려주세요,0,0,0,0
MI3_240826_TY1_0906_3_V02-1_1,금융기관 수신증가액 추이 (전월대비 증감액) 차트(세로 막대형)에 대해 알려주세요,0,0,0,0
MI3_240826_TY1_0906_5_V02-1_1,중소기업 대출잔액 추이 차트(세로 막대형)에 대해 알려주세요,0,0,0,0
MI3_240826_TY1_0906_6_V01_1,I 실물경제동향 소비관련 주요 지표 차트에 대해 알려주세요,0,0,0,0
MI3_240826_TY1_0915_2_V02-4_1,Ⅱ. 도내 대형마트 현황 1. 대형마트 일반 현황 대형마트 출점 추이 꺾은선형 차트에 대해 알려주세요,0,0,0,0
MI3_240826_TY1_0915_3_V02-1_1,관광수입을 감안한 시나리오별 포화지수 차트(세로 막대형)에 대해 알려주세요,0,0,0,0
MI3_240826_TY1_0915_4_V01_1,제목에 따른 재래시장 이용 빈도의 통계와 표에 대해 알려주세요,0,0,0,0
MI3_240826_TY1_0915_5_V03_1,대형마트 진출이 소비자 후생에 미치는 영향 다이어그램에 대해 알려주세요,0,0,0,0
MI3_240826_TY1_0919_1_V02-1_2,주택보급률 비교와 관련된 차트에 대해 알려주세요,0,0,0,0
MI3_240826_TY1_0919_2_V02-1_1,아파트 분양가 추이와 관련된 세로 막대형 차트에 대해 알려주세요,0,0,0,0
MI3_240826_TY1_0919_3_V02-1_1,지난해 제주지역의 주택매매가격과 시도별 주택매매가격 등락률 비교 차트(세로 막대형)에 대해 알려주세요,0,0,0,0
MI3_240826_TY1_0919_4_V02-1_1,"제목에 따른 다가구, 다세대, 연립, 아파트의 수치 및 경향에 대해 알려주세요",0,0,0,0
MI3_240826_TY1_0919_5_V02-1_1,제주지역 아파트 건축 인허가 실적 추이 비교 차트(세로 막대형)에 대해 알려주세요,0,0,0,0
MI3_240826_TY1_0919_6_V02-1_1,주택 대출상환가능소득 차트(세로 막대형)에 대해 알려주세요,0,0,0,0
MI3_240826_TY1_0926_1_V01_1,I. 금융경제동향 1. 금융기관 여수신 금융기관 여수신 추이에 대해 알려주세요,0,0,0,0
MI3_240826_TY1_0926_2_V01_1,가. 예금은행의 예금 추이에 대해 알려주세요,0,0,0,0
MI3_240826_TY1_0926_3_V01_1,대출금 추이에 대해 알려주세요,0,0,0,0
MI3_240826_TY1_0926_4_V01_1,잔액 증감액 차트(세로 막대형)에 대해 알려주세요,0,0,0,0
MI3_240826_TY1_0926_5_V01_1,나. 비은행기관의 여수신 추이에 대해 알려주세요,0,0,0,0
MI3_240826_TY1_0926_6_V01_1,2. 중소기업 금융지원 총대출금과 중소기업대출 추이에 대해 알려주세요,0,0,0,0
MI3_240826_TY1_0980_1_V01_1,I. 금융동향 1 수신동향 예금은행 차트(세로 막대형)에 대해 알려주세요,0,0,0,0
MI3_240826_TY1_0980_2_V01_2,종별 금전신탁 1 동향 표에 대해 알려주세요,0,0,0,0
MI3_240826_TY1_0980_4_V01_1,2002년 11월 예금은행 여신 동향 차트(세로 막대형)에 대해 알려주세요,0,0,0,0
MI3_240826_TY1_0980_5_V01_2,신탁대출 1 동향 표에 대해 알려주세요,0,0,0,0
MI3_240826_TY1_0980_6_V01_1,"본문에 포함된 종합금융회사, 상호저축은행, 신용협동조합 등의 증감액을 나타내는 차트에 대해 알려주세요.",0,0,0,0
MI3_240826_TY1_0992_1_V02-4_1,제조업 생산지수 증감률 꺾은선형에 대해 알려주세요,0,0,0,0
MI3_240826_TY1_0992_2_V02-4_1,대형소매점판매 및 승용차신규등록대수 꺾은선형 차트에 대해 알려주세요,0,0,0,0
MI3_240826_TY1_0992_3_V01_1,건축착공면적 및 건축허가면적 변화 차트(꺾은선형)에 대해 알려주세요,0,0,0,0
MI3_240826_TY1_0992_4_V01_1,미분양주택 표에 대해 알려주세요,0,0,0,0
MI3_240826_TY1_0992_5_V02-8_1,대구경북지역 수출입 혼합형에 대해 알려주세요,0,0,0,0
MI3_240826_TY1_0992_6_V02-8_1,4. 물가 및 부동산가격 가. 소비자물가 취업자수 및 고용률 증감 혼합형에 대해 알려주세요,0,0,0,0
MI3_240826_TY1_0994_1_V02-4_1,제조업 생산지수 증감률 꺾은선형 차트에 대해 알려주세요,0,0,0,0
MI3_240826_TY1_0994_2_V02-4_1,대형소매점판매 및 승용차신규등록대수 꺾은선형에 대해 알려주세요,0,0,0,0
MI3_240826_TY1_0994_3_V02-4_1,건축허가면적 차트(꺾은선형)에 대해 알려주세요,0,0,0,0
MI3_240826_TY1_0994_4_V01_1,대구경북지역 미분양주택 현황 표에 대해 알려주세요,0,0,0,0
MI3_240826_TY1_0994_5_V02-8_1,대구경북지역 수출입 혼합형에 대해 알려주세요,0,0,0,0
MI3_240826_TY1_0994_6_V02-8_1,취업자수 및 고용률 증감에 대해 알려주세요,0,0,0,0
MI3_240826_TY1_0998_1_V02-4_1,제조업 생산지수 증감률 꺾은선형에 대해 알려주세요,0,0,0,0
MI3_240826_TY1_0998_2_V01_1,기계류 수입 표에 대해 알려주세요,0,0,0,0
MI3_240826_TY1_0998_3_V01_1,에 대한 표에 대해 알려주세요,0,0,0,0
MI3_240826_TY1_0998_4_V02-4_1,미분양주택 꺾은선형 차트에 대해 알려주세요,0,0,0,0
MI3_240826_TY1_0998_5_V02-8_1,대구경북지역 수출입 혼합형에 대해 알려주세요,0,0,0,0
MI3_240826_TY1_0998_6_V02-8_1,취업자수 및 고용률 증감 혼합형에 대해 알려주세요,0,0,0,0
MI3_240828_TY1_0005_1_V02-1_1,지역별 GRDP 규모 차트(세로 막대형)에 대해 알려주세요,0,0,0,0
MI3_240828_TY1_0005_2_V02-1_2,영동지역의 산업별 성장률에 대해 알려주세요,0,0,0,0
MI3_240828_TY1_0005_3_V02-4_1,영동지역 서비스업 성장률 추이에 대해 알려주세요,0,0,0,0
MI3_240828_TY1_0005_4_V02-1_1,지역별 제조업 비중 차트(세로 막대형)에 대해 알려주세요,0,0,0,0
MI3_240828_TY1_0005_5_V01_1,연평균 비중 성장률 표에 대해 알려주세요,0,0,0,0
MI3_240828_TY1_0005_6_V02-4_1,전년대비 성장률 변화 차트(꺾은선형)에 대해 알려주세요,0,0,0,0
MI3_240828_TY1_0009_1_V01_2,경남경제리뷰 2014.7.14. The Bank of Korea Gyeongnam에 대해 알려주세요,0,0,0,0
MI3_240828_TY1_0009_2_V02-4_1,해양플랜트 수주 추이 꺾은선형 차트에 대해 알려주세요,0,0,0,0
MI3_240828_TY1_0009_3_V01_2,경남경제리뷰 2014.7.14. The Bank of Korea Gyeongnam에 대해 알려주세요,0,0,0,0
MI3_240828_TY1_0009_4_V02-4_1,신조선가 꺾은선형 차트에 대해 알려주세요,0,0,0,0
MI3_240828_TY1_0009_5_V02-4_1,가스선 발주금액에 대해 알려주세요,0,0,0,0
MI3_240828_TY1_0009_6_V02-3_1,기타 선박 종류와 비율 차트(원형)에 대해 알려주세요,0,0,0,0
MI3_240828_TY1_0010_1_V02-1_2,광역시별 지역내 산업에서 문화산업의 비중 차트(가로 막대형)에 대해 알려주세요,0,0,0,0
MI3_240828_TY1_0010_2_V01_2,The Regional Economic Issue Paper의 본문에 포함된 차트(가로 막대형)에 대해 알려주세요,0,0,0,0
MI3_240828_TY1_0010_3_V02-1_2,광역시별 문화산업 업체당 매출액 차트(세로 막대형)에 대해 알려주세요,0,0,0,0
MI3_240828_TY1_0010_4_V01_1,문화산업 육성정책 현황 차트(세로 막대형)에 대해 알려주세요,0,0,0,0
MI3_240828_TY1_0010_5_V01_1,The Regional Economic Issue Paper Ⅶ에서 문화 재정에 대한 표에 대해 알려주세요,0,0,0,0
MI3_240828_TY1_0013_1_V02-1_4,신용대출 신용등급별 차주수 비중 차트(세로 막대형)에 대해 알려주세요,0,0,0,0
MI3_240828_TY1_0013_2_V02-1_3,"저축은행 내에서 고신용, 중신용, 저신용 분포를 보여주는 차트(세로 막대형)에 대해 알려주세요",0,0,0,0
MI3_240828_TY1_0013_3_V02-1_2,개인 총처분가능소득 평균 증가율 차트(세로 막대형)에 대해 알려주세요,0,0,0,0
MI3_240828_TY1_0013_4_V02-1_1,III. 광주·전남지역 가계부채의 건전성 평가 차트(가로 막대형)에 대해 알려주세요,0,0,0,0
MI3_240828_TY1_0013_5_V02-1_1,권역별 총자산 대비 금융자산 비중 차트(세로 막대형)에 대해 알려주세요,0,0,0,0
MI3_240828_TY1_0013_6_V02-1_2,금융기관별 주택담보대출 증감 차트(세로 막대형)에 대해 알려주세요,0,0,0,0
MI3_240828_TY1_0014_1_V02-4_1,광주지역 배추가격 추이 꺾은선형에 대해 알려주세요,0,0,0,0
MI3_240828_TY1_0014_2_V02-4_1,소비자심리지수 및 소비지출전망 추이에 대해 알려주세요,0,0,0,0
MI3_240828_TY1_0014_3_V02-4_1,경제 지표에 대한 정보를 알고 싶습니다,0,0,0,0
MI3_240828_TY1_0014_4_V02-8_1,광주지역 소비자물가 기여도 차트(혼합형)에 대해 알려주세요,0,0,0,0
MI3_240828_TY1_0014_5_V02-4_1,광주지역 석유류가격 상승률 차트(꺾은선형)에 대해 알려주세요,0,0,0,0
MI3_240828_TY1_0014_6_V02-1_2,2017년 12월 경제 이슈와 관련된 차트(세로 막대형)에 대해 알려주세요,0,0,0,0
MI3_240828_TY1_0015_1_V01_1,강원선 KTX 사업 표에 대해 알려주세요,0,0,0,0
MI3_240828_TY1_0015_2_V02-1_4,전체투자 차트(세로 막대형)에 대해 알려주세요,0,0,0,0
MI3_240828_TY1_0015_3_V02-1_4,기계류 운수장비 세부사항 차트(세로 막대형)에 대해 알려주세요,0,0,0,0
MI3_240828_TY1_0015_4_V02-4_3,T01 T02 T03 차트(꺾은선형)에 대해 알려주세요,0,0,0,0
MI3_240828_TY1_0015_5_V02-4_1,강원·전국 설비투자효율 비교에 대해 알려주세요,0,0,0,0
MI3_240828_TY1_0015_6_V02-1_5,65.0 (%) 전국 강원 차트(세로 막대형)에 대해 알려주세요,0,0,0,0
MI3_240828_TY1_0032_1_V02-1_1,광주·전남 설비투자 증가율 비교 차트(세로 막대형)에 대해 알려주세요,0,0,0,0
MI3_240828_TY1_0032_2_V02-1_2,지역별 지식재산생산물 투자 증감폭 비교 차트(가로 막대형)에 대해 알려주세요,0,0,0,0
MI3_240828_TY1_0032_3_V02-4_2,광주·전남 소매판매액지수 증가율 추이에 대해 알려주세요,0,0,0,0
MI3_240828_TY1_0032_4_V02-1_1,광주·전남 취업자수 증감폭 차트(세로 막대형)에 대해 알려주세요,0,0,0,0
MI3_240828_TY1_0032_5_V01_1,지자체 비정규직 비중 및 급여 증가율 표에 대해 알려주세요,0,0,0,0
MI3_240828_TY1_0032_6_V02-1_1,지역별 소비자물가 상승률 비교 차트(세로 막대형)에 대해 알려주세요,0,0,0,0
MI3_240828_TY1_0038_1_V02-8_1,연령대별 경제활동인구 비중 차트(혼합형)에 대해 알려주세요,0,0,0,0
MI3_240828_TY1_0038_3_V02-1_2,전북 연령대별 인구증가율 전망 차트(가로 막대형)에 대해 알려주세요,0,0,0,0
MI3_240828_TY1_0038_4_V02-1_1,전북 인구 증감 추세 차트(세로 막대형)에 대해 알려주세요,0,0,0,0
MI3_240828_TY1_0038_5_V03_1,'시나리오 1'에 따른 전북 경제활동인구 전망 방법에 대해 알려주세요.,0,0,0,0
MI3_240828_TY1_0038_6_V01_1,전북지역 전체 경제활동참가율에 대한 데이터와 관련된 막대형 차트에 대해 알려주세요.,0,0,0,0
MI3_240828_TY1_0039_1_V01_1,주요 상권 활성화 정책에 대해 알려주세요,0,0,0,0
MI3_240828_TY1_0039_2_V01_1,지원 분야 내용에 대해 알려주세요,0,0,0,0
MI3_240828_TY1_0039_4_V01_1,전북 백신접종률 현황 표에 대해 알려주세요,0,0,0,0
MI3_240828_TY1_0039_5_V01_1,전북지역 소상공인 관련 방역 정책에 대해 알려주세요,0,0,0,0
MI3_240828_TY1_0039_6_V02-1_1,한옥마을 방문 관광객 수 차트(세로 막대형)에 대해 알려주세요,0,0,0,0
MI3_240828_TY1_0051_1_V02-8_1,제조업 생산지수 혼합형에 대해 알려주세요,0,0,0,0
MI3_240828_TY1_0051_2_V01_2,창원국가산업단지 가동률 차트(가로 막대형)에 대해 알려주세요,0,0,0,0
MI3_240828_TY1_0051_3_V02-4_1,대형소매점 판매 꺾은선형에 대해 알려주세요,0,0,0,0
MI3_240828_TY1_0051_4_V01_1,10월중 승용차 판매와 관련된 표에 대해 알려주세요,0,0,0,0
MI3_240828_TY1_0051_5_V01_1,건축착공면적 표에 대해 알려주세요,0,0,0,0
MI3_240828_TY1_0051_6_V01_2,건설업 BSI에 관한 내용에 대해 알려주세요,0,0,0,0
MI3_240828_TY1_0084_1_V02-8_1,I. 실물경제동향 1. 산업활동 제조업생산지수(혼합형)에 대해 알려주세요,0,0,0,0
MI3_240828_TY1_0084_2_V01_2,제목에 포함된 한국산업단지공단 자료의 차트에 대해 알려주세요.,0,0,0,0
MI3_240828_TY1_0084_3_V02-8_1,2015년 12월중 대형소매점 판매에 대해 알려주세요,0,0,0,0
MI3_240828_TY1_0084_4_V01_1,2015년 12월중 내수용 자본재 수입과 기계류 수입 감소에 대한 표에 대해 알려주세요,0,0,0,0
MI3_240828_TY1_0084_5_V01_1,건축허가면적 차트(혼합형)에 대해 알려주세요,0,0,0,0
MI3_240828_TY1_0084_6_V02-1_1,3. 고용 차트(세로 막대형)에 대해 알려주세요,0,0,0,0
MI3_240828_TY1_0088_1_V02-8_1,I. 실물경제동향 1. 산업활동 경남지역 제조업 생산 (%)에 대해 알려주세요,0,0,0,0
MI3_240828_TY1_0088_2_V01_2,경남지역 중소기업 평균가동률에 대한 통계 데이터의 표에 대해 알려주세요,0,0,0,0
MI3_240828_TY1_0088_3_V02-4_1,2016년 4월중 대형소매점 판매에 대해 알려주세요,0,0,0,0
MI3_240828_TY1_0088_4_V01_1,설비투자와 관련된 연간 및 분기별 통계 자료에 대해 알려주세요.,0,0,0,0
MI3_240828_TY1_0088_5_V02-8_1,건설투자 관련 지표 변화에 대해 알려주세요,0,0,0,0
MI3_240828_TY1_0088_6_V02-4_1,고용 비농림어업 취업자수 증감 차트(꺾은선형)에 대해 알려주세요,0,0,0,0
MI3_240828_TY1_0091_1_V02-8_2,I. 실물경제동향 1. 산업활동 경남지역 제조업생산지수(계절조정) 차트(혼합형)에 대해 알려주세요,0,0,0,0
MI3_240828_TY1_0091_2_V01_2,경남지역 중소기업 평균가동률에 대해 알려주세요.,0,0,0,0
MI3_240828_TY1_0091_3_V02-8_1,경남지역 대형소매점 판매에 대해 알려주세요,0,0,0,0
MI3_240828_TY1_0091_4_V01_1,설비투자와 관련된 표에 대해 알려주세요,0,0,0,0
MI3_240828_TY1_0091_5_V01_1,건설투자 관련 데이터와 연관된 차트에 대해 알려주세요,0,0,0,0
MI3_240828_TY1_0091_6_V02-1_1,경남지역 취업자수 증감 차트(세로 막대형)에 대해 알려주세요,0,0,0,0
MI3_240828_TY1_0095_1_V02-8_1,I . 실물경제동향 경남지역 제조업 생산에 대해 알려주세요,0,0,0,0
MI3_240828_TY1_0095_2_V01_2,제목에 기반한 경남지역 중소기업 평균가동률에 대한 막대형 차트에 대해 알려주세요.,0,0,0,0
MI3_240828_TY1_0095_3_V02-8_1,T01 T02 T03 혼합형에 대해 알려주세요,0,0,0,0
MI3_240828_TY1_0095_4_V01_1,나. 설비투자 관련 자료에 대해 알려주세요,0,0,0,0
MI3_240828_TY1_0095_5_V02-8_1,다. 건설투자 관련 데이터와 경남지역 건설투자의 꺾은선형 차트에 대해 알려주세요.,0,0,0,0
MI3_240828_TY1_0095_6_V02-4_1,경남지역 업종별 취업자수 증감 차트(꺾은선형)에 대해 알려주세요,0,0,0,0
MI3_240828_TY1_0107_1_V02-4_1,I . 실물경제동향 경남지역 제조업 생산 증가율 꺾은선형에 대해 알려주세요,0,0,0,0
MI3_240828_TY1_0107_2_V01_1,2018년 2월중 제조업 출하 및 재고에 대한 차트(세로 막대형)에 대해 알려주세요,0,0,0,0
MI3_240828_TY1_0107_3_V01_1,가. 소 비 대형소매점 판매액지수 차트(세로 막대형)에 대해 알려주세요,0,0,0,0
MI3_240828_TY1_0107_4_V01_1,2016 2017 2018 연간 연간 기계류 수입액 및 제조업 설비투자실적 BSI에 대해 알려주세요,0,0,0,0
MI3_240828_TY1_0107_5_V01_2,경남지역 미분양주택 현황에 대해 알려주세요.,0,0,0,0
MI3_240828_TY1_0107_6_V02-4_1,경남지역 취업자수 증감 꺾은선형에 대해 알려주세요,0,0,0,0
MI3_240828_TY1_0129_1_V01_1,I. 실물동향 1. 제조업 생산·출하·재고 제조업 생산에 대해 알려주세요,0,0,0,0
MI3_240828_TY1_0129_2_V01_1,제조업 출하 및 재고에 대해 알려주세요,0,0,0,0
MI3_240828_TY1_0129_3_V01_2,자동차 등록대수 증감 표에 대해 알려주세요,0,0,0,0
MI3_240828_TY1_0129_4_V01_2,유류 소비량 차트에 대해 알려주세요,0,0,0,0
MI3_240828_TY1_0129_5_V01_1,내수용자본재 및 기계류 수입액에 대해 알려주세요,0,0,0,0
MI3_240828_TY1_0129_6_V01_1,건축허가면적 차트(세로 막대형)에 대해 알려주세요,0,0,0,0
MI3_240828_TY1_0141_1_V01_1,경남지역 제조업 생산 동향의 표에 대해 알려주세요,0,0,0,0
MI3_240828_TY1_0141_2_V01_1,에 대한 V 형태의 차트에 대해 알려주세요,0,0,0,0
MI3_240828_TY1_0141_3_V01_1,건설투자에 대한 표에 대해 알려주세요,0,0,0,0
MI3_240828_TY1_0141_4_V01_2,경남지역 물가 동향 본문 표에 대해 알려주세요,0,0,0,0
MI3_240828_TY1_0141_5_V01_1,대외거래와 관련된 수출입 동향에 대해 알려주세요.,0,0,0,0
MI3_240828_TY1_0141_6_V01_2,주요 예측기관 국제유가 전망 차트에 대해 알려주세요,0,0,0,0
MI3_240828_TY1_0148_1_V01_1,I. 검토배경 V에 대해 알려주세요,0,0,0,0
MI3_240828_TY1_0148_2_V01_1,이 문서의 제목에 포함된 내용과 관련하여 경기도내 총생산에 대한 지출 구조를 나타내는 차트에 대해 알려주세요.,0,0,0,0
MI3_240828_TY1_0148_4_V01_1,경기 지역주민의 업종별 소비 비중에 대해 알려주세요,0,0,0,0
MI3_240828_TY1_0148_5_V02-8_1,에 대한 혼합형 차트에 대해 알려주세요,0,0,0,0
MI3_240828_TY1_0148_6_V01_1,2012년 광역시·도별 역외소비율 변화에 대해 알려주세요,0,0,0,0
MI3_240828_TY1_0177_1_V02-4_1,Ⅰ 유로지역 은행의 대출증가율 꺾은선형에 대해 알려주세요,0,0,0,0
MI3_240828_TY1_0177_2_V01_1,고위험 기업부문 대출 변화에 대해 알려주세요,0,0,0,0
MI3_240828_TY1_0177_3_V02-1_1,에 대한 외국계은행자산과 총자산 비율이 포함된 차트(세로 막대형)에 대해 알려주세요,0,0,0,0
MI3_240828_TY1_0177_4_V02-4_1,미국계 은행과 외국계 은행의 대출기준 변화에 대해 알려주세요,0,0,0,0
MI3_240828_TY1_0177_5_V02-4_1,국제유가에 대해 알려주세요,0,0,0,0
MI3_240828_TY1_0177_6_V01_2,주요 예측기관의 유가전망 차트에 대해 알려주세요,0,0,0,0
MI3_240828_TY1_0181_1_V02-8_1,부·울·경 권역내 전산업 다각화계수 추이에 대해 알려주세요.,0,0,0,0
MI3_240828_TY1_0181_2_V02-1_1,부산-울산 및 부산-경남 관련 차트(가로 막대형)에 대해 알려주세요,0,0,0,0
MI3_240828_TY1_0181_3_V02-1_1,울산·경남 지역의 소비유입형과 소비유출형 차트에 대해 알려주세요,0,0,0,0
MI3_240828_TY1_0181_4_V01_1,울산·경남의 품목별 역외소비중에 대해 알려주세요,0,0,0,0
MI3_240828_TY1_0181_5_V02-1_1,부산-울산 및 부산-경남간 소매판매지수 상관계수 차트(세로 막대형)에 대해 알려주세요,0,0,0,0
MI3_240828_TY1_0181_6_V02-8_1,부·울·경 지역간 통근· 통학 현황 차트(혼합형)에 대해 알려주세요,0,0,0,0
MI3_240828_TY1_0185_1_V01_1,강원지역 산업별 시설자금 대출현황 표에 대해 알려주세요,0,0,0,0
MI3_240828_TY1_0185_2_V01_1,강원지역 기업대출 현황과 관련된 차트에 대해 알려주세요,0,0,0,0
MI3_240828_TY1_0185_3_V01_1,지역별 업체수 및 비중 표에 대해 알려주세요,0,0,0,0
MI3_240828_TY1_0185_4_V01_2,조직 및 마케팅 역량에 대한 장비 보유 현황에 대해 알려주세요,0,0,0,0
MI3_240828_TY1_0185_5_V01_3,지역별 처방전 추천기업 현황에 대한 표에 대해 알려주세요,0,0,0,0
MI3_240828_TY1_0188_1_V02-8_1,강원지역 금융기관 수신증감액 추이 차트(혼합형)에 대해 알려주세요,0,0,0,0
MI3_240828_TY1_0188_2_V01_1,2014년 6월말 금융기관 여신 잔액 및 예금은행과 비은행기관의 동향에 대해 알려주세요,0,0,0,0
MI3_240828_TY1_0188_3_V01_1,"의 (기간중 증감액, 억원) 차트(세로 막대형)에 대해 알려주세요",0,0,0,0
MI3_240828_TY1_0188_4_V02-8_1,2012.1 ~ 2014.1 차트(혼합형)에 대해 알려주세요,0,0,0,0
MI3_240828_TY1_0188_5_V01_1,강원지역 비은행기관 수신 추이와 관련된 차트에 대해 알려주세요,0,0,0,0
MI3_240828_TY1_0188_6_V01_1,강원지역 예금은행 여신 추이에 대해 알려주세요,0,0,0,0
MI3_240828_TY1_0214_1_V02-8_2,II. 울산지역 금융기관 여수신 동향 1 개황 총여신증가율에 대해 알려주세요,0,0,0,0
MI3_240828_TY1_0214_2_V02-8_2,울산지역 금융기관 수신 증가율과 관련된 혼합형 차트에 대해 알려주세요,0,0,0,0
MI3_240828_TY1_0214_3_V02-8_1,예금은행 여신 증가율에 대한 혼합형 차트에 대해 알려주세요,0,0,0,0
MI3_240828_TY1_0214_4_V02-1_2,"에 대한 연평균, 2014년증 및 2014.5월대비의 비율을 보여주는 꺾은선형 차트에 대해 알려주세요",0,0,0,0
MI3_240828_TY1_0214_5_V02-1_1,총수신 및 총여신증가율 세로 막대형에 대해 알려주세요,0,0,0,0
MI3_240828_TY1_0214_6_V02-8_1,혼합형에 대해 알려주세요,0,0,0,0
MI3_240828_TY1_0219_1_V02-4_2,금속 및 금융시장 변동성에 대해 알려주세요,0,0,0,0
MI3_240828_TY1_0219_2_V02-1_1,중국의 니켈 소비량 및 재고량 변화에 대한 차트(세로 막대형)에 대해 알려주세요,0,0,0,0
MI3_240828_TY1_0219_3_V02-1_1,주요 금속원자재의 국별 수요 점유율 차트(세로 막대형)에 대해 알려주세요,0,0,0,0
MI3_240828_TY1_0219_4_V02-4_1,이 보고서의 주요 금속원자재 수요와 공급 측면에 대해 알려주세요,0,0,0,0
MI3_240828_TY1_0219_5_V02-8_1,에 대한 의 혼합형에 대해 알려주세요,0,0,0,0
MI3_240828_TY1_0219_6_V02-4_2,제목에 대해 알려주세요,0,0,0,0
MI3_240828_TY1_0225_2_V02-1_1,글로벌 저성장 장기화 차트(세로 막대형)에 대해 알려주세요,0,0,0,0
MI3_240828_TY1_0225_3_V02-4_1,미 연준의 정책금리 추이 및 차트(꺾은선형)에 대해 알려주세요,0,0,0,0
MI3_240828_TY1_0225_4_V02-4_1,유럽 은행의 주가 차트(꺾은선형)에 대해 알려주세요,0,0,0,0
MI3_240828_TY1_0225_5_V02-4_1,글로벌 저성장 기조 탈피 및 인플레이션 회복 여부 차트(꺾은선형)에 대해 알려주세요,0,0,0,0
MI3_240828_TY1_0225_6_V02-4_1,중국의 3대 리스크 관리 차트(꺾은선형)에 대해 알려주세요,0,0,0,0
MI3_240828_TY1_0226_1_V02-4_1,I. 검토배경에 대해 알려주세요,0,0,0,0
MI3_240828_TY1_0226_2_V02-4_1,II. 가계부채·주택가격·실물경제 동향 및 주택매매가격의 꺾은선형 그래프에 대해 알려주세요,0,0,0,0
MI3_240828_TY1_0226_3_V02-8_1,주택공급과 관련된 통계 차트 혼합형에 대해 알려주세요,0,0,0,0
MI3_240828_TY1_0226_4_V02-8_2,대구경북 개인소득에 대한 막대형 차트에 대해 알려주세요,0,0,0,0
MI3_240828_TY1_0226_6_V02-4_2,주택가격과 GRDP 간의 관계를 보여주는 꺾은선형 그래프에 대해 알려주세요,0,0,0,0
MI3_240828_TY1_0266_1_V02-4_1,해외경제 포커스 주요 경제지표 차트(꺾은선형)에 대해 알려주세요,0,0,0,0
MI3_240828_TY1_0266_2_V02-4_1,2010~16년 소득증가율 꺾은선형에 대해 알려주세요,0,0,0,0
MI3_240828_TY1_0266_3_V02-1_1,해외경제 포커스 일본과 한국의 외국인 관광객 비율에 대해 알려주세요,0,0,0,0
MI3_240828_TY1_0266_4_V02-4_1,해외경제 포커스 제2017-40호 브라질 소매판매 및 수출 관련 표 차트(원형)에 대해 알려주세요,0,0,0,0
MI3_240828_TY1_0266_5_V02-1_1,해외경제 포커스 제2017-40호의 차트(세로 막대형)에 대해 알려주세요,0,0,0,0
MI3_240828_TY1_0266_6_V02-4_1,"해외경제 포커스 제2017-40호에 포함된 2,800 (1931년=100) (1967년=100) 차트(꺾은선형)에 대해 알려주세요",0,0,0,0
MI3_240828_TY1_0267_1_V02-8_1,Ⅱ 일본 노동시장 동향 차트(혼합형)에 대해 알려주세요,0,0,0,0
MI3_240828_TY1_0267_2_V02-4_1,주요국의 고용률1%(%) 차트(꺾은선형)에 대해 알려주세요,0,0,0,0
MI3_240828_TY1_0267_3_V02-8_2,T01 T02 T03 혼합형에 대해 알려주세요,0,0,0,0
MI3_240828_TY1_0267_4_V02-4_1,로봇 활용도와 관련된 차트에 대해 알려주세요,0,0,0,0
MI3_240828_TY1_0267_5_V02-8_1,노동소득 증대 (임금 인상 유도)와 관련된 차트(혼합형)에 대해 알려주세요,0,0,0,0
MI3_240828_TY1_0267_6_V02-4_1,비정규직 비중(%) 차트(꺾은선형)에 대해 알려주세요,0,0,0,0
MI3_240828_TY1_0269_1_V01_1,부산 및 전국의 종사자지위별 취업자수 표에 대해 알려주세요,0,0,0,0
MI3_240828_TY1_0269_2_V01_2,전문과학기술서비스 중분류산업별 근로자수 비중 및 상대임금 수준에 대해 알려주세요,0,0,0,0
MI3_240828_TY1_0269_3_V01_1,이 문서에서 다루는 주요 산업별 대규모 사업체의 임금 수준 차트에 대해 알려주세요.,0,0,0,0
MI3_240828_TY1_0269_4_V02-4_1,상용근로자 연령별 임금수준 변화 꺾은선형에 대해 알려주세요,0,0,0,0
MI3_240828_TY1_0269_5_V02-1_1,전국 및 부산의 실업요인별 비중에 대해 알려주세요,0,0,0,0
MI3_240828_TY1_0269_6_V02-1_1,부산지역 청년층 인구 순유입률에 대해 알려주세요,0,0,0,0
MI3_240828_TY1_0271_1_V02-8_1,은행대출 (전국) 혼합형에 대해 알려주세요,0,0,0,0
MI3_240828_TY1_0271_2_V02-4_1,부산지역 금융대출과 고용·부가가치의 연관성 꺾은선형에 대해 알려주세요,0,0,0,0
MI3_240828_TY1_0271_3_V02-4_1,부가가치의 금융탄력성 (2009~2015년) 차트(꺾은선형)에 대해 알려주세요,0,0,0,0
MI3_240828_TY1_0271_4_V02-1_1,T01 T02 T03 차트(세로 막대형)에 대해 알려주세요,0,0,0,0
MI3_240828_TY1_0271_5_V02-1_3,부가가치효과 높은 산업대출 둔화 차트(세로 막대형)에 대해 알려주세요,0,0,0,0
MI3_240828_TY1_0296_1_V02-4_1,미국의 주가지수 꺾은선형에 대해 알려주세요,0,0,0,0
MI3_240828_TY1_0296_2_V02-8_1,2004년 Euro Stoxx와 Nikkei의 혼합형 차트에 대해 알려주세요,0,0,0,0
MI3_240828_TY1_0296_3_V02-4_1,해외경제 포커스 제2004-41호에서 제시된 엔/달러 및 달러/유로 환율 꺾은선형에 대해 알려주세요,0,0,0,0
MI3_240828_TY1_0296_4_V01_1,국제유가 표에 대해 알려주세요,0,0,0,0
MI3_240828_TY1_0296_5_V02-8_1,미국 난방유 재고 추이 혼합형에 대해 알려주세요,0,0,0,0
MI3_240828_TY1_0296_6_V01_1,반도체 가격과 관련된 표에 대해 알려주세요,0,0,0,0
MI3_240828_TY1_0297_2_V02-4_1,유로지역 및 일본 주가지수에 대한 차트(꺾은선형)에 대해 알려주세요,0,0,0,0
MI3_240828_TY1_0297_3_V02-4_1,해외경제 포커스의 엔/달러 및 달러/유로 환율 꺾은선형 차트에 대해 알려주세요,0,0,0,0
MI3_240828_TY1_0297_4_V02-4_1,해외경제 포커스 제2004-46호의 10년 만기 국채 수익률에 대해 알려주세요.,0,0,0,0
MI3_240828_TY1_0297_5_V02-8_1,해외경제 포커스 제2004-46호의 미국 상업용 원유재고 혼합형에 대해 알려주세요,0,0,0,0
MI3_240828_TY1_0304_2_V02-4_1,해외경제 포커스 제2005-20호에서 다룬 엔/달러 및 달러/유로 환율 변화에 대해 알려주세요,0,0,0,0
MI3_240828_TY1_0304_4_V02-4_1,해외경제 포커스 제2005-20호 1의 꺾은선형 그래프에 대해 알려주세요,0,0,0,0
MI3_240828_TY1_0304_5_V02-4_1,로이터 및 IMF 상품가격 지수 추이에 대해 알려주세요,0,0,0,0
MI3_240828_TY1_0306_1_V01_1,해외경제 포커스의 표에 대해 알려주세요,0,0,0,0
MI3_240828_TY1_0306_2_V02-4_1,엔/달러 및 달러/유로 환율 꺾은선형 차트에 대해 알려주세요,0,0,0,0
MI3_240828_TY1_0306_3_V02-4_1,해외경제 포커스 제2005-28호에서 제시된 꺾은선형 차트에 대해 알려주세요,0,0,0,0
MI3_240828_TY1_0306_4_V02-8_1,해외경제 포커스 제2005-28호에 포함된 원유재고 변화에 대해 알려주세요,0,0,0,0
MI3_240828_TY1_0306_5_V02-4_1,해외경제 포커스 제2005-28호에 대해 알려주세요,0,0,0,0
MI3_240828_TY1_0313_2_V02-4_1,미 국채수익률 차트(꺾은선형)에 대해 알려주세요,0,0,0,0
MI3_240828_TY1_0313_3_V02-4_1,해외경제 포커스 제2006-6호에서 미국 상업용 원유재고의 장기 추이에 대한 꺾은선형 그래프에 대해 알려주세요.,0,0,0,0
MI3_240828_TY1_0313_4_V02-8_1,해외경제 포커스 제2006-6호의 혼합형 차트에 대해 알려주세요,0,0,0,0
MI3_240828_TY1_0313_6_V02-4_1,해외경제 포커스 제2006-6호의 꺾은선형 차트에 대해 알려주세요,0,0,0,0
MI3_240828_TY1_0322_2_V02-4_1,해외경제 포커스 제2006-49호엔/달러 및 달러/유로 추이에 대해 알려주세요,0,0,0,0
MI3_240828_TY1_0322_3_V02-4_1,해외경제 포커스에 대한 시각요소 제목과 관련된 꺾은선형 차트에 대해 알려주세요,0,0,0,0
MI3_240828_TY1_0322_4_V02-8_1,해외경제 포커스 제2006-49호에서 미국 상업용 원유재고 혼합형 차트에 대해 알려주세요,0,0,0,0
MI3_240828_TY1_0322_6_V02-4_2,해외경제 포커스 제2006-49호의 소제목과 관련하여 꺾은선형 차트에 대해 알려주세요,0,0,0,0
MI3_240828_TY1_0331_1_V02-4_1,18500 (엔) 꺾은선형에 대해 알려주세요,0,0,0,0
MI3_240828_TY1_0331_2_V02-4_1,유로지역 및 일본 주가지수 추이 차트(꺾은선형)에 대해 알려주세요,0,0,0,0
MI3_240828_TY1_0331_3_V02-4_1,해외경제 포커스 제2007-32호에서 엔/달러 및 달러/유로 추이에 대해 알려주세요,0,0,0,0
MI3_240828_TY1_0331_4_V02-4_1,회사채 스프레드 추이에 대해 알려주세요,0,0,0,0
MI3_240828_TY1_0331_5_V02-8_1,2007년 최대시 평균 혼합형 차트에 대해 알려주세요,0,0,0,0
MI3_240828_TY1_0331_6_V02-4_2,IMF 부문별 원자재가격지수 꺾은선형 차트에 대해 알려주세요,0,0,0,0
MI3_240828_TY1_0351_1_V02-1_1,강원지역 금융기관 수신 증감액 추이 차트(세로 막대형)에 대해 알려주세요,0,0,0,0
MI3_240828_TY1_0351_2_V02-8_1,금융기관 주택대출 관련 데이터 차트(혼합형)에 대해 알려주세요,0,0,0,0
MI3_240828_TY1_0351_3_V01_1,자산운용사 수신 추이 차트(혼합형)에 대해 알려주세요,0,0,0,0
MI3_240828_TY1_0351_4_V02-8_1,신규 부도업체 및 신설법인 수 혼합형 차트에 대해 알려주세요,0,0,0,0
MI3_240828_TY1_0351_5_V02-4_1,강원지역 비제조업 업황BSI 꺾은선형에 대해 알려주세요,0,0,0,0
MI3_240828_TY1_0351_6_V02-4_1,소비자심리지수 꺾은선형에 대해 알려주세요,0,0,0,0
MI3_240828_TY1_0360_1_V01_1,I. 금융동향 화폐발행 및 환수 차트(세로 막대형)에 대해 알려주세요,0,0,0,0
MI3_240828_TY1_0360_2_V01_1,신용보증기관1의 신용보증실적 표에 대해 알려주세요,0,0,0,0
MI3_240828_TY1_0360_3_V01_1,Ⅱ. 실물동향제조업 생산·출하·재고동향에 대해 알려주세요,0,0,0,0
MI3_240828_TY1_0360_4_V01_1,대외거래 본문 표에 대해 알려주세요,0,0,0,0
MI3_240828_TY1_0360_5_V01_1,소비자물가에 대해 알려주세요.,0,0,0,0
MI3_240828_TY1_0360_6_V01_1,인천항 수출입 물동량(천톤) 차트에 대해 알려주세요,0,0,0,0
MI3_240828_TY1_0377_1_V02-4_2,회사채금리 차트(꺾은선형)에 대해 알려주세요,0,0,0,0
MI3_240828_TY1_0377_2_V02-1_1,신규주택 공급물량 변화 세로 막대형 차트에 대해 알려주세요,0,0,0,0
MI3_240828_TY1_0377_3_V02-3_2,"강원지역 단위면적당 평균 보증금 및 월세금 반전세, 그외, 46% 44% 순수월세, 10%에 대해 알려주세요",0,0,0,0
MI3_240828_TY1_0377_4_V02-1_1,강원도 전월세 평균주거비 격차 차트(세로 막대형)에 대해 알려주세요,0,0,0,0
MI3_240828_TY1_0377_5_V02-8_1,강원지역 전세수급지수 및 금리에 대해 알려주세요,0,0,0,0
MI3_240828_TY1_0377_6_V02-8_1,강원도 인허가 및 착공물량 혼합형에 대해 알려주세요,0,0,0,0
MI3_240828_TY1_0387_1_V02-1_2,영동 및 영서 차트(세로 막대형)에 대해 알려주세요,0,0,0,0
MI3_240828_TY1_0387_2_V02-1_1,IV 평가 차트(세로 막대형)에 대해 알려주세요,0,0,0,0
MI3_240828_TY1_0387_3_V02-4_1,국내기업의 성장성 및 수익성 지표 차트(꺾은선형)에 대해 알려주세요,0,0,0,0
MI3_240828_TY1_0387_4_V02-1_2,강원지역 업종별 한계기업 비중 차트(세로 막대형)에 대해 알려주세요,0,0,0,0
MI3_240828_TY1_0387_5_V02-7_2,방사형에 대해 알려주세요,0,0,0,0
MI3_240828_TY1_0387_6_V02-2_1,강원 16.9% (영동) 11.4% (영서) 23.9% 전국 5.9% 가로 막대형에 대해 알려주세요,0,0,0,0
MI3_240828_TY1_0387_7_V02-1_2,1년 2년 3년이상 차트(세로 막대형)에 대해 알려주세요,0,0,0,0
MI3_240828_TY1_0387_8_V02-1_1,이중부실 부채비율 차트(세로 막대형)에 대해 알려주세요,0,0,0,0
MI3_240828_TY1_0393_1_V02-2_1,<경남지역 산업별 구성비> 차트(가로 막대형)에 대해 알려주세요,0,0,0,0
MI3_240828_TY1_0393_2_V02-4_1,경남경제리뷰 성장잠재력 변동 추이에 대해 꺾은선형 차트에 대해 알려주세요,0,0,0,0
MI3_240828_TY1_0393_3_V02-1_1,경남경제리뷰 2014.10.29. The Bank of Korea Gyeongnam에 대한 세로 막대형 차트에 대해 알려주세요,0,0,0,0
MI3_240828_TY1_0393_4_V02-8_1,경남지역 연구원 수 혼합형에 대해 알려주세요,0,0,0,0
MI3_240828_TY1_0393_5_V02-1_2,지역혁신지수 변동폭 차트(세로 막대형)에 대해 알려주세요,0,0,0,0
MI3_240828_TY1_0393_6_V02-1_1,동남권 수도권 차트(세로 막대형)에 대해 알려주세요,0,0,0,0
MI3_240828_TY1_0393_7_V02-1_1,지역별 제조업 구인충족률 및 청년층 고용률 차트(세로 막대형)에 대해 알려주세요,0,0,0,0
MI3_240828_TY1_0416_1_V02-4_2,제목에 해당하는 문서에서 여신 비율 변화를 나타내는 차트에 대해 알려주세요.,0,0,0,0
MI3_240828_TY1_0416_2_V02-1_2,제목에 언급된 내용을 기반으로 종사상 지위별 취업자 비중 차트를 통해 알려주세요.,0,0,0,0
MI3_240828_TY1_0416_3_V02-1_1,지역별 지방은행 및 서민금융기관의 여신점유율에 대해 알려주세요,0,0,0,0
MI3_240828_TY1_0416_4_V01_1,서민금융기관 예대율에 대해 알려주세요,0,0,0,0
MI3_240828_TY1_0416_5_V02-4_1,지역별 상호저축은행 및 서민금융기관 예대율 추이에 대해 알려주세요,0,0,0,0
MI3_240828_TY1_0416_6_V02-8_1,광주전남지역의 지방은행 대출 추이에 대해 알려주세요,0,0,0,0
MI3_240828_TY1_0416_7_V01_1,예금은행의 기업대출 현황 표에 대해 알려주세요,0,0,0,0
MI3_240828_TY1_0416_8_V02-4_1,제목과 관련하여 예금은행의 대출 비율 추세를 보여주는 차트에 대해 알려주세요,0,0,0,0
MI3_240828_TY1_0416_9_V02-8_1,교차형 차트에 대해 알려주세요,0,0,0,0
MI3_240828_TY1_0422_1_V02-1_1,지급수단 이용실태 조사결과 차트(세로 막대형)에 대해 알려주세요,0,0,0,0
MI3_240828_TY1_0422_2_V02-1_1,미국 소매점결제시 금액에 따른 지급결제수단 선택 차트(세로 막대형)에 대해 알려주세요,0,0,0,0
MI3_240828_TY1_0422_3_V01_1,핀란드의 지급수단 이용 현황과 고지서 납부에 대한 통계 자료에 대해 알려주세요.,0,0,0,0
MI3_240828_TY1_0422_4_V02-1_1,고지서 납부에 이용되는 지급수단 이용비중 변화 차트(세로 막대형)에 대해 알려주세요,0,0,0,0
MI3_240828_TY1_0422_5_V02-1_2,의 직불카드 편리성 인식도 차트(세로 막대형)에 대해 알려주세요,0,0,0,0
MI3_240828_TY1_0422_6_V02-1_1,T01 T02 차트(세로 막대형) V02-1에 대해 알려주세요,0,0,0,0
MI3_240828_TY1_0425_1_V02-4_1,국제유가 추이 차트(꺾은선형)에 대해 알려주세요,0,0,0,0
MI3_240828_TY1_0425_2_V02-4_1,대미달러 환율 추이에 대한 차트(꺾은선형)에 대해 알려주세요,0,0,0,0
MI3_240828_TY1_0425_3_V02-1_1,원유가격 상승이 업종별 채산성에 미치는 영향 차트(세로 막대형)에 대해 알려주세요,0,0,0,0
MI3_240828_TY1_0425_4_V02-1_1,T01 T02 T03 차트(세로 막대형)에 대해 알려주세요,0,0,0,0
MI3_240828_TY1_0425_5_V02-1_1,"제목에 따르면, 국제유가 상승과 환율 변동이 업종별 영업이익률 변화에 미치는 영향을 보여주는 차트에 대해 알려주세요.",0,0,0,0
MI3_240828_TY1_0425_9_V01_1,환율하락이 업종별 채산성에 미치는 영향과 관련된 자료를 통해 다이어그램에 대해 알려주세요,0,0,0,0
MI3_240828_TY1_0433_1_V02-1_1,I. 금융동향 화폐발행및환수 추이에 대해 알려주세요,0,0,0,0
MI3_240828_TY1_0433_2_V02-4_1,한국은행 예금 및 대출금 잔액 추이에 대해 알려주세요,0,0,0,0
MI3_240828_TY1_0433_3_V02-8_1,금융기관 예수금 증감 추이 차트(혼합형)에 대해 알려주세요,0,0,0,0
MI3_240828_TY1_0433_4_V02-8_1,2003년 9월말 도내 금융기관 총여신 잔액과 관련된 혼합형 차트에 대해 알려주세요,0,0,0,0
MI3_240828_TY1_0433_5_V02-8_1,중소기업 대출금 추이에 대해 알려주세요,0,0,0,0
MI3_240828_TY1_0433_6_V02-4_1,에 관련된 어음부도율 추이 차트(꺾은선형)에 대해 알려주세요,0,0,0,0
MI3_240828_TY1_0433_7_V02-3_1,금융기관별 예수금 및 여신 비중에 대해 알려주세요,0,0,0,0
MI3_240828_TY1_0436_1_V01_1,I. 금융동향화폐발행 및 환수에 대해 알려주세요,0,0,0,0
MI3_240828_TY1_0436_2_V02-4_1,한국은행예금및대출금 (말잔기준 증감)에 대해 알려주세요,0,0,0,0
MI3_240828_TY1_0436_3_V02-8_1,금융기관 예수금 증감 추이와 관련된 데이터의 혼합형 차트에 대해 알려주세요,0,0,0,0
MI3_240828_TY1_0436_4_V02-8_1,금융기관여신 증감 추이 혼합형 차트에 대해 알려주세요,0,0,0,0
MI3_240828_TY1_0436_5_V02-8_1,중소기업 대출금 추이 차트(혼합형)에 대해 알려주세요,0,0,0,0
MI3_240828_TY1_0436_6_V02-4_1,어음부도율 추이 꺾은선형에 대해 알려주세요,0,0,0,0
MI3_240828_TY1_0436_7_V02-3_2,금융기관별 여신 비중 차트(원형)에 대해 알려주세요,0,0,0,0
MI3_240828_TY1_0445_1_V02-1_1,금융동향 화폐발행 및 환수 추이에 대해 알려주세요,0,0,0,0
MI3_240828_TY1_0445_2_V01_1,한국은행 예금 및 대출금에 대해 알려주세요,0,0,0,0
MI3_240828_TY1_0445_3_V02-8_1,금융기관 예수금 증감 추이 차트(혼합형)에 대해 알려주세요,0,0,0,0
MI3_240828_TY1_0445_4_V02-8_1,제목에 대해 알려주세요. 증감액과 증감률을 비교하는 차트에 대해 알고 싶습니다.,0,0,0,0
MI3_240828_TY1_0445_5_V01_1,중소기업 대출금 추이 세로 막대형에 대해 알려주세요,0,0,0,0
MI3_240828_TY1_0445_6_V01_1,6. 자금사정 표에 대해 알려주세요,0,0,0,0
MI3_240828_TY1_0445_7_V02-3_2,금융기관별 여신 비중 차트(원형)에 대해 알려주세요,0,0,0,0
MI3_240828_TY1_0449_2_V01_1,한국은행 예금 및 대출금 (말잔기준 증감)에 대해 알려주세요,0,0,0,0
MI3_240828_TY1_0449_3_V02-8_1,금융기관 수신 증감 추이 혼합형에 대해 알려주세요,0,0,0,0
MI3_240828_TY1_0449_4_V01_1,금융기관 수신 및 여신 관련 데이터에 대해 알려주세요.,0,0,0,0
MI3_240828_TY1_0449_5_V02-8_1,4. 중소기업 지원에 대한 혼합형 차트에 대해 알려주세요,0,0,0,0
MI3_240828_TY1_0449_6_V02-3_2,금융기관별 여신비중에 대해 알려주세요,0,0,0,0
MI3_240828_TY1_0467_1_V02-8_2,황 금융기관 여신 차트(혼합형)에 대해 알려주세요,0,0,0,0
MI3_240828_TY1_0467_2_V02-4_1,중소기업대출 신용보증 어음부도율 꺾은선형에 대해 알려주세요,0,0,0,0
MI3_240828_TY1_0467_3_V02-4_1,실물경제동향 제조업 생산 차트(꺾은선형)에 대해 알려주세요,0,0,0,0
MI3_240828_TY1_0467_4_V02-4_1,충남 지역의 수출입 차트(꺾은선형)에 대해 알려주세요,0,0,0,0
MI3_240828_TY1_0467_5_V01_1,I. 금융동향 1. 화폐발행·환수 및 한국은행 예금·대출금 차트(세로 막대형)에 대해 알려주세요,0,0,0,0
MI3_240828_TY1_0467_6_V01_1,금융기관 여수신 표에 대해 알려주세요,0,0,0,0
MI3_240828_TY1_0474_1_V01_1,I. 금융동향예금은행 1 수신동향 표에 대해 알려주세요,0,0,0,0
MI3_240828_TY1_0474_2_V01_1,비은행기관 1 수신 동향 표에 대해 알려주세요,0,0,0,0
MI3_240828_TY1_0474_3_V01_1,은행계정대출과 금융자금의 증감에 대한 차트(세로 막대형)에 대해 알려주세요,0,0,0,0
MI3_240828_TY1_0474_4_V01_2,신탁대출 동향 차트(세로 막대형)에 대해 알려주세요,0,0,0,0
MI3_240828_TY1_0474_5_V01_1,어음교환 및 부도에 대해 알려주세요,0,0,0,0
MI3_240828_TY1_0474_6_V01_1,신용보증 실적 표에 대해 알려주세요,0,0,0,0
MI3_240828_TY1_0478_1_V01_1,금융동향 화폐발행 및 환수에 대해 알려주세요,0,0,0,0
MI3_240828_TY1_0478_2_V01_1,대전지역 예금은행 수신에 대해 알려주세요,0,0,0,0
MI3_240828_TY1_0478_3_V01_1,T04에 대해 알려주세요,0,0,0,0
MI3_240828_TY1_0478_4_V01_1,충남지역 예금은행 수신 데이터에 대해 알려주세요,0,0,0,0
MI3_240828_TY1_0478_5_V01_1,충남지역 비은행기관 수신에 대한 표에 대해 알려주세요,0,0,0,0
MI3_240828_TY1_0478_6_V01_1,2011년 대전지역 예금은행 대출에 대해 알려주세요.,0,0,0,0
MI3_240828_TY1_0502_1_V02-3_1,T01 T02 T03 차트(원형)에 대해 알려주세요,0,0,0,0
MI3_240828_TY1_0502_2_V02-3_1,제목소제목차트(원형) -3에 대해 알려주세요,0,0,0,0
MI3_240828_TY1_0502_3_V02-8_2,건축착공면적에 대해 알려주세요,0,0,0,0
MI3_240828_TY1_0502_4_V02-8_1,대형소매점 판매 경상판매액 혼합형에 대해 알려주세요,0,0,0,0
MI3_240828_TY1_0502_5_V02-8_2,실업률 및 취업자수에 대해 알려주세요,0,0,0,0
MI3_240828_TY1_0502_6_V01_1,I. 금융동향화폐발행 및 환수 표에 대해 알려주세요,0,0,0,0
MI3_240828_TY1_0533_1_V02-4_1,대전지역 제조업 생산지수와 차트(꺾은선형)에 대해 알려주세요,0,0,0,0
MI3_240828_TY1_0533_2_V02-4_1,대전지역 대형소매점 판매액지수에 대해 알려주세요,0,0,0,0
MI3_240828_TY1_0533_3_V02-4_2,대전지역 건축착공 및 허가면적 그래프에 대해 알려주세요,0,0,0,0
MI3_240828_TY1_0533_4_V01_1,대전지역 수출입 증감률 차트에 대해 알려주세요,0,0,0,0
MI3_240828_TY1_0533_5_V02-8_1,대전지역 취업자수 및 실업률 차트(혼합형)에 대해 알려주세요,0,0,0,0
MI3_240828_TY1_0533_6_V01_1,물가 및 주택가격 본문 차트(세로 막대형)에 대해 알려주세요,0,0,0,0
MI3_240828_TY1_0533_7_V01_1,대전지역 주택가격 관련 지표에 대해 알려주세요,0,0,0,0
MI3_240828_TY1_0544_1_V01_1,2002년 1월과 2월의 예금 및 대출 금액에 대해 알려주세요,0,0,0,0
MI3_240828_TY1_0544_2_V01_1,이 문서의 제목에 관련된 여러 수치 데이터를 포함한 표에 대해 알려주세요.,0,0,0,0
MI3_240828_TY1_0544_3_V01_1,"제목에 포함된 내용과 관련하여, 시각요소 제목 및 통계 데이터에 대해 알려주세요.",0,0,0,0
MI3_240828_TY1_0544_4_V01_1,제목에 관련된 데이터와 소제목에 연관된 내용의 차트 타입에 대해 알려주세요,0,0,0,0
MI3_240828_TY1_0544_5_V01_1,T01 T02 T03 V01에 대해 알려주세요,0,0,0,0
MI3_240828_TY1_0544_6_V01_1,2002년 1월말 현재 비통화금융기관 여신에 대한 표에 대해 알려주세요.,0,0,0,0
MI3_240828_TY1_0549_1_V02-4_1,2004년 4월말 현재 도내 금융기관 수신 잔액과 경기지역 금융기관 수신추이에 대해 알려주세요,0,0,0,0
MI3_240828_TY1_0549_2_V02-4_1,경기지역 금융기관 여신추이 꺾은선형에 대해 알려주세요,0,0,0,0
MI3_240828_TY1_0549_3_V02-8_1,경기지역 신용보증 추세 혼합형에 대해 알려주세요,0,0,0,0
MI3_240828_TY1_0549_4_V01_1,국가산업단지 생산동향 표에 대해 알려주세요,0,0,0,0
MI3_240828_TY1_0549_5_V01_1,본문에 포함된 건축허가면적 및 건설발주액 데이터에 대해 알려주세요.,0,0,0,0
MI3_240828_TY1_0549_6_V01_1,2004년 통계 자료에 대한 표 에 대해 알려주세요,0,0,0,0
MI3_240828_TY1_0555_1_V01_1,2004 2005 12월중 화폐발행액 및 환수액에 대해 알려주세요,0,0,0,0
MI3_240828_TY1_0555_2_V01_1,한국은행의 금융기관 예금 및 대출 현황에 대해 알려주세요,0,0,0,0
MI3_240828_TY1_0555_3_V01_1,2005년 11월말 현재 금융기관의 총수신 및 총여신에 대한 표에 대해 알려주세요.,0,0,0,0
MI3_240828_TY1_0555_4_V01_1,제목에 포함된 정보와 관련하여 본문에서 제공하는 여러 데이터들을 기반으로 한 차트에 대해 알려주세요.,0,0,0,0
MI3_240828_TY1_0555_5_V01_1,이 문서에서는 예금은행 대출금과 금융자금을 포함한 다양한 자금의 현황과 변화를 다루는 표에 대해 알려주세요.,0,0,0,0
MI3_240828_TY1_0555_6_V01_1,이 자료의 제목을 기반으로 한 표에 대해 알려주세요,0,0,0,0
MI3_240828_TY1_0582_1_V02-4_1,경기지역 수출입 증감률 추이 꺾은선형에 대해 알려주세요,0,0,0,0
MI3_240828_TY1_0582_3_V02-4_1,경기지역 어음부도율1) 추이 차트(꺾은선형)에 대해 알려주세요,0,0,0,0
MI3_240828_TY1_0582_4_V02-8_1,대형소매점 판매액 및 증감률 추이에 대해 알려주세요,0,0,0,0
MI3_240828_TY1_0582_5_V01_1,통계 자료의 표에 대해 알려주세요,0,0,0,0
MI3_240828_TY1_0582_6_V02-4_1,경기도 주택가격 변동률 추이에 대해 알려주세요,0,0,0,0
MI3_240828_TY1_0590_1_V02-8_2,금융기관 수신 혼합형에 대해 알려주세요,0,0,0,0
MI3_240828_TY1_0590_2_V02-4_2,실업률 꺾은선형 차트에 대해 알려주세요,0,0,0,0
MI3_240828_TY1_0590_3_V01_2,예금 및 대출금 본문 표에 대해 알려주세요,0,0,0,0
MI3_240828_TY1_0590_4_V01_1,예금은행 산업별 여신 표에 대해 알려주세요,0,0,0,0
MI3_240828_TY1_0590_5_V01_1,비은행기관 여신에 대한 표에 대해 알려주세요,0,0,0,0
MI3_240828_TY1_0590_6_V01_1,신용보증 실적에 대해 알려주세요,0,0,0,0
MI3_240828_TY1_0592_1_V02-8_1,금융기관 여신 혼합형에 대해 알려주세요,0,0,0,0
MI3_240828_TY1_0592_2_V02-4_1,충남 지역 수출입 차트(꺾은선형)에 대해 알려주세요,0,0,0,0
MI3_240828_TY1_0592_3_V01_1,금융기관 여·수신 표에 대해 알려주세요,0,0,0,0
MI3_240828_TY1_0592_4_V01_1,에 대한타입의 차트는 무엇인지 알려주세요,0,0,0,0
MI3_240828_TY1_0592_5_V01_1,4. 자금사정 본문 표에 대해 알려주세요,0,0,0,0
MI3_240828_TY1_0592_6_V01_1,충남지역 10대 수출입 품목에 대해 알려주세요,0,0,0,0
MI3_240828_TY1_0595_1_V02-4_1,중소기업대출 신용보증 어음부도율 꺾은선형에 대해 알려주세요,0,0,0,0
MI3_240828_TY1_0595_2_V02-4_3,소비자물가 등락률 차트(꺾은선형)에 대해 알려주세요,0,0,0,0
MI3_240828_TY1_0595_3_V01_1,금융기관 여·수신 총합과 관련된 차트에 대해 알려주세요,0,0,0,0
MI3_240828_TY1_0595_4_V01_1,에 관련된 내용의 표에 대해 알려주세요,0,0,0,0
MI3_240828_TY1_0595_5_V01_1,자금사정에 대한 어음부도율과 부도업체 수의 차트를 통해 알려주세요.,0,0,0,0
MI3_240828_TY1_0595_6_V01_1,"Ⅱ. 실물경제동향대전지역 제조업 생산, 출하 및 재고 차트에 대해 알려주세요",0,0,0,0
MI3_240828_TY1_0599_1_V01_1,I. 금융동향화폐발행 및 환수 추이에 대해 알려주세요,0,0,0,0
MI3_240828_TY1_0599_2_V01_1,금융기관 여수신 동향 (말잔기준 증감액) 표에 대해 알려주세요,0,0,0,0
MI3_240828_TY1_0599_3_V01_1,주체별로는 산업대출과 가계대출에 대한 표 형식에 대해 알려주세요,0,0,0,0
MI3_240828_TY1_0599_4_V01_1,비은행금융기관 여신 추이 (말잔기준 증감액) 차트에 대해 알려주세요,0,0,0,0
MI3_240828_TY1_0599_5_V01_1,전라남도 산업 생산에 대한 표에 대해 알려주세요.,0,0,0,0
MI3_240828_TY1_0599_6_V01_1,2007년 2월중 대형점 판매액 및 자동차 신규등록대수에 대한 표에 대해 알려주세요,0,0,0,0
MI3_240828_TY1_0626_1_V02-8_2,금융기관 여신 혼합형에 대해 알려주세요,0,0,0,0
MI3_240828_TY1_0626_2_V02-4_1,실물경제동향 제조업 생산 꺾은선형에 대해 알려주세요,0,0,0,0
MI3_240828_TY1_0626_3_V01_1,금융기관 여·수신 표에 대해 알려주세요,0,0,0,0
MI3_240828_TY1_0626_4_V01_1,비은행기관 수신에 대한 데이터의 표 내용에 대해 알려주세요,0,0,0,0
MI3_240828_TY1_0626_5_V01_1,자금사정지표 표에 대해 알려주세요,0,0,0,0
MI3_240828_TY1_0626_6_V01_1,"충남지역 제조업 생산, 출하 및 재고에 대한 표에 대해 알려주세요",0,0,0,0
MI3_240828_TY1_0629_1_V02-8_2,금융기관 여신 혼합형에 대해 알려주세요,0,0,0,0
MI3_240828_TY1_0629_2_V02-4_1,실물경제동향 고용에 대한 전년 동월 대비 증감률 차트에 대해 알려주세요,0,0,0,0
MI3_240828_TY1_0629_3_V01_1,금융기관 여·수신 및 여신 관련 통계 정보에 대해 알려주세요.,0,0,0,0
MI3_240828_TY1_0629_4_V01_1,나. 여 신 본문 표에 대해 알려주세요,0,0,0,0
MI3_240828_TY1_0629_5_V01_1,비은행기관 여신에 대한 표에 대해 알려주세요,0,0,0,0
MI3_240828_TY1_0629_6_V01_1,"충남지역 제조업 생산, 출하 및 재고와 관련된 표에 대해 알려주세요",0,0,0,0
MI3_240828_TY1_0637_1_V02-8_1,"개 황 월중 증감액, 십억원 혼합형에 대해 알려주세요",0,0,0,0
MI3_240828_TY1_0637_2_V01_1,전남지역 주요 실물경제 지표와 관련된 데이터의 차트에 대해 알려주세요,0,0,0,0
MI3_240828_TY1_0637_3_V01_1,비은행금융기관 수신 동향에 대해 알려주세요,0,0,0,0
MI3_240828_TY1_0637_4_V01_1,비은행금융기관 여신 동향 차트에 대해 알려주세요,0,0,0,0
MI3_240828_TY1_0637_5_V01_1,소비관련지표에 대해 알려주세요.,0,0,0,0
MI3_240828_TY1_0637_6_V01_2,전남지역 주요 품목별 수출입에 대해 알려주세요,0,0,0,0
MI3_240828_TY1_0647_1_V02-3_1,금융기관별 수신 비중 차트(원형)에 대해 알려주세요,0,0,0,0
MI3_240828_TY1_0647_2_V02-8_1,건축착공면적 및 건축허가면적에 대해 알려주세요,0,0,0,0
MI3_240828_TY1_0647_3_V02-8_1,2018년 11월중 광주지역의 수입과 소비자물가에 대한 차트(혼합형)에 대해 알려주세요,0,0,0,0
MI3_240828_TY1_0647_4_V01_1,금융기관 여수신에 대한 표에 대해 알려주세요,0,0,0,0
MI3_240828_TY1_0647_5_V01_1,비은행예금취급기관 수신(기말잔액 기준 증감액) 차트에 대해 알려주세요,0,0,0,0
MI3_240828_TY1_0647_6_V01_1,건설활동 차트에 대해 알려주세요,0,0,0,0
MI3_240828_TY1_0660_1_V02-8_2,금융기관 수신 차트(혼합형)에 대해 알려주세요,0,0,0,0
MI3_240828_TY1_0660_2_V02-4_1,"실물경제동향 (전년동월대비 증감률, %)에 대해 알려주세요",0,0,0,0
MI3_240828_TY1_0660_3_V01_1,금융기관 여·수신에 대한 전기대비 증감액을 보여주는 표에 대해 알려주세요,0,0,0,0
MI3_240828_TY1_0660_4_V01_1,비은행기관 수신에 대한 데이터와 관련된 표에 대해 알려주세요,0,0,0,0
MI3_240828_TY1_0660_5_V01_1,중소기업대출 관련된 자료와 예금은행 총대출금 중 비중에 대한 표에 대해 알려주세요,0,0,0,0
MI3_240828_TY1_0660_6_V01_1,자금사정에 대한 데이터 시각화인 표에 대해 알려주세요,0,0,0,0
MI3_240828_TY1_0672_1_V01_1,I. 금융동향화폐발행 및 환수 추이에 대해 알려주세요,0,0,0,0
MI3_240828_TY1_0672_2_V01_1,단위 : 억원에 대해 알려주세요,0,0,0,0
MI3_240828_TY1_0672_3_V01_1,2006-2007 비은행금융기관 여신 표에 대해 알려주세요,0,0,0,0
MI3_240828_TY1_0672_4_V01_1,소비 관련 데이터의 차트에 대해 알려주세요,0,0,0,0
MI3_240828_TY1_0672_5_V01_1,주요 품목별·지역별 수입 추이 차트에 대해 알려주세요,0,0,0,0
MI3_240828_TY1_0672_6_V01_1,국가산업단지 조업 추이와 관련된 표에 대해 알려주세요,0,0,0,0
MI3_240828_TY1_0680_1_V01_1,비은행금융기관 여신 추이에 대해 알려주세요,0,0,0,0
MI3_240828_TY1_0680_2_V01_1,5. 자금사정 본문 표에 대해 알려주세요,0,0,0,0
MI3_240828_TY1_0680_3_V01_1,제조업 생산·출하 및 재고에 대해 알려주세요,0,0,0,0
MI3_240828_TY1_0680_4_V01_1,대외거래 수출 주요 품목별·지역별 백만달러 단위에 대해 알려주세요,0,0,0,0
MI3_240828_TY1_0680_5_V01_1,2008년 8월중 소비자물가에 대한 표에 대해 알려주세요.,0,0,0,0
MI3_240828_TY1_0680_6_V01_1,2008년 7월중 국가산업단지의 생산액 변화에 대해 알려주세요,0,0,0,0
MI3_240828_TY1_0682_1_V01_1,2008년 9월말 현재 금융기관의 총수신과 총여신에 대해 알려주세요,0,0,0,0
MI3_240828_TY1_0682_2_V01_1,제목에 포함된 데이터와 관련하여 예금은행 대출금 추이(말잔기준 증감액) 차트에 대해 알려주세요.,0,0,0,0
MI3_240828_TY1_0682_3_V01_1,2008년 9월말 현재 비은행금융기관 여신 추이와 관련된 표에 대해 알려주세요,0,0,0,0
MI3_240828_TY1_0682_4_V01_1,자금사정관계 지표 추이에 대해 알려주세요,0,0,0,0
MI3_240828_TY1_0682_5_V01_1,"전라남도에 대한 생산지수와 출하지수, 재고지수 차트에 대해 알려주세요",0,0,0,0
MI3_240828_TY1_0682_6_V01_1,5. 물가에 대한 표에 대해 알려주세요,0,0,0,0
MI3_240828_TY1_0686_1_V02-4_1,T01 T02 T03 꺾은선형에 대해 알려주세요,0,0,0,0
MI3_240828_TY1_0686_2_V02-4_1,대형소매점 판매액과 승용차 신규 등록대수의 꺾은선형 차트에 대해 알려주세요,0,0,0,0
MI3_240828_TY1_0686_3_V01_1,한국은행 예금 및 대출금 추이1) (기말기준) 차트에 대해 알려주세요,0,0,0,0
MI3_240828_TY1_0686_4_V01_1,예금은행 수신 추이 (기말기준 증감액) 표에 대해 알려주세요,0,0,0,0
MI3_240828_TY1_0686_5_V01_1,에 대한차트에 대해 알려주세요,0,0,0,0
MI3_240828_TY1_0686_6_V01_1,전남지역 제조업 생산·출하·재고 표에 대해 알려주세요,0,0,0,0
MI3_240828_TY1_0691_1_V02-3_1,산업별 산출액 구성비 원형 차트에 대해 알려주세요,0,0,0,0
MI3_240828_TY1_0691_2_V02-3_2,최종수요와 중간수요를 비교하는 차트에 대해 알려주세요,0,0,0,0
MI3_240828_TY1_0691_3_V01_1,강원지역의 산업별 영향력계수와 감응도계수 표에 대해 알려주세요,0,0,0,0
MI3_240828_TY1_0691_4_V02-3_1,Ⅲ. 고용구조 및 취업연관효과 분석 차트(원형)에 대해 알려주세요,0,0,0,0
MI3_240828_TY1_0691_6_V01_1,지역별 생산액 구성비 차트에 대해 알려주세요,0,0,0,0
MI3_240828_TY1_0692_1_V02-8_1,각 지역 생산품의 전국 최종수요에 의한 지역별 부가가치유발 비중 차트(혼합형)에 대해 알려주세요,0,0,0,0
MI3_240828_TY1_0692_3_V02-1_1,T01 T02 T03 차트(세로 막대형)에 대해 알려주세요,0,0,0,0
MI3_240828_TY1_0692_4_V01_1,T01 T02 T03 표에 대해 알려주세요,0,0,0,0
MI3_240828_TY1_0692_5_V02-4_2,주력산업별 수출 추이에 대한 꺾은선형 차트에 대해 알려주세요,0,0,0,0
MI3_240828_TY1_0713_1_V01_1,제목에 대한 내용과 관련된 시각요소 제목 및 표에 대해 알려주세요.,0,0,0,0
MI3_240828_TY1_0713_2_V01_1,레미콘 출하량 표에 대해 알려주세요,0,0,0,0
MI3_240828_TY1_0713_3_V01_2,강원영동지역 KTX 이용객 수에 대한 차트(세로 막대형)에 대해 알려주세요,0,0,0,0
MI3_240828_TY1_0713_4_V01_1,강원영동지역 소비 지표에 대한 차트(세로 막대형)에 대해 알려주세요,0,0,0,0
MI3_240828_TY1_0713_5_V01_1,건설 활동에 대한 데이터와 관련된 시각요소 제목과 표에 대해 알려주세요,0,0,0,0
MI3_240828_TY1_0713_6_V01_1,고용 관련 지표에 대해 알려주세요,0,0,0,0
MI3_240828_TY1_0716_1_V01_1,제목에 관련된 생산량 및 가동률을 나타내는 차트에 대해 알려주세요.,0,0,0,0
MI3_240828_TY1_0716_2_V01_1,강원영동지역 서비스업 생산 지수와 관련된 차트(세로 막대형)에 대해 알려주세요,0,0,0,0
MI3_240828_TY1_0716_3_V01_1,강원영동지역 소비 지표 차트에 대해 알려주세요,0,0,0,0
MI3_240828_TY1_0716_4_V01_1,소비자물가지수와 강원지역 물가 지표에 대해 알려주세요,0,0,0,0
MI3_240828_TY1_0716_5_V01_1,강원영동지역 주택가격 지표에 대해 알려주세요,0,0,0,0
MI3_240828_TY1_0716_6_V01_1,강원지역 고용 지표에 대한 표에 대해 알려주세요,0,0,0,0
MI3_240828_TY1_0719_1_V02-1_1,2014년말 주요 시도별 자동차 등록대수 (%) 차트(세로 막대형)에 대해 알려주세요,0,0,0,0
MI3_240828_TY1_0719_2_V02-8_2,T01 T02 T03 혼합형에 대해 알려주세요,0,0,0,0
MI3_240828_TY1_0719_3_V02-4_2,경기도 차량규모별 자동차 비중 추이 꺾은선형 차트에 대해 알려주세요,0,0,0,0
MI3_240828_TY1_0719_4_V02-8_1,노후차량 추이 혼합형에 대해 알려주세요,0,0,0,0
MI3_240828_TY1_0719_5_V02-8_2,1~9월중 국내 자동차업체의 수출 혼합형에 대해 알려주세요,0,0,0,0
MI3_240828_TY1_0719_6_V02-8_1,1~9월중 국내 자동차업체의 해외생산 혼합형에 대해 알려주세요,0,0,0,0
MI3_240828_TY1_0739_3_V01_1,최근 글로벌 금융규제 개혁 논의와 관련하여 기본자본 재구성 및 규제자본 손실흡수력 제고에 대해 알려주세요,0,0,0,0
MI3_240828_TY1_0742_1_V02-8_1,이 자료의 제목에 대해 알려주세요.,0,0,0,0
MI3_240828_TY1_0742_2_V02-4_1,금융기관 자금의 만기구조 단기화의 원인과 주요 선진국의 M1/M2 비율에 대해 알려주세요.,0,0,0,0
MI3_240828_TY1_0742_3_V02-8_1,기업의 장기 설비투자자금 수요 감소와 관련된 시각적 자료에 대해 알려주세요,0,0,0,0
MI3_240828_TY1_0742_4_V02-8_1,이 문서에서는 자금의 만기 단기화에 따른 금융부동화 현상과 관련된 8 1.9 수시입출식예금/M1 혼합형 차트에 대해 알려주세요,0,0,0,0
MI3_240828_TY1_0742_5_V02-4_1,우리나라 주식시장과 관련된 데이터의 꺾은선형 차트에 대해 알려주세요,0,0,0,0
MI3_240828_TY1_0742_6_V02-4_1,화폐수요함수의 금리탄력성 추이 차트(꺾은선형)에 대해 알려주세요,0,0,0,0
MI3_240828_TY1_0744_1_V02-4_1,이 문서에서 경제활동참가율과 관련된 M'형 구조를 나타내는 차트(꺾은선형)에 대해 알려주세요.,0,0,0,0
MI3_240828_TY1_0744_2_V02-1_1,연령별 취업자비중 추이 차트(세로 막대형)에 대해 알려주세요,0,0,0,0
MI3_240828_TY1_0744_4_V02-4_1,이 보고서에서 실업률과 관련된 데이터를 보여주는 꺾은선형 차트에 대해 알려주세요.,0,0,0,0
MI3_240828_TY1_0744_5_V02-4_1,최근 | 기 에 미친 영향에 대한 꺾은선형 차트에 대해 알려주세요,0,0,0,0
MI3_240828_TY1_0744_6_V02-1_1,노동시장 변화에 대한 임금안정실업률과 실제 실업률을 비교한 차트에 대해 알려주세요,0,0,0,0
MI3_240828_TY1_0754_1_V02-8_1,비국방자본재수주 추이에 대한 혼합형 차트에 대해 알려주세요,0,0,0,0
MI3_240828_TY1_0754_2_V02-8_1,실업률 및 신규 실업수당 청구자수 추이 혼합형에 대해 알려주세요,0,0,0,0
MI3_240828_TY1_0754_3_V02-4_1,주가지수 추이에 대해 알려주세요,0,0,0,0
MI3_240828_TY1_0754_4_V02-8_1,이 보고서의 주제에 대한 유로지역의 실업률 추세를 보여주는 혼합형 차트에 대해 알려주세요.,0,0,0,0
MI3_240828_TY1_0754_5_V02-4_1,일본의 경기지수 추이에 대해 알려주세요,0,0,0,0
MI3_240828_TY1_0754_6_V02-4_1,일본의 고용 관련 지표 추이 꺾은선형에 대해 알려주세요,0,0,0,0
MI3_240828_TY1_0754_7_V02-4_1,브라질채권 가산금리 추이 차트(꺾은선형)에 대해 알려주세요,0,0,0,0
MI3_240828_TY1_0756_1_V02-1_2,아시아 주요국 주가 상승률 상위업종 차트(세로 막대형)에 대해 알려주세요,0,0,0,0
MI3_240828_TY1_0756_2_V02-4_2,중국 주요 도시 주택가격 증감률에 대해 알려주세요,0,0,0,0
MI3_240828_TY1_0756_3_V01_1,이번 문서에서 본문에 포함된 내용으로 기간 순유입 규모 차트(세로 막대형)에 대해 알려주세요,0,0,0,0
MI3_240828_TY1_0756_4_V02-1_1,T04 차트(세로 막대형)에 대해 알려주세요,0,0,0,0
MI3_240828_TY1_0756_5_V02-4_2,주요국 통화(M2) 증가율 차트(꺾은선형)에 대해 알려주세요,0,0,0,0
MI3_240828_TY1_0756_6_V02-1_1,주택가격 고점대비 하락률 및 저점대비 상승률 차트(세로 막대형)에 대해 알려주세요,0,0,0,0
MI3_240828_TY1_0761_1_V02-8_1,울산지역 총수신 추이에 대해 알려주세요,0,0,0,0
MI3_240828_TY1_0761_2_V02-8_1,울산지역 제조업 고용보험 가입자 증감률 차트(혼합형)에 대해 알려주세요,0,0,0,0
MI3_240828_TY1_0761_3_V02-8_1,금융기관별 수신 추이 혼합형에 대해 알려주세요,0,0,0,0
MI3_240828_TY1_0761_4_V02-8_3,융융채 금리차 혼합형에 대해 알려주세요,0,0,0,0
MI3_240828_TY1_0761_5_V02-8_2,울산지역 자산운용회사의 혼합형 차트에 대해 알려주세요,0,0,0,0
MI3_240828_TY1_0761_6_V02-4_2,울산지역 금융기관별 중기대출비중 차트(꺾은선형)에 대해 알려주세요,0,0,0,0
MI3_240828_TY1_0768_1_V01_2,정책금리 및 시장금리 추이 표에 대해 알려주세요,0,0,0,0
MI3_240828_TY1_0768_2_V01_1,제목에 대한 주요국의 부가가치세율 차트(세로 막대형)에 대해 알려주세요,0,0,0,0
MI3_240828_TY1_0768_3_V01_2,"취업알선, 직업훈련, 고용보조금 지급, 청년 및 장애인고용 확대 등을 위한 사회기금에 대해 알려주세요",0,0,0,0
MI3_240828_TY1_0768_4_V01_1,주요 유럽국가의 경기부양책에 대해 알려주세요.,0,0,0,0
MI3_240828_TY1_0768_5_V01_1,유럽 주요국의 재정수지 비율 전망 차트(세로 막대형)에 대해 알려주세요,0,0,0,0
MI3_240828_TY1_0768_6_V01_1,이 문서의 주요 내용과 관련된 2006년부터 2009년까지의 유럽 및 영국 국채 발행 규모에 대해 알려주세요.,0,0,0,0
MI3_240828_TY1_0775_1_V02-4_3,전년동기비 소비자물가 변화 꺾은선형 차트에 대해 알려주세요,0,0,0,0
MI3_240828_TY1_0775_2_V02-4_2,자본재총공급 차트(꺾은선형)에 대해 알려주세요,0,0,0,0
MI3_240828_TY1_0775_3_V02-4_1,현금급여총액 및 실질임금 추이에 대해 알려주세요,0,0,0,0
MI3_240828_TY1_0775_4_V02-4_1,일본주가 추이 (포인트) 꺾은선형에 대해 알려주세요,0,0,0,0
MI3_240828_TY1_0775_5_V02-8_1,엔화선물 포지션 및 환율 혼합형에 대해 알려주세요,0,0,0,0
MI3_240828_TY1_0775_6_V02-4_2,소비자물가 품목수 차트(꺾은선형)에 대해 알려주세요,0,0,0,0
MI3_240828_TY1_0786_1_V02-8_1,Ⅱ. 최근 제주지역 현금서비스 이용동향 1. 현금서비스 이용규모 월별 제주지역 현금서비스 이용액 추이에 대해 알려주세요,0,0,0,0
MI3_240828_TY1_0786_2_V02-4_1,현금서비스 회전율 꺾은선형에 대해 알려주세요,0,0,0,0
MI3_240828_TY1_0786_3_V01_1,현금서비스 취급조건 및 회원등급 분포에 대해 알려주세요,0,0,0,0
MI3_240828_TY1_0786_4_V02-1_2,전북 지역 은행 및 비은행기관 대출 차트(세로 막대형)에 대해 알려주세요,0,0,0,0
MI3_240828_TY1_0786_5_V01_1,제목 소제목 주요 경제지표 차트(세로 막대형)에 대해 알려주세요,0,0,0,0
MI3_240828_TY1_0786_6_V02-8_1,제주지역 현금서비스 증감률 혼합형에 대해 알려주세요,0,0,0,0
MI3_240828_TY1_0817_1_V02-4_2,제조업 명목 GRDP 비중 차트(꺾은선형)에 대해 알려주세요,0,0,0,0
MI3_240828_TY1_0817_2_V02-4_1,전국 인천 GRDP 성장률 꺾은선형 차트에 대해 알려주세요,0,0,0,0
MI3_240828_TY1_0817_3_V01_1,Ⅱ 인천지역 GRDP 현황 최근 GRDP 개황 표에 대해 알려주세요,0,0,0,0
MI3_240828_TY1_0817_4_V02-3_2,"제목에 포함된 서비스업, 제조업, 건설업의 비중을 나타내는 원형 차트에 대해 알려주세요.",0,0,0,0
MI3_240828_TY1_0817_5_V02-1_2,제조업 업종별 평균 비중 차트(세로 막대형)에 대해 알려주세요,0,0,0,0
MI3_240828_TY1_0817_6_V02-1_2,인천지역 관광호텔 객실수 현황 차트(세로 막대형)에 대해 알려주세요,0,0,0,0
MI3_240828_TY1_0819_2_V01_1,제주지역의 자금 역외 순유출입 규모에 대해 알려주세요.,0,0,0,0
MI3_240828_TY1_0819_3_V01_1,2. 민간 부문의 자금유출입 변화 요인과 제주지역의 재화 및 서비스에 대한 차트에 대해 알려주세요,0,0,0,0
MI3_240828_TY1_0819_4_V02-8_1,주식형펀드와 코스피지수 혼합차트에 대해 알려주세요,0,0,0,0
MI3_240828_TY1_0819_5_V01_1,제주지역 금융기관의 수신 및 금융자금대출 증가액 표에 대해 알려주세요,0,0,0,0
MI3_240828_TY1_0819_6_V02-4_1,예금은행의 예대율 꺾은선형에 대해 알려주세요,0,0,0,0
MI3_240828_TY1_0824_1_V01_1,화폐발행액과 환수액의 변동에 대해 알려주세요,0,0,0,0
MI3_240828_TY1_0824_2_V01_1,한국은행 예금 및 대출금 (말잔기준 증감액) 표에 대해 알려주세요,0,0,0,0
MI3_240828_TY1_0824_3_V01_1,금융기관별 여신에 대한 정보와 관련하여 보여지는 표의 내용과 변동 요인에 대해 알려주세요,0,0,0,0
MI3_240828_TY1_0824_4_V01_2,이 문서에서 비통화금융기관 수신에 대한 표 형식의 데이터에 대해 알려주세요,0,0,0,0
MI3_240828_TY1_0824_5_V02-3_1,월중 예금은행 여신의 산업별 구성 및 차트(원형)에 대해 알려주세요,0,0,0,0
MI3_240828_TY1_0824_6_V01_1,어음부도율에 대한 데이터와 경북동해안 지역의 어음부도율 변화를 시각적으로 보여주는 표에 대해 알려주세요,0,0,0,0
MI3_240828_TY1_0830_1_V01_1,제조업의 주요 업종별 생산 추이와 관련된 차트에 대해 알려주세요,0,0,0,0
MI3_240828_TY1_0830_2_V01_1,대형소매점1) 판매액 추이에 대해 알려주세요.,0,0,0,0
MI3_240828_TY1_0830_3_V01_2,건설업 업황BSI 추이 차트(가로 막대형)에 대해 알려주세요,0,0,0,0
MI3_240828_TY1_0830_4_V01_1,실업률 및 취업자수 증감 추이에 대해 알려주세요,0,0,0,0
MI3_240828_TY1_0830_5_V01_1,소비자물가상승률 추이 차트에 대해 알려주세요,0,0,0,0
MI3_240828_TY1_0830_6_V01_1,수출입 동향 추이 (통관기준) 차트에 대해 알려주세요,0,0,0,0
MI3_240828_TY1_0834_1_V02-4_1,나. 국제금융시장 O 주가지수 추이 꺾은선형에 대해 알려주세요,0,0,0,0
MI3_240828_TY1_0834_2_V02-4_1,엔/달러화 및 달러/유로화 환율 추이에 대해 알려주세요,0,0,0,0
MI3_240828_TY1_0834_3_V02-4_2,미국 채권수익률 추이 꺾은선형에 대해 알려주세요,0,0,0,0
MI3_240828_TY1_0834_4_V01_1,II. 실물경제동향 1. 국내수요 소비관련지표 추이에 대해 알려주세요,0,0,0,0
MI3_240828_TY1_0834_5_V01_1,건설투자 관련 데이터의 차트에 대해 알려주세요,0,0,0,0
MI3_240828_TY1_0834_6_V01_1,경제활동참가자수 및 취업자수 추이에 대해 알려주세요,0,0,0,0
MI3_240828_TY1_0839_1_V01_1,Ⅱ. 국내경제동향 1. 수요 및 산업활동 소비재판매액에 대해 알려주세요,0,0,0,0
MI3_240828_TY1_0839_2_V01_2,제조업 생산 및 평균가동률에 대한 차트(가로 막대형)에 대해 알려주세요,0,0,0,0
MI3_240828_TY1_0839_3_V01_2,재고율 차트(세로 막대형)에 대해 알려주세요,0,0,0,0
MI3_240828_TY1_0839_4_V01_1,고용 취업자수 및 실업률 차트에 대해 알려주세요,0,0,0,0
MI3_240828_TY1_0839_5_V01_1,아파트 매매 및 전세가격에 대해 알려주세요,0,0,0,0
MI3_240828_TY1_0839_6_V01_1,수입(통관기준) 자료의 표에 대해 알려주세요,0,0,0,0
MI3_240828_TY1_0877_1_V01_1,주택시장 : 호조 지속에 대해 알려주세요,0,0,0,0
MI3_240828_TY1_0877_2_V02-4_4,VIX 차트(꺾은선형)에 대해 알려주세요,0,0,0,0
MI3_240828_TY1_0877_3_V02-4_1,꺾은선형에 대해 알려주세요,0,0,0,0
MI3_240828_TY1_0877_4_V02-8_1,미국내 확진자(혼합형)에 대해 알려주세요,0,0,0,0
MI3_240828_TY1_0877_5_V02-4_2,(21.2월 재난지원금 평균 지출액=1) 차트(꺾은선형)에 대해 알려주세요,0,0,0,0
MI3_240828_TY1_0877_6_V02-4_1,자료에 대해 알려주세요,0,0,0,0
MI3_240828_TY1_0878_1_V01_1,주택시장 호조세 둔화 조짐 차트에 대해 알려주세요,0,0,0,0
MI3_240828_TY1_0878_2_V02-4_1,T01 T02 차트(꺾은선형) V02-4에 대해 알려주세요,0,0,0,0
MI3_240828_TY1_0878_3_V02-1_1,금리인상폭과 관련된 차트(세로 막대형)에 대해 알려주세요,0,0,0,0
MI3_240828_TY1_0878_4_V02-8_1,소득 및 보상비용 혼합형에 대해 알려주세요,0,0,0,0
MI3_240828_TY1_0878_5_V02-4_1,실업률 전망 차트(꺾은선형)에 대해 알려주세요,0,0,0,0
MI3_240828_TY1_0878_6_V02-4_2,이 문서의 꺾은선형 차트에 대해 알려주세요,0,0,0,0
MI3_240828_TY1_0882_1_V01_1,비농업부문 취업자수와 실업률에 대해 알려주세요,0,0,0,0
MI3_240828_TY1_0882_2_V01_1,주택시장 관련 차트에 대해 알려주세요,0,0,0,0
MI3_240828_TY1_0882_3_V02-4_2,5년 후 기대인플레이션 차트(꺾은선형)에 대해 알려주세요,0,0,0,0
MI3_240828_TY1_0882_4_V01_1,표에 대해 알려주세요,0,0,0,0
MI3_240828_TY1_0882_5_V02-4_1,T01 T02 다우존스 차트(꺾은선형)에 대해 알려주세요,0,0,0,0
MI3_240828_TY1_0882_6_V02-4_1,금리인하 개시 시점 및 연중 횟수에 대해 알려주세요,0,0,0,0
MI3_240828_TY1_0884_1_V02-4_2,Thousands of flights Index 에 대해 알려주세요,0,0,0,0
MI3_240828_TY1_0884_2_V01_1,최근 고용 상황에 대한 차트(세로 막대형)에 대해 알려주세요,0,0,0,0
MI3_240828_TY1_0884_3_V02-4_1,소비자물가 차트(꺾은선형)에 대해 알려주세요,0,0,0,0
MI3_240828_TY1_0884_4_V02-4_5,비선형 Wage 필립스 곡선가정 임금상승 전망에 대해 알려주세요,0,0,0,0
MI3_240828_TY1_0884_5_V01_1,달러/유로 및 엔/달러 환율 표에 대해 알려주세요,0,0,0,0
MI3_240828_TY1_0884_6_V02-4_1,FOMC 전망 대비 실업률 하락속도 차트(꺾은선형)에 대해 알려주세요,0,0,0,0
MI3_240828_TY1_0944_1_V02-4_1,제조업 생산 및 재고지수 꺾은선형에 대해 알려주세요,0,0,0,0
MI3_240828_TY1_0944_2_V02-4_2,소비자물가 상승률 꺾은선형 차트에 대해 알려주세요,0,0,0,0
MI3_240828_TY1_0944_3_V02-4_1,실업률 꺾은선형에 대해 알려주세요,0,0,0,0
MI3_240828_TY1_0944_4_V02-8_1,금융기관 수신 혼합형에 대해 알려주세요,0,0,0,0
MI3_240828_TY1_0944_5_V02-4_1,어음 부도율 꺾은선형에 대해 알려주세요,0,0,0,0
MI3_240828_TY1_0944_6_V01_1,I. 실물동향 1. 생산활동 제조업 생산에 대한 연간 통계 데이터에 대해 알려주세요,0,0,0,0
MI3_240828_TY1_0960_1_V01_1,비은행기관 수신과 관련된 차트에 대해 알려주세요.,0,0,0,0
MI3_240828_TY1_0960_2_V01_1,3. 중소기업대출 총대출 통계에 대해 알려주세요,0,0,0,0
MI3_240828_TY1_0960_3_V02-3_2,금융기관별 여신 비중에 대해 알려주세요,0,0,0,0
MI3_240828_TY1_0960_4_V01_1,2005년 2월중 충북지역 어음부도율 및 부도금액에 대해 알려주세요,0,0,0,0
MI3_240828_TY1_0960_5_V01_1,에 대한 단위와 비율을 포함한 표에 대해 알려주세요.,0,0,0,0
MI3_240828_TY1_0960_6_V01_1,2004년말 현재 충북지역 예금은행과 비은행 기관의 점포 수에 대해 알려주세요.,0,0,0,0
MI3_240828_TY1_0961_1_V01_1,2004 2005 7월에 대해 알려주세요,0,0,0,0
MI3_240828_TY1_0961_2_V01_1,신용보증 현황 차트에 대해 알려주세요,0,0,0,0
MI3_240828_TY1_0961_3_V02-3_2,금융기관별 여신 비중 차트(원형)에 대해 알려주세요,0,0,0,0
MI3_240828_TY1_0961_4_V01_1,업종별 부도금액 현황 차트에 대해 알려주세요,0,0,0,0
MI3_240828_TY1_0961_5_V01_1,업종별 신설법인 현황 차트에 대해 알려주세요,0,0,0,0
MI3_240828_TY1_0961_6_V01_1,제조업 출하 및 재고 추이에 대해 알려주세요,0,0,0,0
MI3_240828_TY1_0976_1_V02-3_2,금융기관별 여신 비중 차트(원형)에 대해 알려주세요,0,0,0,0
MI3_240828_TY1_0976_2_V01_1,어음부도율 추이에 대해 알려주세요,0,0,0,0
MI3_240828_TY1_0976_3_V01_2,(업종별) 부도현황 차트에 대해 알려주세요,0,0,0,0
MI3_240828_TY1_0976_4_V01_1,업종별 신설법인 현황 표에 대해 알려주세요,0,0,0,0
MI3_240828_TY1_0976_5_V02-8_1,6. 대외거래 및 충북지역 수출액 추이에 대한 혼합형 차트에 대해 알려주세요,0,0,0,0
MI3_240828_TY1_0976_6_V01_1,제목에 대한 내용과 관련하여 부동산 구입희망 소비자의 비중 추이에 대해 알려주세요.,0,0,0,0
MI3_240828_TY1_0983_1_V01_1,어음부도율 추이에 대해 알려주세요,0,0,0,0
MI3_240828_TY1_0983_2_V01_1,업종별 신설법인 현황과 관련된 데이터의 시각적 표현인 차트에 대해 알려주세요,0,0,0,0
MI3_240828_TY1_0983_3_V02-8_1,충북지역 제조업 생산지수 추이 혼합형에 대해 알려주세요,0,0,0,0
MI3_240828_TY1_0983_4_V01_1,소비관련 지표 추이 및 충북지역 소비관련 지표 추이에 대한 차트(세로 막대형)에 대해 알려주세요,0,0,0,0
MI3_240828_TY1_0983_5_V02-8_1,청주산업단지 생산액 추이 혼합형에 대해 알려주세요,0,0,0,0
MI3_240828_TY1_0983_6_V01_1,충북지역 수출액 추이에 대한 표에 대해 알려주세요,0,0,0,0
MI3_240828_TY1_0998_1_V02-4_1,충북지역 기업경기조사 결과와 제조업 및 비제조업 업황BSI 추이에 대해 알려주세요,0,0,0,0
MI3_240828_TY1_0998_2_V01_1,제조업 업황BSI에 대한 07.11월 전월대비 변동폭 차트에 대해 알려주세요,0,0,0,0
MI3_240828_TY1_0998_3_V01_1,제조업 설비투자 표에 대해 알려주세요,0,0,0,0
MI3_240828_TY1_0998_4_V02-3_1,원형에 대해 알려주세요,0,0,0,0
MI3_240828_TY1_0998_5_V01_1,전월대비 구 분 변동폭에 대해 알려주세요,0,0,0,0
MI3_240828_TY1_0998_6_V01_1,경영 애로사항 표에 대해 알려주세요,0,0,0,0
MI3_240828_TY1_1007_1_V02-8_2,최근 충북지역 고용지표 변화 관련 요인 분해 결과 혼합형에 대해 알려주세요,0,0,0,0
MI3_240828_TY1_1007_2_V02-4_1,"단기 실업률, 단기 고용률과 산업생산의 관계에 대한 꺾은선형 차트에 대해 알려주세요",0,0,0,0
MI3_240828_TY1_1007_3_V03_1,국가과학기술심의회 정책 및 사업제안 다이어그램에 대해 알려주세요,0,0,0,0
MI3_240828_TY1_1007_5_V01_2,서비스업 1인당 부가가치에 대해 알려주세요,0,0,0,0
MI3_240828_TY1_1007_6_V01_1,충북 서비스업 교역수지 표에 대해 알려주세요,0,0,0,0
MI3_240828_TY1_1031_1_V01_1,에 대한 내용에서 지역 장비 및 입주 시설 R&D 및 생산 인프라를 나타내는 차트에 대해 알려주세요.,0,0,0,0
MI3_240828_TY1_1031_2_V01_1,충청권 바이오산업 현황과 발전방안에 대한 표에 대해 알려주세요,0,0,0,0
MI3_240828_TY1_1031_3_V01_1,충북과 대구 지역의 바이오산업 지원 현황에 대한 차트에 대해 알려주세요,0,0,0,0
MI3_240828_TY1_1031_4_V01_1,충청권 바이오산업 현황과 발전방안에 대해 알려주세요,0,0,0,0
MI3_240828_TY1_1031_5_V01_1,충청권 바이오산업 현황과 발전방안에 대해 알려주세요,0,0,0,0
MI3_240828_TY1_1032_1_V03_1,지역별 이입금액 구성비 다이어그램에 대해 알려주세요,0,0,0,0
MI3_240828_TY1_1032_2_V01_1,충청지역 경제 서비스화 추이에 대해 알려주세요,0,0,0,0
MI3_240828_TY1_1032_3_V01_1,"이 문서에서는 수도권, 충청권, 대경권, 호남권, 동남권의 생산 및 고용 비중을 비교하는 표에 대해 알려주세요.",0,0,0,0
MI3_240828_TY1_1032_4_V02-4_2,충북지역 생산 및 고용 비중 추이 꺾은선형 차트에 대해 알려주세요,0,0,0,0
MI3_240828_TY1_1032_5_V01_1,충청지역 경제서비스화의 특징에 대한 차트(세로 막대형)에 대해 알려주세요,0,0,0,0
MI3_240828_TY1_1032_6_V03_2,"대전과 충남, 충북의 수입 현황에 대해 알려주세요.",0,0,0,0
MI3_240828_TY1_1046_1_V02-4_1,국내 철강업 현황 및 탄소중립 동향과 관련된 꺾은선형 차트에 대해 알려주세요,0,0,0,0
MI3_240828_TY1_1046_2_V02-1_2,종사자 1인당 매출액 차트(세로 막대형)에 대해 알려주세요,0,0,0,0
MI3_240828_TY1_1046_3_V02-4_1,국내 조강생산량 차트(꺾은선형)에 대해 알려주세요,0,0,0,0
MI3_240828_TY1_1046_4_V01_1,2018년 국내 분야별 온실가스 배출량에 대해 알려주세요,0,0,0,0
MI3_240828_TY1_1046_5_V03_1,주요국 철강업의 이산화탄소 배출 공정에 대해 알려주세요,0,0,0,0
MI3_240828_TY1_1049_1_V02-4_1,북한원/달러 환율 변화 차트(꺾은선형)에 대해 알려주세요,0,0,0,0
MI3_240828_TY1_1049_2_V02-4_1,북한원/유로 환율 꺾은선형 차트에 대해 알려주세요,0,0,0,0
MI3_240828_TY1_1049_3_V02-4_2,북한의 쌀 가격 추이(달러표시) 꺾은선형 차트에 대해 알려주세요,0,0,0,0
MI3_240828_TY1_1049_4_V02-4_2,태국 대비 북한 시장 쌀 가격 추이 차트(꺾은선형)에 대해 알려주세요,0,0,0,0
MI3_240828_TY1_1049_5_V02-4_1,북한 시장 쌀 가격의 상대가격수준 추이 꺾은선형에 대해 알려주세요,0,0,0,0
MI3_240828_TY1_1049_6_V02-4_1,북한(국정)과 남한의 쌀 가격 추세를 보여주는 꺾은선형 차트에 대해 알려주세요,0,0,0,0
MI3_240828_TY1_1056_1_V02-8_1,통화신용정책 보고서와 관련된 경상수지 및 자본수지 혼합형 차트에 대해 알려주세요,0,0,0,0
MI3_240828_TY1_1056_2_V02-4_1,총액한도대출 및 유동성조절대출 금리 조정 꺾은선형 차트에 대해 알려주세요,0,0,0,0
MI3_240828_TY1_1056_5_V02-8_2,GDP 성장률과 GDP 갭률 차트(혼합형)에 대해 알려주세요,0,0,0,0
MI3_240828_TY1_1061_1_V02-8_1,통화신용정책 보고서에 포함된 GDP 성장률 혼합형에 대해 알려주세요,0,0,0,0
MI3_240828_TY1_1061_2_V02-4_1,"L, Lf 및 M2 증가율 (전년동월대비) 차트(꺾은선형)에 대해 알려주세요",0,0,0,0
MI3_240828_TY1_1061_3_V02-4_1,통화신용정책 보고서 주가는 외국인의 주식 순매도 및 유가 급등에 대해 알려주세요,0,0,0,0
MI3_240828_TY1_1061_4_V02-4_1,통화신용정책 보고서 나. 中 주요 지역별 경제성장률 꺾은선형에 대해 알려주세요,0,0,0,0
MI3_240828_TY1_1061_5_V02-4_1,주요국의 정책금리 조정 꺾은선형에 대해 알려주세요,0,0,0,0
MI3_240828_TY1_1061_6_V02-4_1,통화신용정책 보고서의 주요 환율 변화와 차트(꺾은선형)에 대해 알려주세요,0,0,0,0
MI3_240828_TY1_1076_1_V01_1,경상수지에 대한 차트(세로 막대형)에 대해 알려주세요,0,0,0,0
MI3_240828_TY1_1076_2_V01_1,소비자물가 상승률 (%) 차트(세로 막대형)에 대해 알려주세요,0,0,0,0
MI3_240828_TY1_1076_3_V02-8_1,소비자물가 상승률 기여도 차트(혼합형)에 대해 알려주세요,0,0,0,0
MI3_240828_TY1_1076_4_V01_1,주택 매매 및 전세 가격 상승률 차트(세로 막대형)에 대해 알려주세요,0,0,0,0
MI3_240828_TY1_1076_5_V02-8_1,회사채 신용스프레드 및 신용등급 간 스프레드 혼합형에 대해 알려주세요,0,0,0,0
MI3_240828_TY1_1076_6_V02-8_2,보유증감 및 보유잔액 혼합형 차트에 대해 알려주세요,0,0,0,0
MI3_240828_TY1_1091_1_V02-8_1,설비투자 혼합형에 대해 알려주세요,0,0,0,0
MI3_240828_TY1_1091_2_V02-4_1,국고채 및 미국 국채 금리 꺾은선형에 대해 알려주세요,0,0,0,0
MI3_240828_TY1_1091_3_V02-8_1,회사채 금리 및 신용스프레드 혼합형에 대해 알려주세요,0,0,0,0
MI3_240828_TY1_1091_4_V02-4_1,코스피 및 주가변동성지수 꺾은선형에 대해 알려주세요,0,0,0,0
MI3_240828_TY1_1091_5_V02-8_1,차익거래 유인 내외금리차 및 스왑레이트 혼합형에 대해 알려주세요,0,0,0,0
MI3_240828_TY1_1091_6_V01_1,에 대한차트(세로 막대형)에 대해 알려주세요,0,0,0,0
MI3_240828_TY1_1095_1_V02-4_1,그림 II-1. 한국은행 기준금리 꺾은선형에 대해 알려주세요,0,0,0,0
MI3_240828_TY1_1095_2_V02-4_2,국제유가 및 원/달러 환율 영역형에 대해 알려주세요,0,0,0,0
MI3_240828_TY1_1095_3_V02-4_1,그림 III-12 차트(꺾은선형)에 대해 알려주세요,0,0,0,0
MI3_240828_TY1_1095_4_V02-4_1,정책조합별 주택가격 상승률 차트(꺾은선형)에 대해 알려주세요,0,0,0,0
MI3_240828_TY1_1095_5_V02-6_1,국내 금융불균형의 누증과 정책대응 간 관계 차트(분산형)에 대해 알려주세요,0,0,0,0
MI3_240828_TY1_1095_6_V02-4_2,경제국 비교 차트(꺾은선형)에 대해 알려주세요,0,0,0,0
MI3_240828_TY1_1096_1_V02-8_1,설비투자 증감률에 대해 알려주세요,0,0,0,0
MI3_240828_TY1_1096_2_V02-4_1,수입물가 상승률 차트(꺾은선형)에 대해 알려주세요,0,0,0,0
MI3_240828_TY1_1096_3_V02-8_1,국고채(3년) 금리 및 장단기 금리차 혼합형에 대해 알려주세요,0,0,0,0
MI3_240828_TY1_1096_4_V02-4_1,그림 I-22. 회사채 금리 및 신용스프레드 꺾은선형에 대해 알려주세요,0,0,0,0
MI3_240828_TY1_1096_5_V02-4_1,기업대출금리와 가계대출금리 꺾은선형에 대해 알려주세요,0,0,0,0
MI3_240828_TY1_1096_6_V02-8_1,보유증감 및 보유잔액 혼합형에 대해 알려주세요,0,0,0,0
MI3_240828_TY1_1097_1_V02-4_3,전세계 MSCI 지수 및 미 국채 금리 꺾은선형에 대해 알려주세요,0,0,0,0
MI3_240828_TY1_1097_2_V02-4_1,물가상승률1) 차트(꺾은선형)에 대해 알려주세요,0,0,0,0
MI3_240828_TY1_1097_3_V02-4_2,국고채 금리 및 환율 차트(꺾은선형)에 대해 알려주세요,0,0,0,0
MI3_240828_TY1_1097_4_V02-4_2,한국은행 금융중개지원대출 꺾은선형에 대해 알려주세요,0,0,0,0
MI3_240828_TY1_1097_5_V02-4_1,그림 I-6. 주요 환율 및 미 달러화 지수에 대해 알려주세요,0,0,0,0
MI3_240828_TY1_1097_6_V02-4_2,기대인플레이션율 꺾은선형에 대해 알려주세요,0,0,0,0
MI3_240828_TY1_1102_1_V02-4_2,물가상승률1) (전년동월대비) 꺾은선형에 대해 알려주세요,0,0,0,0
MI3_240828_TY1_1102_2_V02-8_1,"1,300 외국인 주식 순매수와 환율에 대한 혼합형 차트에 대해 알려주세요",0,0,0,0
MI3_240828_TY1_1102_3_V02-4_1,(꺾은선형) 차트에 대해 알려주세요,0,0,0,0
MI3_240828_TY1_1102_4_V02-4_1,전 세계 선진국 소비자물가 상승률 차트(꺾은선형)에 대해 알려주세요,0,0,0,0
MI3_240828_TY1_1102_5_V02-4_1,국제유가 차트(꺾은선형)에 대해 알려주세요,0,0,0,0
MI3_240828_TY1_1102_6_V02-4_2,<그림 | -14> 꺾은선형에 대해 알려주세요,0,0,0,0
MI3_240828_TY1_1104_1_V02-4_1,II. 외환위기 이후의 통화 -물가 관계와 관련된 2년 평균증가율 간의 관계 꺾은선형에 대해 알려주세요,0,0,0,0
MI3_240828_TY1_1104_2_V02-4_1,T01 T02 T03 꺾은선형에 대해 알려주세요,0,0,0,0
MI3_240828_TY1_1104_3_V02-6_1,T01 T02 T03 차트(분산형)에 대해 알려주세요,0,0,0,0
MI3_240828_TY1_1104_4_V01_1,종속변수 M2 M3에 대해 알려주세요,0,0,0,0
MI3_240828_TY1_1104_5_V02-4_2,외환위기 이후 M3에 대한 차트(꺾은선형)에 대해 알려주세요,0,0,0,0
MI3_240828_TY1_1104_6_V02-4_1,통화방정식 꺾은선형 차트에 대해 알려주세요,0,0,0,0
MI3_240828_TY1_1107_1_V01_1,에 대한시각요소의 내용과 분석 결과에 대해 알려주세요,0,0,0,0
MI3_240828_TY1_1107_2_V02-4_6,전일대비 변동율 차트(꺾은선형)에 대해 알려주세요,0,0,0,0
MI3_240828_TY1_1107_3_V02-4_2,한국은행 발언(A)에 대한 충격반응함수 : 기간별 분류 꺾은선형에 대해 알려주세요,0,0,0,0
MI3_240828_TY1_1107_4_V02-4_4,변동율 차트(꺾은선형)에 대해 알려주세요,0,0,0,0
MI3_240828_TY1_1107_5_V02-4_2,<그림 3> 차트(꺾은선형)에 대해 알려주세요,0,0,0,0
MI3_240828_TY1_1107_6_V01_1,정부발언 및 정부의 영향을 제거한 한국은행 발언이 변동성에 미치는 영향 차트(세로 막대형)에 대해 알려주세요,0,0,0,0
MI3_240828_TY1_1109_1_V02-4_1,미국 실질자연이자율 추정 및 예측 꺾은선형에 대해 알려주세요,0,0,0,0
MI3_240828_TY1_1109_2_V01_1,제1장 통화정책 체계에 대한 최근 논의 및 미국의 중립실질이자율과 최적 인플레이션 표에 대해 알려주세요,0,0,0,0
MI3_240828_TY1_1109_3_V02-4_1,"제1장 통화정책 체계에 대한 최근 논의<그림 4> 시작점에 따른 물가수준목표 Index, 2009=100 꺾은선형에 대해 알려주세요",0,0,0,0
MI3_240828_TY1_1109_4_V02-4_1,GDP 성장률 물가상승률 꺾은선형에 대해 알려주세요,0,0,0,0
MI3_240828_TY1_1109_5_V02-4_1,Household Debts Distributed by Income in Korea 꺾은선형에 대해 알려주세요,0,0,0,0
MI3_240828_TY1_1109_6_V02-4_1,가계부채 제약하의 통화정책에 대한 꺾은선형 차트에 대해 알려주세요,0,0,0,0
MI3_240828_TY1_1120_2_V02-1_1,핀테크 관련 세부 사업별 투자 현황에 대한 차트(세로 막대형)에 대해 알려주세요.,0,0,0,0
MI3_240828_TY1_1120_5_V02-1_1,국내 금융거래자의 신용등급별 구성현황(2014년말 기준) 차트(세로 막대형)에 대해 알려주세요,0,0,0,0
MI3_240828_TY1_1120_6_V02-1_1,"(천개) (%) 1,200 5.0에 대해 알려주세요",0,0,0,0
MI3_240828_TY1_1141_1_V02-8_1,대형소매점판매액지수 혼합형에 대해 알려주세요,0,0,0,0
MI3_240828_TY1_1141_2_V02-8_1,주택전세가격 및 주택매매가격 변동 차트(혼합형)에 대해 알려주세요,0,0,0,0
MI3_240828_TY1_1141_3_V02-8_2,주택전세가격 주택매매가격 혼합형에 대해 알려주세요,0,0,0,0
MI3_240828_TY1_1141_4_V02-4_3,건설투자 방향성 차트(꺾은선형)에 대해 알려주세요,0,0,0,0
MI3_240828_TY1_1141_5_V02-8_1,취업자수 증감 및 고용률 혼합형에 대해 알려주세요,0,0,0,0
MI3_240828_TY1_1142_1_V02-1_2,수요 차트(세로 막대형)에 대해 알려주세요,0,0,0,0
MI3_240828_TY1_1142_2_V02-1_1,기업 자금사정 보합 차트(세로 막대형)에 대해 알려주세요,0,0,0,0
MI3_240828_TY1_1142_3_V02-1_1,자금사정BSI 차트(세로 막대형)에 대해 알려주세요,0,0,0,0
MI3_240828_TY1_1142_4_V02-8_1,건설발주액 차트(혼합형)에 대해 알려주세요,0,0,0,0
MI3_240828_TY1_1142_5_V02-8_2,소비자물가 및 주택가격 혼합형에 대해 알려주세요,0,0,0,0
MI3_240828_TY1_1142_6_V02-1_1,제주 화산섬과 용암동굴의 베스트셀러 효과 차트(세로 막대형)에 대해 알려주세요,0,0,0,0
MI3_240828_TY1_1149_1_V02-4_1,I. 국내외 경제여건 점검 세계경제 성장률 전망에 대해 알려주세요,0,0,0,0
MI3_240828_TY1_1149_2_V02-8_1,주택 판매 및 S&P Case-Shiller 지수에 대한 혼합형 차트에 대해 알려주세요,0,0,0,0
MI3_240828_TY1_1149_3_V02-4_1,제목에 포함된 내용과 함께 국가별 채무비율 변화를 보여주는 차트에 대해 알려주세요,0,0,0,0
MI3_240828_TY1_1149_4_V02-4_1,중국경제는 신정부의 경기대응 노력 강화 등에 힘입어 인프라투자 증가율 꺾은선형에 대해 알려주세요,0,0,0,0
MI3_240828_TY1_1149_5_V01_3,엔/달러 환율 상승 시 경제적 영향에 대한 자료와 분석에 대해 알려주세요,0,0,0,0
MI3_240828_TY1_1149_6_V01_2,글로벌 상품시장 및 전세계 석유수요 및 생산 전망에 대해 알려주세요,0,0,0,0
MI3_240828_TY1_1175_1_V01_1,한국은행 역대 화폐사에 대해 알려주세요,0,0,0,0
MI3_240828_TY1_1175_2_V01_1,주요 내용 에 대해 알려주세요,0,0,0,0
MI3_240828_TY1_1175_3_V01_1,T01 T02 V01에 대해 알려주세요,0,0,0,0
MI3_240828_TY1_1175_4_V01_1,우리나라의 화폐와 관련된 주요 내용 및 표에 대해 알려주세요.,0,0,0,0
MI3_240828_TY1_1175_5_V01_1,'차트(혼합형)'에 대해 알려주세요,0,0,0,0
MI3_240828_TY1_1201_2_V02-1_1,해외경제 포커스 제2015-6호 25 (천억위안) 20에 대해 알려주세요,0,0,0,0
MI3_240828_TY1_1201_3_V02-1_2,에너지 원단위 차트(세로 막대형)에 대해 알려주세요,0,0,0,0
MI3_240828_TY1_1201_4_V02-8_1,"1,000 (만톤) (%) 차트(혼합형)에 대해 알려주세요",0,0,0,0
MI3_240828_TY1_1201_5_V02-4_2,해외경제 포커스 주요국 주가 차트(꺾은선형)에 대해 알려주세요,0,0,0,0
MI3_240828_TY1_1201_6_V02-4_1,해외경제 포커스 차트(꺾은선형)에 대해 알려주세요,0,0,0,0
MI3_240828_TY1_1203_1_V02-4_1,ECB의 기준금리 추이에 대해 알려주세요,0,0,0,0
MI3_240828_TY1_1203_2_V02-4_1,해외경제 포커스 차트(꺾은선형)에 대해 알려주세요,0,0,0,0
MI3_240828_TY1_1203_3_V02-4_1,소비자심리지수 추이에 대한 꺾은선형 차트에 대해 알려주세요,0,0,0,0
MI3_240828_TY1_1203_4_V02-8_1,해외경제 포커스 소매판매 추이에 대해 알려주세요,0,0,0,0
MI3_240828_TY1_1203_5_V02-4_1,INSEE의 소비자 신뢰지수 추이 꺾은선형 차트에 대해 알려주세요,0,0,0,0
MI3_240828_TY1_1203_6_V02-4_1,PMI 추이에 대해 알려주세요,0,0,0,0
MI3_240828_TY1_1212_1_V02-8_1,해외경제 포커스 제2002-13호 신규주택판매 본문 차트(혼합형)에 대해 알려주세요,0,0,0,0
MI3_240828_TY1_1212_2_V02-8_1,해외경제 포커스 제2002-13호의 혼합형 차트에 대해 알려주세요,0,0,0,0
MI3_240828_TY1_1212_3_V02-8_1,해외경제 포커스 차트(혼합형)에 대해 알려주세요,0,0,0,0
MI3_240828_TY1_1212_4_V02-4_1,해외경제 포커스 제2002-13호유로쓸 환율 추이에 대해 알려주세요,0,0,0,0
MI3_240828_TY1_1212_5_V02-4_1,해외경제 포커스 제2002-13호의 GDP와 역내수요 추이 차트(꺾은선형)에 대해 알려주세요,0,0,0,0
MI3_240828_TY1_1212_6_V02-4_1,해외경제 포커스 제2002-13호 (%)에 대해 알려주세요,0,0,0,0
MI3_240828_TY1_1216_1_V01_1,해외경제 포커스 제2002-21호의 건설투자증가율 및 분양증가율 차트(세로 막대형)에 대해 알려주세요,0,0,0,0
MI3_240828_TY1_1216_2_V02-4_2,해외경제 포커스 분양가격 토지가격 임대료 꺾은선형에 대해 알려주세요,0,0,0,0
MI3_240828_TY1_1216_3_V02-1_1,해외경제 포커스 제2002-21호의 고급주택과 일반주택 가격 비교 차트에 대해 알려주세요,0,0,0,0
MI3_240828_TY1_1216_4_V02-1_1,해외경제 포커스 제2002-21호의 주택자금 대출 추이에 대해 알려주세요.,0,0,0,0
MI3_240828_TY1_1216_5_V02-4_1,해외경제 포커스 제2002-21호에 포함된 실업률 추이 꺾은선형 차트에 대해 알려주세요,0,0,0,0
MI3_240828_TY1_1216_6_V02-4_1,해외경제 포커스 제2002-21호에 포함된 INSEE지수 추이에 대해 알려주세요,0,0,0,0
MI3_240828_TY1_1217_1_V01_1,미 주요교역국 유로지역 일 동아시아 중남미 국 본 2003 2004 표에 대해 알려주세요,0,0,0,0
MI3_240828_TY1_1217_2_V02-4_1,해외경제 포커스 제2003-1호에 대한 꺾은선형 차트에 대해 알려주세요,0,0,0,0
MI3_240828_TY1_1217_3_V02-4_3,정크 본드 및 회사채 신용스프레드에 대해 알려주세요,0,0,0,0
MI3_240828_TY1_1217_4_V02-4_1,2002년중 日 추이에 대해 알려주세요,0,0,0,0
MI3_240828_TY1_1217_5_V02-4_1,해외경제 포커스 제조업 PMI 추이에 대해 알려주세요.,0,0,0,0
MI3_240828_TY1_1217_6_V02-8_1,해외경제 포커스 제2003-1호 차트(혼합형)에 대해 알려주세요,0,0,0,0
MI3_240828_TY1_1218_1_V02-4_1,해외경제 포커스 임금 인상 현황 차트(꺾은선형)에 대해 알려주세요,0,0,0,0
MI3_240828_TY1_1218_2_V02-1_1,이 차트(영역형)에 대해 알려주세요,0,0,0,0
MI3_240828_TY1_1218_3_V02-8_1,해외경제 포커스 제2014-5·6호 I · 검토 배경에 대해 알려주세요,0,0,0,0
MI3_240828_TY1_1218_4_V02-8_1,지방정부 부채규모 및 증가율 차트(혼합형)에 대해 알려주세요,0,0,0,0
MI3_240828_TY1_1218_5_V02-1_1,해외경제 포커스 조세수입· 재정지출 비중에 대해 알려주세요,0,0,0,0
MI3_240828_TY1_1218_6_V02-3_1,해외경제 포커스 제2014-5·6호의 차트(원형)에 대해 알려주세요,0,0,0,0
MI3_240828_TY1_1222_1_V02-8_1,해외경제 포커스 비정규직 정규직 비중에 대해 알려주세요,0,0,0,0
MI3_240828_TY1_1222_2_V02-2_1,해외경제 포커스 제2014-22호의 자영업자 비중 변화에 대해 알려주세요.,0,0,0,0
MI3_240828_TY1_1222_3_V02-4_1,해외경제 포커스 제2014-22호에서 제시된 근속연수에 따른 임금커브 및 생산성 추이에 대해 알려주세요,0,0,0,0
MI3_240828_TY1_1222_4_V02-8_1,T01 T02 T03 혼합형에 대해 알려주세요,0,0,0,0
MI3_240828_TY1_1222_5_V02-4_1,해외경제 포커스 차트(꺾은선형)에 대해 알려주세요,0,0,0,0
MI3_240828_TY1_1222_6_V02-4_2,금가격 및 반도체가격 차트(꺾은선형)에 대해 알려주세요,0,0,0,0
MI3_240828_TY1_1259_1_V02-2_1,해외경제 포커스 제2015-45호의 EU주요국 상품시장규제 지표에 대해 알려주세요,0,0,0,0
MI3_240828_TY1_1259_2_V02-4_2,구조개혁과 투자와의 관계 차트(꺾은선형)에 대해 알려주세요,0,0,0,0
MI3_240828_TY1_1259_3_V02-8_2,해외경제 포커스 기본 시나리오 혼합형에 대해 알려주세요,0,0,0,0
MI3_240828_TY1_1259_4_V02-4_1,해외경제 포커스 제2015-45호 차트(꺾은선형)에 대해 알려주세요,0,0,0,0
MI3_240828_TY1_1259_5_V02-4_4,해외경제 포커스차트(꺾은선형)에 대해 알려주세요,0,0,0,0
MI3_240828_TY1_1259_6_V02-4_3,해외경제 포커스 차트(꺾은선형)에 대해 알려주세요,0,0,0,0
MI3_240828_TY1_1264_1_V02-4_1,해외경제 포커스 제2015-50호 I · 검토 배경 영역형 차트에 대해 알려주세요,0,0,0,0
MI3_240828_TY1_1264_2_V02-4_1,해외경제 포커스 차트(꺾은선형)에 대해 알려주세요,0,0,0,0
MI3_240828_TY1_1264_3_V02-1_1,해외경제 포커스 차트(세로 막대형)에 대해 알려주세요,0,0,0,0
MI3_240828_TY1_1264_4_V02-4_1,해외경제 포커스의 GDP 및 가처분소득대비 가계부채 비중 차트(꺾은선형)에 대해 알려주세요,0,0,0,0
MI3_240828_TY1_1264_5_V02-4_2,해외경제 포커스 위안/달러 차트(꺾은선형)에 대해 알려주세요,0,0,0,0
MI3_240828_TY1_1264_6_V02-4_4,해외경제 포커스 제2015-50호 차트(꺾은선형)에 대해 알려주세요,0,0,0,0
MI3_240828_TY1_1285_1_V01_1,(%) 국채금리(10년만기) CDS 프리미엄(5년만기) 표에 대해 알려주세요,0,0,0,0
MI3_240828_TY1_1285_2_V01_1,국 가 장기실업률 표에 대해 알려주세요,0,0,0,0
MI3_240828_TY1_1285_3_V02-4_1,Price and Wage Formation 꺾은선형에 대해 알려주세요,0,0,0,0
MI3_240828_TY1_1285_4_V01_2,포르투갈의 수출입 현황 표에 대해 알려주세요,0,0,0,0
MI3_240828_TY1_1285_5_V01_1,포르투갈의 총외채 규모와 관련된 시각요소에 대해 알려주세요,0,0,0,0
MI3_240828_TY1_1285_6_V02-8_1,포르투갈 국채 보유자별 비중 혼합형 차트에 대해 알려주세요,0,0,0,0
MI3_240828_TY1_1300_1_V01_1,해외경제 포커스의 복지지출과 연금 소득대체율에 대해 알려주세요,0,0,0,0
MI3_240828_TY1_1300_2_V02-8_2,해외경제 포커스 정규직과 비정규직 근로자수에 대해 알려주세요,0,0,0,0
MI3_240828_TY1_1300_3_V02-8_2,해외경제 포커스 일본의 고령화 추세에 대한 꺾은선형 차트에 대해 알려주세요,0,0,0,0
MI3_240828_TY1_1300_4_V02-4_1,해외경제 포커스 제2016-30호 꺾은선형에 대해 알려주세요,0,0,0,0
MI3_240828_TY1_1300_5_V02-4_1,해외경제 포커스 제2016-30호의 꺾은선형 차트에 대해 알려주세요,0,0,0,0
MI3_240828_TY1_1300_6_V02-4_1,해외경제 포커스 제2016-30호의 2.6 (달러/개) 꺾은선형 그래프에 대해 알려주세요,0,0,0,0
MI3_240828_TY1_1301_1_V02-1_1,해외경제 포커스 제2016-36호 II 일본 여행수지의 주요 특징 차트(세로 막대형)에 대해 알려주세요,0,0,0,0
MI3_240828_TY1_1301_2_V02-8_1,해외경제 포커스 제2016-36호에서 방일 외국인수와 증감률에 대해 알려주세요,0,0,0,0
MI3_240828_TY1_1301_3_V02-4_2,T01 T02 T03 꺾은선형에 대해 알려주세요,0,0,0,0
MI3_240828_TY1_1301_4_V02-8_1,해외경제 포커스 제2016-36호 한국과 일본의 여행수지 격차에 대해 알려주세요,0,0,0,0
MI3_240828_TY1_1301_5_V02-8_3,해외경제 포커스 출국 한국인과 방한 외국인 수에 대해 알려주세요,0,0,0,0
MI3_240828_TY1_1301_6_V02-4_1,해외경제 포커스 차트(꺾은선형)에 대해 알려주세요,0,0,0,0
MI3_240828_TY1_1304_1_V02-7_1,가계부채 차트(방사형)에 대해 알려주세요,0,0,0,0
MI3_240828_TY1_1304_2_V02-1_1,해외경제 포커스 제2017-18호 차트(세로 막대형)에 대해 알려주세요,0,0,0,0
MI3_240828_TY1_1304_3_V02-1_3,2010~2015 차트(세로 막대형)에 대해 알려주세요,0,0,0,0
MI3_240828_TY1_1304_4_V02-8_1,해외경제 포커스 제2017-18호에서 나타난 청년고용률 및 청년실업률에 대해 알려주세요,0,0,0,0
MI3_240828_TY1_1304_5_V02-4_1,해외경제 포커스 제2017-18호 차트(꺾은선형)에 대해 알려주세요,0,0,0,0
MI3_240828_TY1_1304_6_V02-4_3,주간 국제금융 및 원자재시장 동향 꺾은선형에 대해 알려주세요,0,0,0,0
MI3_240828_TY1_1305_1_V02-4_1,중국 경제성장률(%) 꺾은선형에 대해 알려주세요,0,0,0,0
MI3_240828_TY1_1305_2_V02-4_1,GDP 성장률 차트(꺾은선형)에 대해 알려주세요,0,0,0,0
MI3_240828_TY1_1305_3_V02-8_1,경상수지 및 투자 차트(혼합형)에 대해 알려주세요,0,0,0,0
MI3_240828_TY1_1305_4_V02-1_1,해외경제 포커스 차트(세로 막대형)에 대해 알려주세요,0,0,0,0
MI3_240828_TY1_1305_5_V02-4_1,업종별 FDI 비중 차트(꺾은선형)에 대해 알려주세요,0,0,0,0
MI3_240828_TY1_1305_6_V02-8_2,한국의 대중 무역·투자비중(%) 혼합형에 대해 알려주세요,0,0,0,0
MI3_240828_TY1_1322_1_V02-4_1,해외경제 포커스 제2018-23호의 ISM 제조업 및 비제조업 지수에 대해 알려주세요,0,0,0,0
MI3_240828_TY1_1322_2_V02-4_3,해외경제 포커스 최근 유로지역 고용상황 인구대비 경제활동인구대비 꺾은선형에 대해 알려주세요,0,0,0,0
MI3_240828_TY1_1322_3_V02-1_1,2018.2분기 조사 차트(세로 막대형)에 대해 알려주세요,0,0,0,0
MI3_240828_TY1_1322_4_V02-1_1,해외경제 포커스 제2018-23호 6.1~8일 중 외국인 투자자의 A주 순매입 규모에 대해 알려주세요.,0,0,0,0
MI3_240828_TY1_1322_5_V01_1,종류 개요 만기 표에 대해 알려주세요,0,0,0,0
MI3_240828_TY1_1322_6_V02-4_1,해외경제 포커스 제2018-23호 Ⅱ 국제원자재시장 베네수엘라 원유 생산량 및 생산능력 꺾은선형에 대해 알려주세요,0,0,0,0
MI3_240828_TY1_1357_1_V02-1_1,해외경제 포커스 경제권역별 교역증가율 차트(세로 막대형)에 대해 알려주세요,0,0,0,0
MI3_240828_TY1_1357_2_V02-1_1,해외경제 포커스 제2019-15호 III 연계성 약화 배경 차트(세로 막대형)에 대해 알려주세요,0,0,0,0
MI3_240828_TY1_1357_3_V02-1_1,해외경제 포커스 차트(세로 막대형)에 대해 알려주세요,0,0,0,0
MI3_240828_TY1_1357_4_V02-1_1,해외경제 포커스 차트(세로 막대형)에 대해 알려주세요,0,0,0,0
MI3_240828_TY1_1357_5_V02-1_1,세계경제 산업 구성 차트(세로 막대형)에 대해 알려주세요,0,0,0,0
MI3_240828_TY1_1357_6_V02-4_1,해외경제 포커스 제2019-15호의 관세율 변동에 대해 알려주세요,0,0,0,0
MI3_240828_TY1_1372_1_V02-8_1,미국 정부 재량지출 한도 혼합형에 대해 알려주세요,0,0,0,0
MI3_240828_TY1_1372_2_V01_1,표 에 대해 알려주세요,0,0,0,0
MI3_240828_TY1_1372_3_V02-8_1,최저임금 인상률과 관련된 그래프에 대해 알려주세요,0,0,0,0
MI3_240828_TY1_1372_4_V01_1,사드 배치에 대한 내용에 대해 알려주세요,0,0,0,0
MI3_240828_TY1_1372_5_V02-1_1,주요기관의 브라질 2019년 경제성장률 전망 차트(세로 막대형)에 대해 알려주세요,0,0,0,0
MI3_240828_TY1_1372_6_V02-4_1,국제유가(달러/배럴) 꺾은선형에 대해 알려주세요,0,0,0,0
MI3_241030_TY1_0035_4_V01_1,건강 지향 저칼로리 아이스크림 제품에 대해 알려주세요,0,0,0,0
MI3_241030_TY1_0046_2_V01_1,목표 매출 디지털 서비스 차트에 대해 알려주세요,0,0,0,0
MI3_241030_TY1_0046_3_V01_1,연구개발 표에 대해 알려주세요,0,0,0,0
MI3_241030_TY1_0057_3_V01_1,건강 지향 소비자들이 인기를 끌고 있는 아이스크림 제품에 대해 알려주세요,0,0,0,0
MI3_241030_TY1_0062_1_V01_1,2014년 교육 혁신과 디지털 기술의 융합 평가 기준에 대해 알려주세요.,0,0,0,0
MI3_241030_TY1_0062_2_V01_1,A사는 고등 교육과 직업 교육에서 혁신적인 학습 플랫폼에 대한 내용을 바탕으로 표에 대해 알려주세요.,0,0,0,0
MI3_241030_TY1_0064_1_V01_2,분석 대상 금융 기술의 주요 특징과 적용 분야에 대해 알려주세요,0,0,0,0
MI3_241030_TY1_0065_1_V01_1,2014년 디지털 혁신과 사회적 변화에서 기술 주요 특징 적용 분야에 대해 알려주세요,0,0,0,0
MI3_241030_TY1_0065_2_V01_1,3. 주요 디지털 혁신 분석에 대한 빅데이터 분석 차트에 대해 알려주세요,0,0,0,0
MI3_241030_TY1_0085_1_V01_2,직장가입자와 지역가입자 수 비율 표에 대해 알려주세요,0,0,0,0
MI3_241030_TY1_0085_2_V02-2_1,보험료 산정 및 부담 외국인의 의료서비스 이용 현황 차트(가로 막대형)에 대해 알려주세요,0,0,0,0
MI3_241030_TY1_0113_1_V01_1,출산자 성별 출산 건수 표에 대해 알려주세요,0,0,0,0
MI3_241030_TY1_0113_2_V01_1,출산 휴가 및 복직 현황에 대해 알려주세요,0,0,0,0
MI3_241030_TY1_0161_2_V01_2,4. 조직도 및 인력 현황 표에 대해 알려주세요,0,0,0,0
MI3_241030_TY1_0161_3_V01_1,5. 결론 및 향후 전략의 시각요소 제목에 대해 알려주세요,0,0,0,0
MI3_241030_TY1_0172_1_V03_1,2015년 3월 아이들 베스트셀러 보고서 교육 도서 어린이 독서 다이어그램에 대해 알려주세요,0,0,0,0
MI3_241030_TY1_0177_1_V03_1,2015년 3월 인터넷 속도 상세 분석 보고서 2. 상세 분석 고정 브로드밴드 속도 다이어그램에 대해 알려주세요,0,0,0,0
MI3_241030_TY1_0202_1_V02-1_1,2015년 3월 소비 항목별 지출 차트(세로 막대형)에 대해 알려주세요,0,0,0,0
MI3_241030_TY1_0202_2_V01_1,부서별 지출 내역 표에 대해 알려주세요,0,0,0,0
MI3_241030_TY1_0217_1_V01_1,2015년 4월 아이들 베스트셀러 보고서 서론 순 권장 연 책 제목 저자 출판사 출판 연도 장르에 대해 알려주세요,0,0,0,0
MI3_241030_TY1_0222_1_V01_1,2015년 4월 인터넷 속도 상세 분석 보고서 주요 인터넷 속도 지표 표에 대해 알려주세요,0,0,0,0
MI3_241030_TY1_0228_2_V01_1,지역 재정자립도 표에 대해 알려주세요,0,0,0,0
MI3_241030_TY1_0228_3_V01_1,지자체 탄소 중립 목표 및 주요 추진 전략 표에 대해 알려주세요,0,0,0,0
MI3_241030_TY1_0229_1_V01_1,2015년 4월 청소년 교육 보고서의 표 1. 2015년 4월 한국 청소년의 학습 환경 변화에 대해 알려주세요,0,0,0,0
MI3_241030_TY1_0229_2_V03_1,2015년 4월 정신 건강과 다이어그램에 대해 알려주세요.,0,0,0,0
MI3_241030_TY1_0270_2_V02-4_1,2015년 5월의 산업용 전기 소비 꺾은선형에 대해 알려주세요,0,0,0,0
MI3_241030_TY1_0277_2_V03_1,건강영향 다이어그램에 대해 알려주세요,0,0,0,0
MI3_241030_TY1_0278_1_V02-2_1,2015년 5월 통신장비 시장 매출 분석과 관련된 차트(가로 막대형)에 대해 알려주세요,0,0,0,0
MI3_241030_TY1_0378_2_V01_1,주요 사업 구분 표에 대해 알려주세요,0,0,0,0
MI3_241030_TY1_0378_3_V01_1,상반기 목표 달성에 대해 알려주세요,0,0,0,0
MI3_241030_TY1_0393_3_V03_1,국제 협력과 기술 혁신을 통한 글로벌 식품안전 강화에 대해 알려주세요,0,0,0,0
MI3_241030_TY1_0432_1_V02-1_2,2015년 9월 사내 복지 보고서 서론 차트(세로 막대형)에 대해 알려주세요,0,0,0,0
MI3_241030_TY1_0466_2_V01_1,주요 사업 영역 다이어그램에 대해 알려주세요,0,0,0,0
MI3_241030_TY1_0466_3_V01_1,제조업 스마트 공장 설비 및 자동화 시스템 도입 차트(다이어그램)에 대해 알려주세요,0,0,0,0
MI3_241030_TY1_0481_3_V01_1,2015년 10월 주요 식품 오염 원인별 사례 수에 대해 알려주세요,0,0,0,0
MI3_241030_TY1_0484_1_V01_2,2015년 10월 외국인 진학 관련 보고서 전공 분야별 진학 현황 표에 대해 알려주세요,0,0,0,0
MI3_241030_TY1_0484_2_V01_1,주요 분석: 차트(세로 막대형)에 대해 알려주세요,0,0,0,0
MI3_241030_TY1_0493_2_V03_1,2015년 지역 균형 발전을 위한 전략 다이어그램에 대해 알려주세요,0,0,0,0
MI3_241030_TY1_0493_3_V01_1,탄소 중립 목표와 주요 추진 전략에 대해 알려주세요,0,0,0,0
MI3_241030_TY1_0522_2_V01_2,지역별 소방시설 점검 결과 표에 대해 알려주세요,0,0,0,0
MI3_241030_TY1_0538_1_V01_1,2015년 11월 한국 청소년의 학습 환경 변화 표에 대해 알려주세요,0,0,0,0
MI3_241030_TY1_0538_2_V01_1,2015년 11월 한국 청소년의 정신 건강 상태 표에 대해 알려주세요,0,0,0,0
MI3_241030_TY1_0540_2_V03_1,급식 만족도 조사 다이어그램에 대해 알려주세요,0,0,0,0
MI3_241030_TY1_0565_1_V01_1,2015년 12월 산업재해 보고서 서론 표에 대해 알려주세요,0,0,0,0
MI3_241030_TY1_0565_2_V03_1,보호 장비 관련 다이어그램에 대해 알려주세요,0,0,0,0
MI3_241030_TY1_0566_2_V01_1,4. 통계 표에 대해 알려주세요,0,0,0,0
MI3_241030_TY1_0596_1_V01_1,주요 관광 명소 해외 관람객 수에 대해 알려주세요,0,0,0,0
MI3_241030_TY1_0606_2_V01_1,글래스턴베리 페스티벌에 대한 세부 정보와 주요 성과에 대해 알려주세요,0,0,0,0
MI3_241030_TY1_0609_2_V01_1,칼라바르 카니발에 관한 데이터와 관련된 표에 대해 알려주세요.,0,0,0,0
MI3_241030_TY1_0623_2_V01_1,옥토버페스트에 대한 정보와 관련된 주요 시각 요소인 표에 대해 알려주세요,0,0,0,0
MI3_241030_TY1_0642_2_V01_1,무주 반딧불이 축제에 관련된 다양한 프로그램과 지역 경제 활성화의 성과 차트(세로 막대형)에 대해 알려주세요,0,0,0,0
MI3_241030_TY1_0644_2_V01_1,마디 그라 축제에 대한 정보와 성과를 담고 있는 시각 요소 표에 대해 알려주세요.,0,0,0,0
MI3_241030_TY1_0677_2_V01_1,아이디타로드 개 썰매 경주에 대한 시각요소 표에 대해 알려주세요,0,0,0,0
MI3_241030_TY1_0680_2_V01_1,2015년 에든버러 국제 영화제의 주요 내용과 관련된 표에 대해 알려주세요,0,0,0,0
MI3_241030_TY1_0681_2_V01_1,의 참여형 프로그램 운영 및 다양한 예술 장르가 어우러진 성과에 대해 알려주세요.,0,0,0,0
MI3_241030_TY1_0704_1_V01_1,영화 제목 개봉일 장르 다룬 기술 요소 표에 대해 알려주세요,0,0,0,0
MI3_241030_TY1_0720_2_V01_1,디왈리 축제의 기간과 주요 행사에 대해 알려주세요,0,0,0,0
MI3_241030_TY1_0725_2_V01_1,기온 마츠리와 관련된 축제 정보 및 데이터 표에 대해 알려주세요,0,0,0,0
MI3_241030_TY1_0728_2_V01_1,리빙스톤 국제 문화 축제 기간 및 주요 행사에 대해 알려주세요,0,0,0,0
MI3_241030_TY1_0747_2_V01_1,항목 세부 내용 표에 대해 알려주세요,0,0,0,0
MI3_241030_TY1_0766_1_V01_1,2015년 한국 교육 시장 보고서의 부문별 성장률에 대해 알려주세요,0,0,0,0
MI3_241030_TY1_0767_1_V01_1,2015년 한국 모바일 게임 시장 보고서 본론 주요 게임 주요 특징 성장률(%)에 대해 알려주세요,0,0,0,0
MI3_241030_TY1_0768_1_V01_1,2015년 한국 모바일 결제 시장 보고서 본론 차트(세로 막대형)에 대해 알려주세요,0,0,0,0
MI3_241030_TY1_0777_1_V01_1,2015년 한국 음악 스트리밍 시장 보고서 본론 차트(세로 막대형)에 대해 알려주세요,0,0,0,0
MI3_241030_TY1_0798_3_V03_1,4.2 미국의 육류 미생물 오염 사건 다이어그램에 대해 알려주세요,0,0,0,0
MI3_241030_TY1_0810_2_V01_1,주요 지자체별 재정자립도 표에 대해 알려주세요,0,0,0,0
MI3_241030_TY1_0825_2_V02-2_1,성별에 따른 비만율 차트(가로 막대형)에 대해 알려주세요,0,0,0,0
MI3_241030_TY1_0858_2_V01_1,청장년 대출 비율 표에 대해 알려주세요,0,0,0,0
MI3_241030_TY1_0858_3_V03_1,4. 결론 및 정책 제언 다이어그램에 대해 알려주세요,0,0,0,0
MI3_241030_TY1_0873_2_V03_1,비즈니스 전략 실행 다이어그램에 대해 알려주세요,0,0,0,0
MI3_241030_TY1_0873_3_V03_1,영업 부서 행 매출 성장 동 전략 계획서 부서 간 협력 작 연구개발부 기술 혁신 서행동 해외 시장 진 마케팅 부서 출 행동에 대해 알려주세요,0,0,0,0
MI3_241030_TY1_0874_1_V02-1_1,2016년 2월 회사 소비 보고서 2. 주요 소비 항목 분석 소비 항목별 지출 차트(세로 막대형)에 대해 알려주세요,0,0,0,0
MI3_241030_TY1_0874_2_V01_1,부서별 지출 분석 표에 대해 알려주세요,0,0,0,0
MI3_241030_TY1_0896_1_V02-3_1,2016년 3월 자영업 폐업 보고서와 관련된 폐업 증가 요인 원형 차트에 대해 알려주세요,0,0,0,0
MI3_241030_TY1_0900_2_V01_1,지역 재정자립도 표에 대해 알려주세요,0,0,0,0
MI3_241030_TY1_0901_1_V01_1,2016년 3월 한국 청소년의 학습 환경 변화 표에 대해 알려주세요,0,0,0,0
MI3_241030_TY1_0901_2_V03_1,2016년 3월 청소년 정신 건강 문제 분석 다이어그램에 대해 알려주세요,0,0,0,0
MI3_241030_TY1_0903_2_V02-3_1,청장년 대출 비율 원형 차트에 대해 알려주세요,0,0,0,0
MI3_241030_TY1_0903_3_V01_1,연령대 평균 대출금액과 월 상환액에 대한 표에 대해 알려주세요,0,0,0,0
MI3_241030_TY1_0917_1_V01_1,주요 관광 명소 해외 관람객 수 추세에 대해 알려주세요,0,0,0,0
MI3_241030_TY1_0925_2_V02-3_1,제목 소제목 시각요소 제목 차트(원형)에 대해 알려주세요,0,0,0,0
MI3_241030_TY1_0949_2_V03_1,영양소 섭취 다이어그램에 대해 알려주세요,0,0,0,0
MI3_241030_TY1_0952_3_V02-4_1,결론 및 향후 전망에 대해 알려주세요,0,0,0,0
MI3_241030_TY1_0973_1_V02-1_2,2016년 5월 사내 복지 보고서 복지 프로그램 참여율 분석 차트(세로 막대형)에 대해 알려주세요,0,0,0,0
MI3_241030_TY1_0973_2_V02-1_1,차트(세로 막대형)에 대해 알려주세요,0,0,0,0
MI3_241030_TY1_0974_1_V01_1,산업재해 발생 건수 표에 대해 알려주세요,0,0,0,0
MI3_241030_TY1_0974_2_V01_2,봄철 안전 교육 표에 대해 알려주세요,0,0,0,0
MI3_241030_TY1_0975_2_V01_1,4. 통계 차트에 대해 알려주세요,0,0,0,0
MI3_241030_TY1_0996_1_V02-3_1,2016년 5월 한국 건강식품 시장 보고서에서 온도 상승에 따른 수분 제품의 영향과 관련된 차트(원형)에 대해 알려주세요,0,0,0,0
MI3_241030_TY1_1020_2_V01_2,지역별 소방시설 점검 결과 표에 대해 알려주세요,0,0,0,0
MI3_241030_TY1_1039_2_V03_1,급식 만족도 조사 다이어그램에 대해 알려주세요,0,0,0,0
MI3_241030_TY1_1065_2_V01_1,4. 통계 본문 표에 대해 알려주세요,0,0,0,0
MI3_241030_TY1_1100_1_V02-1_1,7월 출산 현황 분석 차트(세로 막대형)에 대해 알려주세요,0,0,0,0
MI3_241030_TY1_1100_2_V01_1,출산 휴가 및 복직 현황 표에 대해 알려주세요,0,0,0,0
MI3_241030_TY1_1113_3_V01_1,T01 T02 표 표에 대해 알려주세요,0,0,0,0
MI3_241030_TY1_1119_1_V03_1,2016년 8월 인터넷 속도 상세 분석 보고서 상세 분석 다이어그램에 대해 알려주세요,0,0,0,0
MI3_241030_TY1_1158_3_V01_2,T01 T02 표 주요 국가별 식품안전 관련 정책 변화에 대해 알려주세요,0,0,0,0
MI3_241030_TY1_1161_1_V01_1,출신 국가별 진학 현황 표에 대해 알려주세요,0,0,0,0
MI3_241030_TY1_1161_2_V01_1,T01 T02 T03 표에 대해 알려주세요,0,0,0,0
MI3_241030_TY1_1182_2_V03_1,현재 유아제품 시장의 트렌드 다이어그램에 대해 알려주세요.,0,0,0,0
MI3_241030_TY1_1204_1_V01_1,순위 책 제목 저자 출판사 출판 연도 권장 연령 장르 표에 대해 알려주세요,0,0,0,0
MI3_241030_TY1_1243_1_V02-1_1,겨울철 건강 프로그램 차트(세로 막대형)에 대해 알려주세요,0,0,0,0
MI3_241030_TY1_1243_2_V01_1,결론 및 향후 계획 겨울철 건강 관리 프 차트(세로 막대형)에 대해 알려주세요,0,0,0,0
MI3_241030_TY1_1306_1_V01_1,2016년 12월 한국 청소년의 학습 환경 변화 표에 대해 알려주세요,0,0,0,0
MI3_241030_TY1_1306_2_V01_1,2016년 12월 청소년의 정신 건강 상태에 대한 표 에 대해 알려주세요,0,0,0,0
MI3_241030_TY1_1346_2_V01_1,서울 드럼 페스티벌 기간 및 성과와 관련된 시각요소에 대해 알려주세요,0,0,0,0
MI3_241030_TY1_1360_2_V01_1,기온 마츠리 행사에 대한 표에 대해 알려주세요,0,0,0,0
MI3_241030_TY1_1368_2_V01_1,진주 남강 유등 축제의 주요 내용과 성과에 대한 차트(세로 막대형)에 대해 알려주세요,0,0,0,0
MI3_241030_TY1_1469_2_V01_1,주요 사업 영역에 대한 다이어그램 타입에 대해 알려주세요,0,0,0,0
MI3_241030_TY1_1469_3_V01_1,사업 구분 예산금액 표에 대해 알려주세요,0,0,0,0
MI3_241030_TY1_1494_2_V02-1_1,재창업에 영향을 미치는 요인 차트(세로 막대형)에 대해 알려주세요,0,0,0,0
MI3_241030_TY1_1503_1_V02-2_1,2017년 3월 통신장비 시장 보고서와 관련된 매출 분석 차트(가로 막대형)에 대해 알려주세요,0,0,0,0
MI3_241030_TY1_1507_3_V01_1,2017년 3월 한국 베이커리 시장 요약에 대한 표에 대해 알려주세요,0,0,0,0
MI3_241030_TY1_1543_2_V02-4_1,전기 소비 추세에 대한 그래프와 관련된 제목에 대해 알려주세요,0,0,0,0
MI3_241030_TY1_1559_2_V01_1,2017년 4월 유아 제품 순위표에 대해 알려주세요,0,0,0,0
MI3_241030_TY1_1625_1_V01_2,2017년 6월 산업재해 보고서 2. 2017년 6월 산업재해 주요 원인 분석 표에 대해 알려주세요,0,0,0,0
MI3_241030_TY1_1625_2_V01_1,2017년 6월 산업재해 예방 노력 및 성과에 대해 알려주세요,0,0,0,0
MI3_241030_TY1_1633_1_V03_1,2017년 6월 외국인 진학 관련 보고서 다이어그램에 대해 알려주세요,0,0,0,0
MI3_241030_TY1_1633_2_V01_1,대학 진학 비율에 대한 차트(세로 막대형)에 대해 알려주세요.,0,0,0,0
MI3_241030_TY1_1642_2_V01_1,지역 재정자립도 표에 대해 알려주세요,0,0,0,0
MI3_241030_TY1_1646_2_V01_1,영양소 권장 섭취량 표에 대해 알려주세요,0,0,0,0
MI3_241030_TY1_1647_1_V02-2_1,2017년 6월 통신장비 시장 보고서에서 매출 분석 차트(가로 막대형)에 대해 알려주세요,0,0,0,0
MI3_241030_TY1_1680_1_V01_1,대학 진학 및 대학원 진학 통계 표에 대해 알려주세요,0,0,0,0
MI3_241030_TY1_1680_2_V01_1,T01 T02 T03 표에 대해 알려주세요,0,0,0,0
MI3_241030_TY1_1690_1_V01_1,2017년 7월 청소년 교육 보고서 표에 대해 알려주세요,0,0,0,0
MI3_241030_TY1_1690_2_V01_1,2017년 7월 한국 청소년의 정신 건강 상태 표에 대해 알려주세요,0,0,0,0
MI3_241030_TY1_1708_2_V01_1,주요 사업 영역에 대한 차트(세로 막대형)에 대해 알려주세요,0,0,0,0
MI3_241030_TY1_1708_3_V03_1,해외시장진출 매출 성장 기술혁신 비용 절감 다이어그램에 대해 알려주세요,0,0,0,0
MI3_241030_TY1_1720_1_V03_1,2017년 8월 산업재해 보고서 서론 다이어그램에 대해 알려주세요,0,0,0,0
MI3_241030_TY1_1720_2_V03_1,보호 장비 착용 의무화 다이어그램에 대해 알려주세요,0,0,0,0
MI3_241030_TY1_1750_1_V02-2_1,2017년 8월 한국 커피 소비 현황 보고서 7월 대비 커피 소비 변화 가로 막대형 차트에 대해 알려주세요,0,0,0,0
MI3_241030_TY1_1766_1_V02-2_1,2017년 9월 사내 복지 보고서 복지 프로그램 참여율 분석 차트(가로 막대형)에 대해 알려주세요,0,0,0,0
MI3_241030_TY1_1768_2_V01_1,2017년 9월 소방시설 점검 항목별 결과 요약 표에 대해 알려주세요,0,0,0,0
MI3_241030_TY1_1771_3_V01_2,T01 T02 정책 변화 V01에 대해 알려주세요,0,0,0,0
MI3_241030_TY1_1777_1_V01_1,2017년 9월 인터넷 속도 상세 분석 보고서 주요 인터넷 속도 지표 표에 대해 알려주세요,0,0,0,0
MI3_241030_TY1_1788_1_V02-1_1,2017년 9월 통신장비 시장 보고서의 매출에 대한 차트(세로 막대형)에 대해 알려주세요,0,0,0,0
MI3_241030_TY1_1813_1_V02-1_2,2017년 10월 사내 복지 보고서 복지 프로그램 만족도 분석 세로 막대형 차트에 대해 알려주세요,0,0,0,0
MI3_241030_TY1_1819_1_V03_1,2017년 10월 아이들 베스트셀러 보고서 서론 다이어그램에 대해 알려주세요,0,0,0,0
MI3_241030_TY1_1851_1_V01_2,출산자 수 출산 휴가 사용 복직 예정 비율에 대해 알려주세요,0,0,0,0
MI3_241030_TY1_1927_2_V03_1,개선 전략 다이어그램에 대해 알려주세요,0,0,0,0
MI3_241030_TY1_1957_1_V01_1,2017년 교육결과보고서 2. 교육개요 개인정보 보호와 리스크 관리 교육에 대해 알려주세요,0,0,0,0
MI3_241030_TY1_1972_1_V01_1,2017년 모험 영화 속 용기와 도전: 주요 영화 목록과 관련된 시각적 요소에 대해 알려주세요,0,0,0,0
MI3_241030_TY1_1972_4_V02-2_1,결론 및 시사점차트(가로 막대형)에 대해 알려주세요,0,0,0,0
MI3_241030_TY1_1973_1_V01_1,2017년 모험 영화 속 팀워크와 리더십에 대한 표에 대해 알려주세요,0,0,0,0
MI3_241030_TY1_1973_4_V02-2_1,이 차트(가로 막대형)에 대해 알려주세요,0,0,0,0
MI3_241030_TY1_1975_2_V01_1,부산 국제 영화제 기간 및 장소에 대해 알려주세요,0,0,0,0
MI3_241030_TY1_1980_2_V01_1,안동 국제 탈춤 페스티벌 기간과 참가 인원 및 성과에 대해 알려주세요.,0,0,0,0
MI3_241030_TY1_1982_1_V01_1,2017년 애니메이션 영화 속 꿈과 도전에 대한 차트 내용에 대해 알려주세요,0,0,0,0
MI3_241030_TY1_1982_4_V02-2_1,결론 및 시사점 차트(가로 막대형)에 대해 알려주세요,0,0,0,0
MI3_241030_TY1_1993_1_V01_1,2017년 코미디 영화의 주요 특징과 표에 대해 알려주세요,0,0,0,0
MI3_241030_TY1_1993_4_V02-2_1,T01 T02 T03 차트(가로 막대형)에 대해 알려주세요,0,0,0,0
MI3_241030_TY1_2025_2_V01_1,재정자립도 표에 대해 알려주세요,0,0,0,0
MI3_241030_TY1_2025_3_V01_1,지자체 탄소 중립 목표 연도 표에 대해 알려주세요,0,0,0,0
MI3_241030_TY1_2079_2_V03_1,영양소 섭취 시각요소에 대해 알려주세요,0,0,0,0
MI3_241030_TY1_2138_1_V02-2_1,2018년 3월 한국 커피 소비 현황 보고서 2. 서론 음료 종류 소비 비율 변화 차트(가로 막대형)에 대해 알려주세요,0,0,0,0
MI3_241030_TY1_2169_1_V02-2_1,2.2 모바일 데이터 속도 차트(가로 막대형)에 대해 알려주세요,0,0,0,0
MI3_241030_TY1_2174_1_V02-1_1,2018년 4월 중학교 시설 유지보수 보고서에서학교 리노베이션 프로젝트 및 예산 활용 차트에 대해 알려주세요,0,0,0,0
MI3_241030_TY1_2176_1_V01_1,2018년 4월 청소년 교육 보고서 서론 표에 대해 알려주세요,0,0,0,0
MI3_241030_TY1_2176_2_V01_1,2018년 4월 한국 청소년의 정신 건강 상태 표에 대해 알려주세요,0,0,0,0
MI3_241030_TY1_2178_1_V03_1,2018년 4월 청장년 대출 현황 보고서 2. 대출 의존도를 줄이고 신용 불량 위험 성을 평가하기 위한 방안은 무엇인가? 다이어그램에 대해 알려주세요,0,0,0,0
MI3_241030_TY1_2178_2_V01_1,대출 상환 부담에 대한 차트(표)에 대해 알려주세요,0,0,0,0
MI3_241030_TY1_2179_2_V01_1,주요 영양소 섭취 현황에 대해 알려주세요,0,0,0,0
MI3_241030_TY1_2180_2_V01_1,매출 분석 차트에 대해 알려주세요,0,0,0,0
MI3_241030_TY1_2196_1_V01_1,4. 출산 휴가 및 복직 현황에 대해 알려주세요,0,0,0,0
MI3_241030_TY1_2196_2_V01_1,총 출산 휴가 사용 표에 대해 알려주세요,0,0,0,0
MI3_241030_TY1_2213_1_V01_1,[표 1. 연구 목표 및 가설] 표에 대해 알려주세요,0,0,0,0
MI3_241030_TY1_2213_2_V01_1,1.2 문헌 검토 및 자원 확보 관련 세부 내용 표에 대해 알려주세요,0,0,0,0
MI3_241030_TY1_2213_3_V02-2_1,[차트 1. 악성 앱 탐지율] 차트(가로 막대형)에 대해 알려주세요,0,0,0,0
MI3_241030_TY1_2219_1_V01_1,2018년 5월 인터넷 속도 상세 분석 보고서 1. 주요 인터넷 속도 지표 표에 대해 알려주세요,0,0,0,0
MI3_241030_TY1_2234_3_V01_1,가정의 달 테마 제품에 대해 알려주세요,0,0,0,0
MI3_241030_TY1_2249_2_V01_1,부서별 인력 배치 표에 대해 알려주세요,0,0,0,0
MI3_241030_TY1_2249_3_V01_1,2018년 6월은 매출 증가와 고객 만족도가 지속적으로 증가하는 긍정적인 달이었습니다.시각요소에 대해 알려주세요,0,0,0,0
MI3_241030_TY1_2274_2_V01_2,지자체 탄소 중립 목표 연도 주요 추진 전략 표에 대해 알려주세요,0,0,0,0
MI3_241030_TY1_2304_1_V01_1,2018년 7월 산업재해 발생 현황에 대해 알려주세요,0,0,0,0
MI3_241030_TY1_2304_2_V01_2,여름철 안전 교육 프로그램 성과 표에 대해 알려주세요,0,0,0,0
MI3_241030_TY1_2316_1_V02-1_1,2018년 7월 인사 보고서 부서별 연간 필요 산출 차트(세로 막대형)에 대해 알려주세요,0,0,0,0
MI3_241030_TY1_2316_2_V01_1,총 우수 보통 개선 표에 대해 알려주세요,0,0,0,0
MI3_241030_TY1_2340_1_V01_1,2018년 7월 해외 관람객 한국 인기 지역 순위 보고서 2. 해외 관람객 인기 지역 순위 (2018년 7월) 주요특징 인기 요인 표에 대해 알려주세요,0,0,0,0
MI3_241030_TY1_2364_1_V02-1_1,2018년 8월 인사 보고서 2. 부서별 연간 인원 필요 산출 차트(세로 막대형)에 대해 알려주세요,0,0,0,0
MI3_241030_TY1_2364_2_V02-2_1,실행 계획 및 채용 전략 차트(가로 막대형)에 대해 알려주세요,0,0,0,0
MI3_241030_TY1_2383_2_V01_1,제품명 카테고리 주요 특징 표에 대해 알려주세요,0,0,0,0
MI3_241030_TY1_2385_1_V02-4_1,발전 방향과 관련된 차트(꺾은선형)에 대해 알려주세요,0,0,0,0
MI3_241030_TY1_2386_1_V02-3_1,2018년 건강 지표와 관련된 시각요소(원형)에서 어떤 내용을 확인할 수 있나요?,0,0,0,0
MI3_241030_TY1_2389_2_V01_2,예산 계획 표에 대해 알려주세요,0,0,0,0
MI3_241030_TY1_2459_2_V02-2_1,합계 차트(가로 막대형)에 대해 알려주세요,0,0,0,0
MI3_241030_TY1_2464_2_V02-4_1,업종별 폐업 경향 및 차트(꺾은선형)에 대해 알려주세요,0,0,0,0
MI3_241030_TY1_2472_2_V01_1,주요 영양소 섭취 현황 차트에 대해 알려주세요,0,0,0,0
MI3_241030_TY1_2486_1_V02-4_1,2018년 10월 회사 사업수행계획서 1. 사업 개요 차트(꺾은선형)에 대해 알려주세요,0,0,0,0
MI3_241030_TY1_2486_2_V01_2,사업 구분 예산금액 주요 사용처 표에 대해 알려주세요,0,0,0,0
MI3_241030_TY1_2486_3_V03_1,전략 목표 달성 다이어그램에 대해 알려주세요,0,0,0,0
MI3_241030_TY1_2487_1_V02-1_1,2018년 10월 회사 소비 보고서 전체 소비 현황 세로 막대형 차트에 대해 알려주세요,0,0,0,0
MI3_241030_TY1_2487_2_V01_2,월별 소비 경향 표에 대해 알려주세요,0,0,0,0
MI3_241030_TY1_2502_1_V01_1,2018년 11월 아이들 베스트셀러 보고서 서론 순 책 제목 저자 출판사 출판 연도 권장 연령 장르 표에 대해 알려주세요,0,0,0,0
MI3_241030_TY1_2552_1_V02-1_1,2023년 8월 회사 소비 보고서의 주요 소비 항목 분석 차트(세로 막대형)에 대해 알려주세요,0,0,0,0
MI3_241030_TY1_2552_2_V02-2_1,3. 월별 소비 경향 차트(가로 막대형)에 대해 알려주세요,0,0,0,0
MI3_241030_TY1_2553_1_V01_1,2023년 8월 회사 유보금 관련 보고서 본론 유보금 항목별 배분 현황 표에 대해 알려주세요,0,0,0,0
MI3_241030_TY1_2554_1_V03_1,매출 성장 다이어그램에 대해 알려주세요,0,0,0,0
MI3_241030_TY1_2554_2_V01_2,3. 결론 및 향후 계획 표에 대해 알려주세요,0,0,0,0
MI3_241101_TY1_0014_2_V01_1,어촌 지역의 경우 재정 지원 없이 주요 사업을 추진하기 어려운 상황에 대해 알려주세요.,0,0,0,0
MI3_241101_TY1_0023_3_V01_1,2018년 11월 한국 베이커리 시장 요약 본문 표에 대해 알려주세요,0,0,0,0
MI3_241101_TY1_0039_2_V02-3_1,종합 대학 개선 전략에 대해 알려주세요,0,0,0,0
MI3_241101_TY1_0045_1_V02-4_1,2018년 12월 스마트폰 시장 보고서 2. 2018년 12월 글로벌 스마트폰 시장 주요 트렌드 꺾은선형 차트에 대해 알려주세요,0,0,0,0
MI3_241101_TY1_0045_2_V02-4_1,에 대한 리더십 프리미엄 스마트폰 시장 성장 확장 꺾은선형 차트에 대해 알려주세요,0,0,0,0
MI3_241101_TY1_0054_1_V02-4_1,2018년 유통업 주요 트렌드 꺾은선형 차트에 대해 알려주세요,0,0,0,0
MI3_241101_TY1_0080_2_V01_1,2018년 12월의 주요 사업 영역과 목표 매출에 대해 알려주세요,0,0,0,0
MI3_241101_TY1_0080_3_V01_1,"해외 진출 300억 원 현지 마케팅 캠페인과 관련된 매출 성장, 기술 혁신, 비용 절감에 대해 알려주세요",0,0,0,0
MI3_241101_TY1_0081_1_V02-1_1,2018년 12월 전체 소비 현황 차트(세로 막대형)에 대해 알려주세요,0,0,0,0
MI3_241101_TY1_0081_2_V01_2,월별 소비 경향에 대해 알려주세요,0,0,0,0
MI3_241101_TY1_0087_2_V01_1,강릉 커피 축제에 대한 표에 대해 알려주세요,0,0,0,0
MI3_241101_TY1_0092_1_V01_2,2018년 교육결과보고서 본문 표에 대해 알려주세요,0,0,0,0
MI3_241101_TY1_0096_1_V01_1,2018년 교육결과보고서 2. 교육개요 표에 대해 알려주세요,0,0,0,0
MI3_241101_TY1_0119_1_V03_1,역사적 사실과 허구의 평가 기준에 대한 다이어그램에 대해 알려주세요,0,0,0,0
MI3_241101_TY1_0119_2_V01_1,4. 주요 분석 결과에 대해 알려주세요,0,0,0,0
MI3_241101_TY1_0119_3_V02-2_1,제2차 세계대전 중 노르망디 상륙작전을 배경으로 한 영화와 결론 및 시사점 차트(가로 막대형)에 대해 알려주세요,0,0,0,0
MI3_241101_TY1_0123_2_V01_1,제주 들불 축제의 기본 정보와 관련된 표에 대해 알려주세요.,0,0,0,0
MI3_241101_TY1_0131_1_V03_1,2차전지 산업 성장 요인에 대해 알려주세요.,0,0,0,0
MI3_241101_TY1_0131_2_V03_1,차세대 배터리 기술 우선순위에 대한 시각적 요소에 대해 알려주세요,0,0,0,0
MI3_241101_TY1_0133_2_V01_2,조직도 및 인력 현황 표에 대해 알려주세요,0,0,0,0
MI3_241101_TY1_0133_3_V01_1,5.2 향후 전략 차트에 대해 알려주세요,0,0,0,0
MI3_241101_TY1_0146_1_V01_1,"제목: 연구 목표 및 가설, 소제목: AI 기반 사기 탐지 시스템의 성능 평가에 대한 표에 대해 알려주세요",0,0,0,0
MI3_241101_TY1_0146_2_V03_1,주요 성능 지표 데이터 예시에 대해 알려주세요,0,0,0,0
MI3_241101_TY1_0195_3_V01_2,2019년 2월 주요 국가별 식품안전 관련 정책 변화에 대해 알려주세요.,0,0,0,0
MI3_241101_TY1_0203_1_V02-1_1,2019년 2월 인사 보고서 2. 부서별 연간 인원 필요 산출 차트(세로 막대형)에 대해 알려주세요,0,0,0,0
MI3_241101_TY1_0203_2_V02-2_1,연간 인사 고과 평가와 관련된 연구개발 및 영업 부서의 개선 필요 인원에 대해 알려주세요,0,0,0,0
MI3_241101_TY1_0204_1_V01_1,2019년 2월 인터넷 속도 상세 분석 보고서의 지표 다이어그램에 대해 알려주세요.,0,0,0,0
MI3_241101_TY1_0211_1_V01_1,2019년 2월 청소년 교육 환경 변화 표에 대해 알려주세요,0,0,0,0
MI3_241101_TY1_0211_2_V01_1,2019년 2월 청소년 정신 건강 상태에 대한 표에 대해 알려주세요,0,0,0,0
MI3_241101_TY1_0219_2_V01_1,분류 세부 내용 계절 한정 메뉴에 대해 알려주세요,0,0,0,0
MI3_241101_TY1_0219_3_V01_1,건강 지향적 제품에 대한 차트(혼합형)에 대해 알려주세요,0,0,0,0
MI3_241101_TY1_0228_2_V02-2_1,3. 주요 통계와 결론을 바탕으로 차트에 대해 알려주세요,0,0,0,0
MI3_241101_TY1_0235_1_V01_1,"2019년 3월 전기차, 에너지 저장 시스템, 소비자 전자기기에 대한 표에 대해 알려주세요",0,0,0,0
MI3_241101_TY1_0235_3_V01_1,기술분야 주요 특징 기대 효과 차트에 대해 알려주세요,0,0,0,0
MI3_241101_TY1_0250_1_V01_1,연구 목표 표에 대해 알려주세요,0,0,0,0
MI3_241101_TY1_0250_2_V03_1,제목과 실험 절차 및 방법 확립에 대해 알려주세요,0,0,0,0
MI3_241101_TY1_0251_1_V03_1,2019년 3월 영화 관람객 수 분석 보고서의 다이어그램에 대해 알려주세요.,0,0,0,0
MI3_241101_TY1_0299_3_V01_1,4. 주요 사건 및 사례 표 1에 대해 알려주세요,0,0,0,0
MI3_241101_TY1_0315_1_V03_1,2019년 4월 청소년 교육 보고서의 다이어그램에 대해 알려주세요,0,0,0,0
MI3_241101_TY1_0315_2_V03_1,정신 건강 관련 다이어그램에 대해 알려주세요,0,0,0,0
MI3_241101_TY1_0317_2_V03_1,청장년 대출 현황에 대한 다이어그램에 대해 알려주세요,0,0,0,0
MI3_241101_TY1_0317_3_V01_1,"제목에 따르면 연령대 평균 대출 금액과 월 상환액, 이자율 및 상환 부담 비율에 대해 알려주세요.",0,0,0,0
MI3_241101_TY1_0323_2_V03_1,"블루베리 타르트와 비건 도넛, 민트 초콜릿 앙버터빵에 대한 다이어그램에 대해 알려주세요.",0,0,0,0
MI3_241101_TY1_0334_1_V02-1_1,2019년 4월 회사 소비 보고서 1. 주요 소비 항목 분석 차트(세로 막대형)에 대해 알려주세요,0,0,0,0
MI3_241101_TY1_0334_2_V01_2,부서별 지출 내역에 대한 부서 지출 금액 차트에 대해 알려주세요,0,0,0,0
MI3_241101_TY1_0350_2_V02-3_1,제목 건강식품 및 유기 음료 및 간식 차트(원형)에 대해 알려주세요,0,0,0,0
MI3_241101_TY1_0351_3_V01_2,4.2 미국의 육류 미생물 오염 사건 표 2. 2019년 5월 주요 국가별 식품안전 관련 정책 변화에 대해 알려주세요,0,0,0,0
MI3_241101_TY1_0384_2_V02-4_1,3. 주요 통계에 대해 알려주세요,0,0,0,0
MI3_241101_TY1_0400_2_V01_2,4. 통계 지역별 소방시설 점검 결과 표에 대해 알려주세요,0,0,0,0
MI3_241101_TY1_0418_2_V03_1,경제 활성화 다이어그램에 대해 알려주세요,0,0,0,0
MI3_241101_TY1_0428_1_V01_1,2019년 6월 한국 신발 매출 순위 보고서의 주요 브랜드별 매출 차트에 대해 알려주세요,0,0,0,0
MI3_241101_TY1_0428_2_V02-4_1,제목에 대해 운동화 및 스니커즈 시장의 추세를 보여주는 꺾은선형 그래프에 대해 알려주세요,0,0,0,0
MI3_241101_TY1_0429_2_V02-3_1,친환경 및 공유 모빌리티와 변화하는 소비 패턴에 대해 알려주세요,0,0,0,0
MI3_241101_TY1_0446_1_V02-3_1,2019년 7월 대학교 위생보건 보고서 캠퍼스 위생 및 건강 증진 차트(원형)에 대해 알려주세요,0,0,0,0
MI3_241101_TY1_0451_1_V03_1,2019년 구월: 대한민국의 산업재해 분석과 관련하여 다이어그램에 대해 알려주세요,0,0,0,0
MI3_241101_TY1_0451_2_V01_1,2019년 7월 산업재해 주요 원인 분석 본문 표에 대해 알려주세요,0,0,0,0
MI3_241101_TY1_0461_2_V02-2_1,2.1 국가별 이용 현황과 3. 정책 개선 필요성에 대한 차트(가로 막대형)에 대해 알려주세요,0,0,0,0
MI3_241101_TY1_0461_3_V01_1,외국인 환자를 위한 의료 접근성 개선에 대해 알려주세요,0,0,0,0
MI3_241101_TY1_0479_2_V03_1,여름철 디저트 트렌드에 대해 알려주세요,0,0,0,0
MI3_241101_TY1_0479_3_V01_1,이 문서에서 다루고 있는 제목과 관련된 저칼로리 및 비건 제품에 대한 차트(표) 타입에 대해 알려주세요.,0,0,0,0
MI3_241101_TY1_0487_1_V01_1,2019년 7월 해외 관람객 한국 인기 지역 순위 보고서에 대해 알려주세요,0,0,0,0
MI3_241101_TY1_0497_2_V01_1,부서별 인력 배치 차트에 대해 알려주세요,0,0,0,0
MI3_241101_TY1_0497_3_V01_1,5.2 향후 전략에 대해 알려주세요,0,0,0,0
MI3_241101_TY1_0505_2_V02-4_1,제조사별 시장 점유율 분석기술 발전 스마트폰 시장 리더십에 대해 알려주세요,0,0,0,0
MI3_241101_TY1_0505_3_V02-4_1,5G 기술 차트(꺾은선형)에 대해 알려주세요,0,0,0,0
MI3_241101_TY1_0508_1_V01_1,2019년 8월 베스트셀러 목록 차트에 대해 알려주세요,0,0,0,0
MI3_241101_TY1_0512_1_V01_1,2019년 8월 외국인 진학 관련 보고서 출신 국가별 진학 현황 차트(표)에 대해 알려주세요,0,0,0,0
MI3_241101_TY1_0512_2_V01_1,몽골 출신 학생들의 대학 진학 비율과 전공 현황에 대해 알려주세요.,0,0,0,0
MI3_241101_TY1_0526_2_V03_1,4. 주요 영양소 섭취 현황 다이어그램에 대해 알려주세요,0,0,0,0
MI3_241101_TY1_0543_1_V01_1,2019년 8월 회사 유보금 관련 보고서 본문 표에 대해 알려주세요,0,0,0,0
MI3_241101_TY1_0544_1_V02-1_1,2019년 8월 회사 출산 및 휴가 보고서에 대해 알려주세요,0,0,0,0
MI3_241101_TY1_0562_1_V03_1,연구 목표 및 가설 다이어그램에 대해 알려주세요,0,0,0,0
MI3_241101_TY1_0562_2_V03_1,대조군 및 실험군 선정 다이어그램에 대해 알려주세요,0,0,0,0
MI3_241101_TY1_0562_3_V01_1,본 연구의 최종결론 및 권장 사항에 대해 알려주세요,0,0,0,0
MI3_241101_TY1_0596_1_V01_1,2019년 9월 회사 출산 및 휴가 보고서에 대해 알려주세요,0,0,0,0
MI3_241101_TY1_0613_2_V02-2_1,보안 강화 주요 통계 차트(가로 막대형)에 대해 알려주세요,0,0,0,0
MI3_241101_TY1_0615_1_V03_1,2019년 10월 시장 분석의 다이어그램에 대해 알려주세요.,0,0,0,0
MI3_241101_TY1_0626_2_V01_1,1.2 재정 운영에 대한 차트(다이어그램)에 대해 알려주세요,0,0,0,0
MI3_241101_TY1_0627_1_V01_1,2019년 10월 청소년 교육 보고서의 표 1. 2019년 10월 한국 청소년의 학습 환경 변화에 대해 알려주세요,0,0,0,0
MI3_241101_TY1_0627_2_V01_1,1.2. 학업 성취도와 스트레스 표에 대해 알려주세요,0,0,0,0
MI3_241101_TY1_0635_2_V03_1,가을철 베이커리 시장 트렌드와 관련된 본문에 대해 알려주세요,0,0,0,0
MI3_241101_TY1_0635_3_V01_1,제목에 포함된 내용과 관련하여 프리미엄 소비자 반응 메뉴에 대한 차트에 대해 알려주세요,0,0,0,0
MI3_241101_TY1_0638_2_V01_1,10월 유아 제품 순위표에 대해 알려주세요,0,0,0,0
MI3_241101_TY1_0687_2_V03_1,제목에 대한 겨울철 제철 재료를 활용한 따뜻한 디저트 다이어그램에 대해 알려주세요,0,0,0,0
MI3_241101_TY1_0687_3_V01_1,겨울철 따뜻한 디저트에 대한 수요 및 프리미엄 음료와 관련된 표에 대해 알려주세요,0,0,0,0
MI3_241101_TY1_0698_1_V02-1_1,2019년 11월 회사 소비 보고서 1. 주요 소비 항목 분석 차트(세로 막대형)에 대해 알려주세요,0,0,0,0
MI3_241101_TY1_0698_2_V01_1,월별 소비 경향에 대한 금액 및 변동사항에 대해 알려주세요.,0,0,0,0
MI3_241101_TY1_0699_1_V03_1,2019년 11월 회사 유보금 관련 보고서 유보금의 재무 안정성에서의 역할 다이어그램에 대해 알려주세요,0,0,0,0
MI3_241101_TY1_0702_2_V02-3_1,4. 문구류 수입 품목별 비율 차트(원형)에 대해 알려주세요,0,0,0,0
MI3_241101_TY1_0705_2_V01_1,4. 조직도 및 인력 현황에 대한 내용의 표에 대해 알려주세요,0,0,0,0
MI3_241101_TY1_0705_3_V01_1,고객 만족도 강화 차트에 대해 알려주세요,0,0,0,0
MI3_241101_TY1_0717_1_V03_1,2019년 12월 연구 보고서 연구 주제: 자율주행 차량을 위한 센서 융합 시스템 성능 평가 다이어그램에 대해 알려주세요,0,0,0,0
MI3_241101_TY1_0717_2_V01_1,본 연구의 성과와 관련된 데이터 예시를 통해 이 지표에 대해 알려주세요.,0,0,0,0
MI3_241101_TY1_0717_3_V03_1,4. 결론 및 보고서 작성 표 5에 대해 알려주세요,0,0,0,0
MI3_241101_TY1_0723_1_V02-2_1,2019년 12월의 고정 브로드밴드 속도 성능과 차트에 대해 알려주세요,0,0,0,0
MI3_241101_TY1_0750_1_V01_1,2019년 12월 회사 유보금 관련 보고서 본문 표에 대해 알려주세요,0,0,0,0
MI3_241101_TY1_0756_2_V01_1,"강릉 단오제의 기간과 장소, 참가 인원 및 주요 행사에 대해 알려주세요.",0,0,0,0
MI3_241101_TY1_0765_1_V01_1,담 당 부서장 본부장 대표이사와 관련된 표에 대해 알려주세요.,0,0,0,0
MI3_241101_TY1_0778_1_V01_1,2019년 범죄 영화 속 정의와 복수에 대한 표에 대해 알려주세요,0,0,0,0
MI3_241101_TY1_0787_1_V01_1,2019년 애니메이션 영화 속 상상력과 교훈에 대한 표에 대해 알려주세요,0,0,0,0
MI3_241101_TY1_0801_1_V01_1,2019년 한국 간편대용식 인기 순위 보고서에서 제시된 주요 브랜드의 특징과 카테고리 선호도에 대해 알려주세요,0,0,0,0
MI3_241101_TY1_0805_1_V01_1,2019년 한국 게임 콘솔 인기 순위 보고서 본론 차트(세로 막대형)에 대해 알려주세요,0,0,0,0
MI3_241101_TY1_0807_1_V01_1,2019년 한국 과자 인기 순위 보고서 본론 차트에 대해 알려주세요,0,0,0,0
MI3_241101_TY1_0810_1_V01_1,2019년 한국 네일 제품 인기 순위 보고서 본론 차트(세로 막대형)에 대해 알려주세요,0,0,0,0
MI3_241101_TY1_0830_1_V01_1,2019년 한국 스마트 냉장고 인기 순위 보고서 본론 차트에 대해 알려주세요,0,0,0,0
MI3_241101_TY1_0835_1_V01_1,2019년 한국 스킨케어 제품 소비자 주요 브랜드의 특징과 선호도에 대해 알려주세요.,0,0,0,0
MI3_241101_TY1_0872_2_V02-2_1,주요 통계 결론 차트(가로 막대형)에 대해 알려주세요,0,0,0,0
MI3_241101_TY1_0888_2_V01_1,2.1 대출 금액 변화 분석 차트에 대해 알려주세요,0,0,0,0
MI3_241101_TY1_0890_2_V02-1_1,리하는 데 중요한 역할을 하고 있습니다. · 네트워크 보안 강화에 대해 알려주세요,0,0,0,0
MI3_241101_TY1_0905_2_V01_1,목표 매출 및 주요 사업 구분에 대한 다이어그램에 대해 알려주세요,0,0,0,0
MI3_241101_TY1_0905_3_V03_1,핵심 목표에 대해 알려주세요,0,0,0,0
MI3_241101_TY1_0906_1_V01_1,2020년 1월 부서별 지출 내역에 대해 알려주세요,0,0,0,0
MI3_241101_TY1_0906_2_V01_2,소비 항목 분석에 대해 알려주세요,0,0,0,0
MI3_241101_TY1_0907_1_V01_1,2020년 1월 회사 유보금 관련 보고서 본문 표에 대해 알려주세요,0,0,0,0
MI3_241101_TY1_0918_2_V03_1,3. 주요 결과 요약에 대해 알려주세요,0,0,0,0
MI3_241101_TY1_0946_2_V03_1,"발효빵과 롤케이크, 유자 호두과자에 대한 다이어그램에 대해 알려주세요",0,0,0,0
MI3_241101_TY1_0958_1_V01_1,2020년 2월 회사 유보금 관련 보고서 본론 표에 대해 알려주세요,0,0,0,0
MI3_241101_TY1_0973_1_V02-2_1,2020년 3월 베스트셀러 책 판매 수에 대한 차트(가로 막대형)에 대해 알려주세요,0,0,0,0
MI3_241101_TY1_1040_2_V01_2,대출 금액 변화 분석 및 대출 유형별 비중 표에 대해 알려주세요,0,0,0,0
MI3_241101_TY1_1058_1_V02-1_1,2020년 4월 회사 소비 보고서 1. 주요 소비 항목 분석 차트(세로 막대형)에 대해 알려주세요,0,0,0,0
MI3_241101_TY1_1058_2_V01_2,3. 부서별 지출 내역에 대해 알려주세요,0,0,0,0
MI3_241101_TY1_1069_2_V01_1,4. 통계 표에 대해 알려주세요,0,0,0,0
MI3_241101_TY1_1078_1_V03_1,외국인 한국 의료보험 이용 보고서 1 외국인환자 양질의의료서에 대해 알려주세요,0,0,0,0
MI3_241101_TY1_1078_2_V02-8_1,2.1 세부 이용 현황과 정책 개선 필요성에 대해 알려주세요,0,0,0,0
MI3_241101_TY1_1100_2_V01_1,유아 제품 순위표에 대해 알려주세요,0,0,0,0
MI3_241101_TY1_1122_1_V03_1,고정 브로드밴드 속도에 대해 알려주세요,0,0,0,0
MI3_241101_TY1_1144_1_V02-2_1,2020년 6월 한국인의 비만율에 대해 알려주세요,0,0,0,0
MI3_241101_TY1_1149_1_V02-1_1,2020년 6월 주요 소비 항목 분석 차트(세로 막대형)에 대해 알려주세요,0,0,0,0
MI3_241101_TY1_1149_2_V01_1,월별 소비 경향에 따른 소비 금액에 대해 알려주세요,0,0,0,0
MI3_241101_TY1_1200_1_V01_1,2020년 7월 회사 유보금 관련 보고서 본문 표에 대해 알려주세요,0,0,0,0
MI3_241101_TY1_1230_2_V01_2,2.2 경제 지원 정책에 대해 알려주세요,0,0,0,0
MI3_241101_TY1_1244_1_V02-2_1,2020년 8월 한국 커피 소비 현황 보고서 7월 대비 커피 소비 변화 차트(가로 막대형)에 대해 알려주세요,0,0,0,0
MI3_241101_TY1_1249_2_V02-4_1,2.2 온라인 교육 및 홈 엔터테인먼트의 중요성 주요 통계 차트(꺾은선형)에 대해 알려주세요,0,0,0,0
MI3_241101_TY1_1252_1_V01_1,2020년 8월 회사 유보금 관련 보고서 A기업 유보금 현황 차트(세로 막대형)에 대해 알려주세요,0,0,0,0
MI3_241101_TY1_1271_1_V03_1,2020년 9월 외국인 진학 관련 보고서 국제학생 다이어그램에 대해 알려주세요,0,0,0,0
MI3_241101_TY1_1271_2_V01_1,대학 진학 인 대학교 및 대학원 진학 비율과 관련된 차트에 대해 알려주세요,0,0,0,0
MI3_241101_TY1_1274_1_V02-1_1,2020년 9월 인사 보고서 2. 부서별 연간 인원 필요 산출 차트(가로 막대형)에 대해 알려주세요,0,0,0,0
MI3_241101_TY1_1274_2_V02-2_1,실행 계획 및 채용 전략에 대해 알려주세요,0,0,0,0
MI3_241101_TY1_1281_2_V01_1,2020년 9월 주요 정책 변화에 대한 차트(표) 타입에 대해 알려주세요,0,0,0,0
MI3_241101_TY1_1299_2_V02-4_1,온라인 플랫폼의 성장 주요 통계 꺾은선형에 대해 알려주세요,0,0,0,0
MI3_241101_TY1_1300_2_V03_1,사업 전략 수행 시점과 관련된 다이어그램에 대해 알려주세요,0,0,0,0
MI3_241101_TY1_1300_3_V03_1,결론 결론 다이어그램에 대해 알려주세요,0,0,0,0
MI3_241101_TY1_1302_1_V01_1,2020년 9월 회사 유보금 관련 보고서 본론 2020년 주요 기업의 유보금 현황 표에 대해 알려주세요,0,0,0,0
MI3_241101_TY1_1312_2_V03_1,주요 결과 요약 및 다이어그램에 대해 알려주세요.,0,0,0,0
MI3_241101_TY1_1317_1_V01_1,2020년 10월 베스트셀러 목록과 판매량에 대해 알려주세요,0,0,0,0
MI3_241101_TY1_1322_2_V03_1,제목에 따른 다이어그램에 대해 알려주세요,0,0,0,0
MI3_241101_TY1_1322_3_V01_1,한국에서 외국인 환자를 위한 의료 접근성 향상과 관련된 장정 VS 단점 오피오 더 나은 정보 시 신뢰증가 스템필요 안정적인 보험에 대해 알려주세요,0,0,0,0
MI3_241101_TY1_1391_2_V03_2,"제목과 소제목, 다이어그램에 대해 알려주세요",0,0,0,0
MI3_241101_TY1_1394_2_V01_1,유아 장난감 시장 2020년 11월 유아 제품 순위표에 대해 알려주세요,0,0,0,0
MI3_241101_TY1_1411_1_V01_1,2020년 12월 산업재해 주요 원인 분석 표에 대해 알려주세요,0,0,0,0
MI3_241101_TY1_1411_2_V01_1,2020년 12월 산업재해 예방 노력 및 성과 차트(표)에 대해 알려주세요,0,0,0,0
MI3_241101_TY1_1428_2_V02-2_1,년도 2022 2023 소비량 (TWh) 산업용 전기 소비 증가에 대해 알려주세요,0,0,0,0
MI3_241101_TY1_1431_2_V01_2,2020년 12월 주요 정책 변화에 대해 알려주세요,0,0,0,0
MI3_241101_TY1_1451_1_V02-1_1,2020년 12월 회사 소비 보고서 1. 주요 소비 항목 분석 차트(세로 막대형)에 대해 알려주세요,0,0,0,0
MI3_241101_TY1_1451_2_V01_1,2. 월별 소비 경향에 대한 금액 및 비율 차트를 알려주세요.,0,0,0,0
MI3_241101_TY1_1455_1_V03_1,기술과 인간성의 평가 기준: 다이어그램에 대해 알려주세요,0,0,0,0
MI3_241101_TY1_1455_2_V03_1,기술과 인간성의 비교 영화 다이어그램에 대해 알려주세요,0,0,0,0
MI3_241101_TY1_1471_2_V01_1,경주 세계 문화 엑스포의 주요 세부 내용과 표에 대해 알려주세요,0,0,0,0
MI3_241101_TY1_1474_1_V01_1,2020년 공포 영화 속 인간의 두려움과 생존에 대해 알려주세요,0,0,0,0
MI3_241101_TY1_1503_2_V01_1,양양 송이 축제의 주요 내용과 성과에 대해 알려주세요,0,0,0,0
MI3_241101_TY1_1508_2_V01_1,자동차 산업 기술에 대해 알려주세요,0,0,0,0
MI3_241101_TY1_1511_2_V01_1,제조 산업 기술에 대한 기술 주요 특징 적용 분야 차트(세로 막대형)에 대해 알려주세요,0,0,0,0
MI3_241101_TY1_1515_2_V01_1,진주 남강 유등 축제와 관련된 항목 세부 내용 표에 대해 알려주세요,0,0,0,0
MI3_241101_TY1_1520_1_V01_1,2020년 판타지 영화 속 세계관과 상징의 다이어그램에 대해 알려주세요,0,0,0,0
MI3_241101_TY1_1602_1_V03_1,2021년 2월 인터넷 속도 상세 분석 보고서에 대한 다이어그램에 대해 알려주세요.,0,0,0,0
MI3_241101_TY1_1648_1_V01_1,2021년 3월 아이들 베스트셀러 보고서 서론 출판 권장 순위 책 제목 저자 출판사 장르 연도 연령 표에 대해 알려주세요,0,0,0,0
MI3_241101_TY1_1692_2_V01_1,부서별 인력 배치에 대해 알려주세요,0,0,0,0
MI3_241101_TY1_1712_1_V02-2_1,일본 문화 보고서의 주요 문화 트렌드와 경제적 영향에 대한 차트(가로 막대형)에 대해 알려주세요,0,0,0,0
MI3_241101_TY1_1712_2_V02-3_1,일본 주요 문화 이벤트 참가자 분포 원형 차트에 대해 알려주세요,0,0,0,0
MI3_241101_TY1_1718_1_V01_1,2021년 4월 청소년 교육 보고서의 표 2021년 4월 한국 청소년의 학습 환경 변화에 대해 알려주세요,0,0,0,0
MI3_241101_TY1_1718_2_V01_1,"학업 성취도와 스트레스, 2021년 4월 청소년 정신 건강 상태의 변화율에 대해 알려주세요.",0,0,0,0
MI3_241101_TY1_1721_2_V01_1,급식 만족도 조사 결론 본문 차트에 대해 알려주세요,0,0,0,0
MI3_241101_TY1_1747_2_V01_1,부서별 성과 및 향후 계획 본문 표에 대해 알려주세요,0,0,0,0
MI3_241101_TY1_1747_3_V01_1,의 5. 결론 및 향후 전략에 대해 알려주세요,0,0,0,0
MI3_241101_TY1_1801_2_V03_1,부서별 성과 및 향후 계획 차트에 대해 알려주세요,0,0,0,0
MI3_241101_TY1_1801_3_V01_1,5.2 향후 전략 본문 차트에 대해 알려주세요,0,0,0,0
MI3_241101_TY1_1816_1_V03_1,2021년 6월 외국인 진학 관련 보고서 학문 경향 국제 학생 정책 개선 다이어그램에 대해 알려주세요,0,0,0,0
MI3_241101_TY1_1816_2_V01_1,3. 전공 분야별 진학 현황 표에 대해 알려주세요,0,0,0,0
MI3_241101_TY1_1829_1_V01_1,2021년 6월 청장년 대출 현황 보고서 2. 대출 금액 변화 분석 표에 대해 알려주세요,0,0,0,0
MI3_241101_TY1_1829_2_V01_1,2.2 대출 유형별 비중 본문 표에 대해 알려주세요,0,0,0,0
MI3_241101_TY1_1859_2_V01_1,3. 주요 결과 요약 본문 표에 대해 알려주세요,0,0,0,0
MI3_241101_TY1_1880_2_V03_1,한국의 지역 재활성화 전략 다이어그램에 대해 알려주세요,0,0,0,0
MI3_241101_TY1_1880_3_V01_1,2.2 탄소 중립 및 친환경 정책 본문 표에 대해 알려주세요,0,0,0,0
MI3_241101_TY1_1907_4_V01_1,패션 트렌드 주요 요소 비중 (%) 차트에 대해 알려주세요,0,0,0,0
MI3_241101_TY1_1917_3_V01_2,6. 표 본문 차트에 대해 알려주세요,0,0,0,0
MI3_241101_TY1_1927_1_V01_1,2021년 8월 인사 보고서 부서별 연간 인원 필요 산출 차트(세로 막대형)에 대해 알려주세요,0,0,0,0
MI3_241101_TY1_1927_2_V01_1,연간 인사 고과 평가와 총 우수 보통 개선 부서명 인 평가에 대해 알려주세요,0,0,0,0
MI3_241101_TY1_1944_1_V01_1,2021년 8월 한국 문구류 수입 보고서 주요 수입 국가 차트(세로 막대형)에 대해 알려주세요,0,0,0,0
MI3_241101_TY1_1944_2_V02-3_1,4. 문구류 수입 품목별 비율에 대해 알려주세요,0,0,0,0
MI3_241101_TY1_1985_2_V02-4_1,에너지소비 증가 꺾은선형에 대해 알려주세요,0,0,0,0
MI3_241101_TY1_1998_2_V02-3_1,4. 문구류 수입 품목별 비율 차트(원형)에 대해 알려주세요,0,0,0,0
MI3_241101_TY1_2002_2_V01_1,2021년 9월 유아 제품 순위표 차트에 대해 알려주세요,0,0,0,0
MI3_241101_TY1_2006_1_V01_1,2021년 9월 해외 관람객 한국 인기 지역 순위 보고서에 대해 알려주세요,0,0,0,0
MI3_241101_TY1_2008_2_V03_1,성과 분석 및 고객 서비스 개선에 대해 알려주세요,0,0,0,0
MI3_241101_TY1_2008_3_V01_1,사업 구분 예산금액 주요 사용처에 대해 알려주세요,0,0,0,0
MI3_241101_TY1_2010_1_V01_1,2021년 9월 회사 유보금 관련 보고서 본문 표에 대해 알려주세요,0,0,0,0
MI3_241101_TY1_2024_3_V02-3_1,제철 식재료 트렌드에 대해 알려주세요.,0,0,0,0
MI3_241101_TY1_2026_2_V03_1,학대 피해 아동의 연령및성별분포 다이어그램에 대해 알려주세요,0,0,0,0
MI3_241101_TY1_2030_1_V01_1,2021년 10월 연구 보고서 본문 표에 대해 알려주세요,0,0,0,0
MI3_241101_TY1_2030_2_V01_2,대조군 및 실험군 선정 차트에 대해 알려주세요,0,0,0,0
MI3_241101_TY1_2030_3_V01_1,최종결론 및 권장 사항 A 기반 수요 예측 모델에 대해 알려주세요,0,0,0,0
MI3_241101_TY1_2048_1_V01_1,2021년도 10월 퇴사인원 보고서의 본문과 관련하여 이 표에 대해 알려주세요,0,0,0,0
MI3_241101_TY1_2048_2_V01_2,근속 기간에 따른 퇴사 사유 분석 차트(가로 막대형)에 대해 알려주세요,0,0,0,0
MI3_241101_TY1_2048_3_V01_1,개발부에서는 1명의 퇴사자가 발생한 이유와 영업부 및 인사부의 퇴사 원인에 대한 차트(세로 막대형)에 대해 알려주세요,0,0,0,0
MI3_241101_TY1_2048_4_V01_1,신입사원 적응 지원 프로그램과 경력 개발 방안에 대해 알려주세요,0,0,0,0
MI3_241101_TY1_2060_1_V01_1,2021년 10월 해외 관람객 한국 인기 지역 순위 보고서에 대해 알려주세요,0,0,0,0
MI3_241101_TY1_2087_2_V03_1,의료 교육과 정책 개선 필요성에 대한 다이어그램에 대해 알려주세요,0,0,0,0
MI3_241101_TY1_2114_1_V03_1,2021년 11월 해외 관람객 한국 인기 지역 순위 보고서에 대해 알려주세요,0,0,0,0
MI3_241101_TY1_2134_2_V03_1,아동학대 피해자 프로필 다이어그램에 대해 알려주세요,0,0,0,0
MI3_241101_TY1_2135_1_V01_1,2021년 12월 베스트셀러 목록 표에 대해 알려주세요,0,0,0,0
MI3_241101_TY1_2155_2_V02-1_1,2021년 12월 기준 통신장비 시장의 매출 차트에 대해 알려주세요,0,0,0,0
MI3_241101_TY1_2168_1_V01_1,2021년 12월 해외 관람객 한국 인기 지역 순위 보고서 2. 해외 관람객 인기 지역 순위에 대해 알려주세요,0,0,0,0
MI3_241101_TY1_2197_2_V01_1,제목에 관련된 기술 주요 특징 및 적용 분야 차트에 대해 알려주세요,0,0,0,0
MI3_241101_TY1_2210_2_V01_1,부산 불꽃 축제에 대한 표에 대해 알려주세요,0,0,0,0
MI3_241101_TY1_2220_2_V01_1,스마트 도시 기술에 대한 표에 대해 알려주세요,0,0,0,0
MI3_241101_TY1_2223_2_V01_1,기술 주요 특징 적용 분야 선수의 실시간 신체 데이터를 측정해 경기력 개선에 대한 차트(세로 막대형)에 대해 알려주세요,0,0,0,0
MI3_241101_TY1_2230_2_V01_1,여행 산업의 기술 주요 특징 적용 분야에 대해 알려주세요.,0,0,0,0
MI3_241101_TY1_2243_1_V03_1,2021년 영화 속 인류와 환경: 다이어그램에 대해 알려주세요,0,0,0,0
MI3_241101_TY1_2243_3_V01_1,영화 속 인류와 환경에 대한 경고의 강도를 비교한 차트에 대해 알려주세요.,0,0,0,0
MI3_241101_TY1_2251_2_V01_1,인천 펜타포트 락 페스티벌에 대한 표에 대해 알려주세요,0,0,0,0
MI3_241101_TY1_2259_2_V01_1,2. 분석 대상 클라우드 컴퓨팅 기술에 대해 알려주세요,0,0,0,0
MI3_241101_TY1_2268_1_V01_1,2021년 한국 무선 이어폰 인기 순위 보고서 본론 표에 대해 알려주세요,0,0,0,0
MI3_241101_TY1_2269_1_V01_1,2021년 한국 무선 청소기 인기 순위 보고서 본론 표에 대해 알려주세요,0,0,0,0
MI3_241101_TY1_2270_1_V01_1,2021년 한국 블렌더 인기 순위 보고서 본론 차트에 대해 알려주세요,0,0,0,0
MI3_241101_TY1_2271_1_V01_1,2021년 한국 블루투스 스피커 인기 순위 보고서 본론 차트(세로 막대형)에 대해 알려주세요,0,0,0,0
MI3_241101_TY1_2292_1_V01_1,2021년 한국 태블릿 인기 순위 보고서 본론 차트에 대해 알려주세요,0,0,0,0
MI3_241101_TY1_2292_2_V02-3_1,2021년 한국 태블릿 시장에 대한 차트(원형)에 대해 알려주세요,0,0,0,0
MI3_241101_TY1_2331_1_V01_1,2022년 1월 청장년 대출 현황 보고서 표에 대해 알려주세요,0,0,0,0
MI3_241101_TY1_2331_2_V02-3_1,대출 유형별 비중과 청장년 대출 비율 차트에 대해 알려주세요,0,0,0,0
MI3_241101_TY1_2342_2_V03_1,안전성 중심 유아제품 시장에 대해 알려주세요,0,0,0,0
MI3_241101_TY1_2364_1_V02-1_1,2022년 2월 수출 보고서 2. 수출 데이터 요약 차트(세로 막대형)에 대해 알려주세요,0,0,0,0
MI3_241101_TY1_2364_2_V01_1,주요 수출 시장 및 품목 분석 차트에 대해 알려주세요,0,0,0,0
MI3_241101_TY1_2364_4_V02-3_1,주요 제품군 성과 표 차트(원형)에 대해 알려주세요,0,0,0,0
MI3_241101_TY1_2364_5_V02-1_1,향후 계획 및 예상 성장률에 대한 예상 수출액과 성장률 차트(세로 막대형)에 대해 알려주세요.,0,0,0,0
MI3_241101_TY1_2389_2_V03_1,KCAL 과잉섭취 건강 영향 결핍 영향에 대한 다이어그램에 대해 알려주세요,0,0,0,0
MI3_241101_TY1_2395_1_V01_1,2022년 2월 한국 문구류 수입 보고서의 프리미엄 필기구 및 신학기 대비 학습용 친환경 문구류 소비자 선호 변화에 대해 알려주세요,0,0,0,0
MI3_241101_TY1_2395_2_V02-3_1,4. 문구류 수입 품목별 비율에 대해 알려주세요.,0,0,0,0
MI3_241101_TY1_2399_2_V03_1,결론 다이어그램에 대해 알려주세요,0,0,0,0
MI3_241101_TY1_2407_1_V02-1_1,2022년 2월 소비 항목별 지출 분석 차트(세로 막대형)에 대해 알려주세요,0,0,0,0
MI3_241101_TY1_2407_2_V01_2,주차별 소비 경향에 대해 알려주세요,0,0,0,0
MI3_241101_TY1_2410_1_V02-3_3,2022년 2월 출산 현황 개요에 대해 알려주세요,0,0,0,0
MI3_241101_TY1_2415_2_V03_1,성과요약 향후 계획 마케팅에 대해 알려주세요,0,0,0,0
MI3_241101_TY1_2415_3_V01_1,주요 성과 표에 대해 알려주세요,0,0,0,0
MI3_241101_TY1_2419_1_V02-4_1,2022년 3월 안전 관리 예방활동의 개선 방안에 대해 알려주세요,0,0,0,0
MI3_241101_TY1_2419_2_V03_1,4. 향후 대응 방안 다이어그램에 대해 알려주세요,0,0,0,0
MI3_241101_TY1_2425_2_V01_1,3. 아동학대 유형별 발생 통계에 대해 알려주세요,0,0,0,0
MI3_241101_TY1_2428_1_V01_1,2022년 3월 여행지와 맛집 보고서 본론 표에 대해 알려주세요,0,0,0,0
MI3_241101_TY1_2434_2_V02-4_1,제목에 대해 알려주세요. 차트(꺾은선형)에 대해 알려주세요.,0,0,0,0
MI3_241101_TY1_2453_2_V01_1,항목 세부 내용과 대형 베이커리 브랜드의 표에 대해 알려주세요,0,0,0,0
MI3_241101_TY1_2466_1_V03_1,2022년 3월 회사 재무지표 보고서 2. 주요 재무 지표 사업 개요에 대해 알려주세요,0,0,0,0
MI3_241101_TY1_2466_2_V01_2,영업활동 현금흐름 및 투자활동 현금흐름에 대한 표에 대해 알려주세요,0,0,0,0
MI3_241101_TY1_2469_1_V03_1,2022년 4월 2차전지 산업 심층 보고서의 차트 분석에 대해 알려주세요,0,0,0,0
MI3_241101_TY1_2470_1_V01_1,2022년 4월 패션 유행 보고서 서론 하위 요소 설명에 대해 알려주세요,0,0,0,0
MI3_241101_TY1_2470_2_V01_1,2022년 4월 패션의 비비드 컬러에 대한 표에 대해 알려주세요,0,0,0,0
MI3_241101_TY1_2478_1_V02-2_1,2022년 4월 수출 보고서 2. 수출 데이터 요약 차트(가로 막대형)에 대해 알려주세요,0,0,0,0
MI3_241101_TY1_2478_2_V02-1_1,3. 주요 수출 시장 및 품목 분석 차트(영역형)에 대해 알려주세요,0,0,0,0
MI3_241101_TY1_2478_4_V02-1_1,"전자제품과 자동차 부품은 회사의 핵심 성장 동력으로서, 향후에도 지속적인 성장이 기대된다는 내용이 담긴 차트(세로 막대형)에 대해 알려주세요.",0,0,0,0
MI3_241101_TY1_2481_3_V01_2,보고서의 결론 부분에서 표 2. 2022년 4월 주요 국가별 식품안전 관련 정책 변화에 대해 알려주세요,0,0,0,0
MI3_241101_TY1_2489_1_V01_1,외국인 한국 의료보험 이용 보고서 2. 이용현황 표에 대해 알려주세요,0,0,0,0
MI3_241101_TY1_2499_2_V03_1,지역 혁신 성장 전략에 대한 다이어그램에 대해 알려주세요.,0,0,0,0
MI3_241101_TY1_2499_3_V03_1,균형 잡힌 정책 인구 감소 지역 불균형 다이어그램에 대해 알려주세요,0,0,0,0
MI3_241101_TY1_2515_1_V02-2_1,2022년 4월 한국인 건강 보고서의 상세 분석과 차트(가로 막대형)에 대해 알려주세요,0,0,0,0
MI3_241101_TY1_2521_1_V02-1_1,2022년 4월 회사 소비 보고서의 소비 항목별 지출 분석 차트(세로 막대형)에 대해 알려주세요,0,0,0,0
MI3_241101_TY1_2521_2_V01_1,부서별 지출 내역 표에 대해 알려주세요,0,0,0,0
MI3_241101_TY1_2521_3_V02-2_1,4. 소비 항목별 변화 분석 차트(가로 막대형)에 대해 알려주세요,0,0,0,0
MI3_241101_TY1_2523_1_V03_1,2022년 4월 회사 재무지표 보고서 1. 사업 개요 다이어그램에 대해 알려주세요,0,0,0,0
MI3_241101_TY1_2523_2_V01_1,부채비율 현황 및 관련 통계에 대해 알려주세요.,0,0,0,0
MI3_241101_TY1_2535_1_V02-2_1,2022년 5월 수출 보고서 1. 요약 5월 수출 실적 요약표 차트(가로 막대형)에 대해 알려주세요,0,0,0,0
MI3_241101_TY1_2535_2_V01_1,3. 주요 수출 시장 및 품목 분석에 대해 알려주세요,0,0,0,0
MI3_241101_TY1_2535_4_V02-2_1,6. 결론 및 향후 계획 관련 차트(가로 막대형)에 대해 알려주세요,0,0,0,0
MI3_241101_TY1_2544_1_V03_1,5월 주요 영화 및 관람객 수 비교에 대해 알려주세요,0,0,0,0
MI3_241101_TY1_2546_1_V03_1,외국인 한국 의료보험 이용 보고서의 다이어그램에 대해 알려주세요,0,0,0,0
MI3_241101_TY1_2546_2_V02-1_1,2.1 세부 이용 현황 국가에서 외국인 차트(세로 막대형)에 대해 알려주세요,0,0,0,0
MI3_241101_TY1_2549_1_V01_1,2022년 5월 인사 보고서 부서별 연간 인원 필요 산출에 대해 알려주세요,0,0,0,0
MI3_241101_TY1_2549_2_V02-2_1,실행 계획 및 채용 전략 본문 차트(가로 막대형)에 대해 알려주세요,0,0,0,0
MI3_241101_TY1_2560_2_V01_1,영양소 권장 섭취량과 급식 제공량 표에 대해 알려주세요,0,0,0,0
MI3_241101_TY1_2586_2_V01_1,부서별 인력 배치 배치 현황 표에 대해 알려주세요,0,0,0,0
MI3_241101_TY1_2586_3_V01_2,2023년 전략에 대해 알려주세요.,0,0,0,0
MI3_241101_TY1_2598_2_V02-2_1,주요 통계 앱 결론 차트(가로 막대형)에 대해 알려주세요,0,0,0,0
MI3_241101_TY1_2613_2_V01_1,재정 운영 정책 차트에 대해 알려주세요,0,0,0,0
MI3_241101_TY1_2613_3_V01_1,"지자체 탄소 중립 목표 연도 대중교통 확충, 녹색 건축물 확산 차트에 대해 알려주세요",0,0,0,0
MI3_241101_TY1_2643_3_V01_2,2023년 향후 전략에 대한 표에 대해 알려주세요,0,0,0,0
MI3_241101_TY1_2653_2_V01_1,아동학대 유형별 발생 통계 차트에 대해 알려주세요,0,0,0,0
MI3_241101_TY1_2698_1_V03_1,2022년 8월 패션 유행 보고서 서론 트랜지셔널 니트 어스톤 컬러 레이어드 악세사리에 대해 알려주세요,0,0,0,0
MI3_241101_TY1_2698_2_V01_2,레이어드 악세서리와 관련된 하위 요소 설명 비중 (%)에 대해 알려주세요,0,0,0,0
MI3_241101_TY1_2733_1_V02-2_1,2022년도 8월 퇴사인원 보고서 서론 과장급 대리급 사원급 차트(가로 막대형)에 대해 알려주세요,0,0,0,0
MI3_241101_TY1_2733_5_V01_1,2022년 8월 퇴사 인원 분석 결과에 대해 알려주세요,0,0,0,0
MI3_241101_TY1_2766_2_V01_1,3. 아동학대 유형별 발생 통계 본문 표에 대해 알려주세요,0,0,0,0
MI3_241101_TY1_2773_1_V01_1,외국인 한국 의료보험 이용 보고서의 2. 이용현황 일반진료 비율에 대해 알려주세요,0,0,0,0
MI3_241101_TY1_2773_2_V03_1,의료접근성에 대해 알려주세요,0,0,0,0
MI3_241101_TY1_2776_1_V02-1_1,2022년 인사 보고서 3. 연간 인사 고과 평가 차트(세로 막대형)에 대해 알려주세요,0,0,0,0
MI3_241101_TY1_2776_2_V01_1,4. 실행 계획 및 채용 전략에 대해 알려주세요,0,0,0,0
MI3_241101_TY1_2807_1_V02-2_1,2022년 9월 회사 출산 및 휴가 보고서 2022년 9월 출산 현황 분석 여성 출산 휴가 사용 남성 출산 휴가 사용에 대해 알려주세요,0,0,0,0
MI3_241101_TY1_2825_1_V01_1,2022년 10월 여행지와 맛집 보고서 본론 차트에 대해 알려주세요,0,0,0,0
MI3_241101_TY1_2826_1_V03_1,실험 절차 및 방법론 다이어그램에 대해 알려주세요,0,0,0,0
MI3_241101_TY1_2826_2_V03_1,대조군 및 실험군 선정 다이어그램에 대해 알려주세요,0,0,0,0
MI3_241101_TY1_2832_1_V01_1,2022년 10월 인터넷 속도 상세 분석 보고서의 주요 인터넷 속도 지표 다이어그램에 대해 알려주세요,0,0,0,0
MI3_241101_TY1_2841_1_V01_1,2022년 10월 청장년 대출 현황 보고서의 본문과 연도별 대출 금액에 대한 표에 대해 알려주세요,0,0,0,0
MI3_241101_TY1_2841_2_V03_1,2.2 대출 유형별 비중에 대해 알려주세요.,0,0,0,0
MI3_241101_TY1_2886_1_V02-1_1,2022년 11월 인사 보고서 2. 부서별 연간 인원 필요 산출 차트(가로 막대형)에 대해 알려주세요,0,0,0,0
MI3_241101_TY1_2886_2_V01_1,연간 인사 고과 평가에 대해 알려주세요.,0,0,0,0
MI3_241101_TY1_2886_3_V01_1,채용 목표 교육 및 훈련 프로그램 표에 대해 알려주세요,0,0,0,0
MI3_241101_TY1_2887_1_V02-2_1,한국의 브로드밴드 속도와 글로벌 평균에 대한 차트에 대해 알려주세요.,0,0,0,0
MI3_241101_TY1_2896_1_V01_1,2022년 11월 청장년 대출 현황 보고서 연도 대출 금액 변화 분석 표에 대해 알려주세요,0,0,0,0
MI3_241101_TY1_2896_2_V01_1,3. 연령대별 평균 대출 금액에 대해 알려주세요,0,0,0,0
MI3_241101_TY1_2899_1_V02-2_1,2022년도 11월 퇴사인원 보고서 직급별 퇴사 인원 현황 차트(가로 막대형)에 대해 알려주세요,0,0,0,0
MI3_241101_TY1_2899_2_V02-1_1,근속 기간에 따른 퇴사율 현황 차트(세로 막대형)에 대해 알려주세요,0,0,0,0
MI3_241101_TY1_2899_3_V01_1,부서별 현황 표에 대해 알려주세요,0,0,0,0
MI3_241101_TY1_2899_4_V01_2,퇴사 원인 분석 에 대해 알려주세요,0,0,0,0
MI3_241101_TY1_2909_1_V02-3_1,2022년 한국 건강 지표 차트(원형)에 대해 알려주세요,0,0,0,0
MI3_241101_TY1_2915_1_V01_1,2022년 11월 회사 유보금 관련 보고서 본문 표에 대해 알려주세요,0,0,0,0
MI3_241101_TY1_2922_2_V03_1,성과요약 향후 계획 마케팅 부 2억 원 매출과 관련된 다이어그램에 대해 알려주세요.,0,0,0,0
MI3_241101_TY1_2922_3_V01_1,주요 성과와 관련된 표에 대해 알려주세요,0,0,0,0
MI3_241101_TY1_2953_1_V02-2_1,2022년도 12월 퇴사인원 보고서 직급별 퇴사 인원 현황 차트(가로 막대형)에 대해 알려주세요,0,0,0,0
MI3_241101_TY1_2953_2_V01_1,근속 기간 중 직원들의 퇴사 원인 본문에 대해 알려주세요,0,0,0,0
MI3_241101_TY1_2953_3_V01_1,부서별 현황과 부서별 분석에 대해 알려주세요,0,0,0,0
MI3_241101_TY1_2953_4_V01_1,신입 직원들의 조직 적응을 돕기 위해 온보딩 프로그램과 관련된 시각요소에 대해 알려주세요,0,0,0,0
MI3_241101_TY1_2953_5_V01_1,2022년 1월~12월 퇴사 인원 통계의 월 퇴사 인원에 대해 알려주세요,0,0,0,0
MI3_241101_TY1_2968_1_V02-1_1,2022년 12월 소비 항목별 지출 내역 차트(세로 막대형)에 대해 알려주세요,0,0,0,0
MI3_241101_TY1_2968_2_V01_2,주차별 소비 경향에 대해 알려주세요,0,0,0,0
MI3_241101_TY1_2968_3_V02-1_1,4. 소비 항목 비교 분석 차트(세로 막대형)에 대해 알려주세요,0,0,0,0
MI3_241101_TY1_2973_2_V01_1,2022년 강릉 단오제의 주요 성과와 경제적 효과에 대해 알려주세요,0,0,0,0
MI3_241101_TY1_2976_1_V01_3,개인정보 보호 및 보안 리스크 개인 정보 보호법의 최신 동향과 적용 방법에 대해 알려주세요,0,0,0,0
MI3_241101_TY1_2978_1_V01_2,2022년 교육결과보고서 2. 교육개요에 대해 알려주세요,0,0,0,0
MI3_241101_TY1_2983_1_V01_3,2022년 교육결과보고서 교육내용 차트(가로 막대형)에 대해 알려주세요,0,0,0,0
MI3_241101_TY1_2999_3_V01_1,2022년 서울 빛초롱 축제의 주요 성과를 정리한 표에 대해 알려주세요.,0,0,0,0
MI3_241101_TY1_3001_2_V03_1,지역 상권 경제적 효과에 대해 알려주세요,0,0,0,0
MI3_241101_TY1_3014_1_V01_1,2022년 영화 속 시각적 효과 평가 기준에 대해 알려주세요,0,0,0,0
MI3_241101_TY1_3014_2_V01_1,영화 제목 시각적 효과의 주요 역할 효과에 대해 알려주세요,0,0,0,0
MI3_241101_TY1_3014_3_V03_1,와칸다의 세계관 확장 다이어그램에 대해 알려주세요,0,0,0,0
MI3_241101_TY1_3018_1_V01_1,2022년 영화 속 애니메이션 기술의 발전과 영향에 대해 알려주세요,0,0,0,0
MI3_241101_TY1_3018_2_V01_1,영화 제목 애니메이션 기술의 주요 특징 효과에 대해 알려주세요,0,0,0,0
MI3_241101_TY1_3024_1_V01_1,2022년 영화 속 인간과 자연의 관계 묘사에 대한 표에 대해 알려주세요,0,0,0,0
MI3_241101_TY1_3024_2_V01_1,3. 인간과 자연의 관계 묘사와 효과 비교에 대해 알려주세요,0,0,0,0
MI3_241101_TY1_3031_2_V03_1,2022년 이천 도자기 축제의 지역 상권 경제적 효과 다이어그램에 대해 알려주세요.,0,0,0,0
MI3_241101_TY1_3059_1_V01_2,2023년 1월 산업재해 주요 원인 분석과 관련된 표에 대해 알려주세요,0,0,0,0
MI3_241101_TY1_3059_2_V01_1,2023년 1월 산업재해 예방 노력 및 성과에 대해 알려주세요,0,0,0,0
MI3_241101_TY1_3062_2_V01_1,3. 주요 결과 요약 통계 표에 대해 알려주세요,0,0,0,0
MI3_241101_TY1_3070_1_V01_1,2023년 1월 연구 보고서 연구 주제: 스마트 시티 인프라 구축의 효과 분석 표에 대해 알려주세요,0,0,0,0
MI3_241101_TY1_3070_2_V03_2,스마트 시티 인프라 도입 효과 평가 기준 다이어그램에 대해 알려주세요,0,0,0,0
MI3_241101_TY1_3104_1_V01_1,2023년 회사 유보금 관련 보고서의 표에 대해 알려주세요.,0,0,0,0
MI3_241101_TY1_3116_1_V01_1,2023년 2월 생태계 물고기 보고서 본문 표에 대해 알려주세요,0,0,0,0
MI3_241101_TY1_3116_2_V01_1,물고기 개체 수 감소의 원인 분석과 관련하여 표에 대해 알려주세요,0,0,0,0
MI3_241101_TY1_3126_1_V01_1,"연구 목표 및 가설에 대한 내용과 문헌 검토, 실험 방법론 차트에 대해 알려주세요",0,0,0,0
MI3_241101_TY1_3126_2_V01_1,연구 계획 및 자원 확보에 대한 표에 대해 알려주세요,0,0,0,0
MI3_241101_TY1_3126_3_V01_1,본 연구의 결과에 대해 알려주세요,0,0,0,0
MI3_241101_TY1_3141_1_V01_1,2023년 2월 청장년 대출 현황 보고서 본문 표에 대해 알려주세요,0,0,0,0
MI3_241101_TY1_3141_2_V01_1,연령대 평균 대출 금액 및 상환 부담에 대해 알려주세요,0,0,0,0
MI3_241101_TY1_3141_3_V03_1,2023년 기준 대출 상담 프로그램 확대와 관련된 다이어그램에 대해 알려주세요,0,0,0,0
MI3_241101_TY1_3164_1_V03_1,2023년 3차전지 산업 심층 보고서의 2차전지 산업의 성장에 대해 알려주세요,0,0,0,0
MI3_241101_TY1_3164_2_V03_1,기술 발전 및 주요 이슈에 대한 다이어그램에 대해 알려주세요,0,0,0,0
MI3_241101_TY1_3164_3_V01_1,기술 분야 주요 특징 기대 효과 차트에 대해 알려주세요,0,0,0,0
MI3_241101_TY1_3165_1_V01_1,2023년 3월 패션 유행 보고서의 하위 요소 설명 비중에 대해 알려주세요,0,0,0,0
MI3_241101_TY1_3165_2_V02-3_1,유틸리티패션 차트(원형)에 대해 알려주세요,0,0,0,0
MI3_241101_TY1_3165_3_V01_2,플로럴 패턴과 관련된 아이템에 대해 알려주세요,0,0,0,0
MI3_241101_TY1_3174_1_V02-1_1,2023년 3월 수출 보고서 2. 수출 데이터 요약 차트(세로 막대형)에 대해 알려주세요,0,0,0,0
MI3_241101_TY1_3174_2_V02-8_1,수출액 변화에 대한 차트(혼합형)에 대해 알려주세요,0,0,0,0
MI3_241101_TY1_3174_3_V02-1_1,5. 주요 제품군 성과 분석 차트(세로 막대형)에 대해 알려주세요,0,0,0,0
MI3_241101_TY1_3176_3_V02-3_1,2023년 3월 결론과 향후 전망에 대해 알려주세요,0,0,0,0
MI3_241101_TY1_3241_1_V01_1,외국인 한국 의료보험 이용 보고서 2. 이용현황 차트에 대해 알려주세요,0,0,0,0
MI3_241101_TY1_3241_2_V03_1,3. 정책 개선 필요성 3. 정책 개선 필요성에 대해 알려주세요,0,0,0,0
MI3_241101_TY1_3251_1_V01_1,4월 청소년 교육 보고서 1. 2023년 4월 한국 청소년 교육 환경 분석 표에 대해 알려주세요,0,0,0,0
MI3_241101_TY1_3251_2_V01_1,학업 성취도와 스트레스에 대한 표 2023년 4월 청소년의 정신 건강 상태 변화율에 대해 알려주세요,0,0,0,0
MI3_241101_TY1_3254_2_V01_1,전반적인 건강에 기여하는 요인 영양소 권장 섭취량과 급식 제공량에 대해 알려주세요,0,0,0,0
MI3_241101_TY1_3255_2_V02-4_1,3. 매출 분석 4. 주요 기업 분석 R&D 투자 꺾은선형 차트에 대해 알려주세요,0,0,0,0
MI3_241101_TY1_3256_1_V02-2_1,2023년도 4월 퇴사인원 보고서 직급별 퇴사 인원 현황 차트(가로 막대형)에 대해 알려주세요,0,0,0,0
MI3_241101_TY1_3256_2_V02-1_1,부서별 현황을 나타내는 차트에 대해 알려주세요,0,0,0,0
MI3_241101_TY1_3256_3_V01_2,2023년 4월 동안 직원 퇴사 현황을 보여주는 차트에 대해 알려주세요,0,0,0,0
MI3_241101_TY1_3272_1_V01_1,2023년 4월 회사 유보금 관련 보고서 본론 표에 대해 알려주세요,0,0,0,0
MI3_241101_TY1_3276_1_V01_1,2023년 5월 2차전지 산업 심층 보고서 2. 시장 현황 및 전망 전기차 및 에너지 저장 시스템 관련 데이터에 대해 알려주세요,0,0,0,0
MI3_241101_TY1_3276_2_V01_1,배터리 기술 발전 및 주요 이슈에 대해 알려주세요,0,0,0,0
MI3_241101_TY1_3283_1_V01_1,2023년 5월 산업재해 발생 현황 본문 표에 대해 알려주세요,0,0,0,0
MI3_241101_TY1_3283_2_V03_1,2023년 5월 산업재해 대응 방안에 대해 알려주세요,0,0,0,0
MI3_241101_TY1_3291_1_V02-2_1,2023년 5월 아이들 베스트셀러 보고서 2023년 5월 베스트셀러 책 판매 수 차트(가로 막대형)에 대해 알려주세요,0,0,0,0
MI3_241101_TY1_3291_2_V01_1,2023년 5월 베스트셀러 목록에 대해 알려주세요,0,0,0,0
MI3_241101_TY1_3293_1_V01_1,2023년 5월 여행지와 맛집 보고서 본론 차트에 대해 알려주세요,0,0,0,0
MI3_241101_TY1_3293_2_V02-3_1,파리 뉴욕 로마 도쿄 두바이 차트(원형)에 대해 알려주세요,0,0,0,0
MI3_241101_TY1_3293_3_V03_1,"2. 뉴욕, 미국에 대해 알려주세요",0,0,0,0
MI3_241101_TY1_3293_6_V01_1,뉴욕과 도쿄의 미식 문화 비교에 대한 차트(세로 막대형)에 대해 알려주세요,0,0,0,0
MI3_241101_TY1_3295_1_V01_1,2023년 5월 영화 관람객 수 분석 보고서에서 관람객 전월 대비 월 주요 영화 제목과 증감률에 대해 알려주세요,0,0,0,0
MI3_241101_TY1_3347_1_V02-2_1,2023년 6월 아이들 베스트셀러 보고서 2. 2023년 6월 베스트셀러 책 판매 수 차트(가로 막대형)에 대해 알려주세요,0,0,0,0
MI3_241101_TY1_3349_2_V02-2_1,2023년 관람객 수에 대한 차트(가로 막대형)에 대해 알려주세요,0,0,0,0
MI3_241101_TY1_3352_1_V01_1,2023년 6월 외국인 진학 관련 보고서 2. 출신 국가별 진학 현황 차트(세로 막대형)에 대해 알려주세요,0,0,0,0
MI3_241101_TY1_3352_2_V03_1,주요 분석: 다이어그램에 대해 알려주세요.,0,0,0,0
MI3_241101_TY1_3356_1_V02-2_1,고정 브로드밴드 속도 개선에 대한 차트(가로 막대형)에 대해 알려주세요,0,0,0,0
MI3_241101_TY1_3364_1_V01_1,2023년 6월 대출 보고서의 개요와 대출 의존도 차트에 대해 알려주세요,0,0,0,0
MI3_241101_TY1_3364_2_V01_1,3.2 연령대별 대출 상환 부담에 대해 알려주세요,0,0,0,0
MI3_241101_TY1_3371_2_V02-3_1,4. 문구류 수입 품목별 비율 차트(원형)에 대해 알려주세요,0,0,0,0
MI3_241101_TY1_3388_1_V03_1,2023년 7월 2차전지 산업 심층 보고서 2차전지 산업 서에 대해 알려주세요,0,0,0,0
MI3_241101_TY1_3388_2_V01_1,기술 발전 및 주요 이슈 결론 및 향후 전망 차트에 대해 알려주세요,0,0,0,0
MI3_241101_TY1_3396_1_V01_1,2023년 7월 생태계 물고기 주요 개체 수 변화 분석 표에 대해 알려주세요,0,0,0,0
MI3_241101_TY1_3410_1_V02-1_1,2023년 7월 인사 보고서 차트(세로 막대형)에 대해 알려주세요,0,0,0,0
MI3_241101_TY1_3410_2_V01_1,3. 연간 인사 고과 평가에 대해 알려주세요,0,0,0,0
MI3_241101_TY1_3433_1_V01_1,2023년 7월 해외 관람객 한국 인기 지역 순위 보고서에서 주요 관광 명소와 해외 관람객 수 추정치에 대해 알려주세요,0,0,0,0
MI3_240725_TY2_0020_1_V02-4_1,희귀질환자 의료비 지원사업 차트(꺾은선형)에 대해 알려주세요,0,0,0,0
MI3_240725_TY2_0020_2_V01_1,지원항목 지원 금액 지원대상 차트(세로 막대형)에 대해 알려주세요,0,0,0,0
MI3_240725_TY2_0020_3_V01_1,붙임1 희귀질환자 의료비지원사업 개요에서 다루어진 통계 데이터에 대해 알려주세요,0,0,0,0
MI3_240725_TY2_0020_4_V01_1,상병코드 지원대상 질환명 비고에 대해 알려주세요,0,0,0,0
MI3_240725_TY2_0034_2_V01_1,분야 시사점 및 모범사례 차트에 대해 알려주세요,0,0,0,0
MI3_240725_TY2_0039_1_V02-1_1,일본 STSS 환자 발생현황 차트(세로 막대형)에 대해 알려주세요,0,0,0,0
MI3_240725_TY2_0039_2_V02-8_1,최근 7년간 주별 국내 성홍일 환자 발생 추이 차트(혼합형)에 대해 알려주세요,0,0,0,0
MI3_240725_TY2_0039_4_V01_1,T04 에 대해 알려주세요,0,0,0,0
MI3_240725_TY2_0053_1_V01_2,담당 부서 정보 표에 대해 알려주세요,0,0,0,0
MI3_240725_TY2_0053_2_V01_1,참고 1 국가관리 대상 희귀질환 지정 세부절차 및 일정에 대해 알려주세요,0,0,0,0
MI3_240725_TY2_0053_3_V01_2,당해연도 지정심의 지정 미지정 익년도 1년 후 재심의(10) 재신청 차트(가로 막대형)에 대해 알려주세요,0,0,0,0
MI3_240725_TY2_0076_1_V02-8_1,재원중 위중증 환자 및 사망자 발생 현황 차트(혼합형)에 대해 알려주세요,0,0,0,0
MI3_240725_TY2_0076_2_V02-8_1,주간 위중증 환자 및 사망자 발생 현황 차트(혼합형)에 대해 알려주세요,0,0,0,0
MI3_240725_TY2_0076_4_V02-4_1,병상가동률 차트(꺾은선형)에 대해 알려주세요,0,0,0,0
MI3_240725_TY2_0086_2_V01_1,2023년 우리나라 이상기후에 의한 피해 현황과 관련된 차트(표)에 대해 알려주세요,0,0,0,0
MI3_240725_TY2_0086_3_V01_1,2023년 이상저온 이상고온 발생여부 차트(세로 막대형)에 대해 알려주세요,0,0,0,0
MI3_240725_TY2_0086_4_V01_1,최근 10년간 해수면온도 순위에 대해 알려주세요,0,0,0,0
MI3_240725_TY2_0086_5_V01_1,구분 주요 내용 보고서 개요 에 대해 알려주세요,0,0,0,0
MI3_240725_TY2_0126_1_V02-8_1,2023년 온열질환자수 및 평균최고기온 추이에 대해 알려주세요,0,0,0,0
MI3_240725_TY2_0126_3_V01_1,운영 결과 표에 대해 알려주세요,0,0,0,0
MI3_240725_TY2_0126_4_V01_2,성별 분포 표에 대해 알려주세요,0,0,0,0
MI3_240725_TY2_0150_1_V01_1,본문 표 V에 대해 알려주세요,0,0,0,0
MI3_240725_TY2_0150_2_V01_1,한· 아프리카 정상회의 계기 부대행사 프로그램의 시각요소(표)에 대해 알려주세요,0,0,0,0
MI3_240725_TY2_0161_2_V02-4_1,전년 대비 주별 발생 추이 꺾은선형에 대해 알려주세요,0,0,0,0
MI3_240725_TY2_0161_3_V02-5_1,2023년 말라리아 위험지역 구분에 대해 알려주세요,0,0,0,0
MI3_240725_TY2_0171_1_V01_1,대한민국의 근거중심 방제와 주기적 방제에 대한 비교 차트에 대해 알려주세요.,0,0,0,0
MI3_240725_TY2_0171_2_V02-4_1,일일모기감시장비를 통한 모기 발생수 확인 차트(꺾은선형)에 대해 알려주세요,0,0,0,0
MI3_240725_TY2_0173_1_V02-1_1,2023년 국가병원체자원은행 연보의 최근 3년간 병원체자원 분양 현황 차트에 대해 알려주세요,0,0,0,0
MI3_240725_TY2_0173_2_V02-3_1,2023년 「병원체자원 보존·관리목록」 원형 차트에 대해 알려주세요,0,0,0,0
MI3_240725_TY2_0173_3_V02-3_1,<국·공립연구소의 활용 목적별 분양 현황> 원형 차트에 대해 알려주세요,0,0,0,0
MI3_240725_TY2_0173_4_V02-3_1,대학 및 비영리기관의 활용 목적별 분양 현황 차트(원형)에 대해 알려주세요,0,0,0,0
MI3_240725_TY2_0179_1_V02-1_1,최근 4주(5.4주~6.3주) 국내 백일해 차트(세로 막대형)에 대해 알려주세요,0,0,0,0
MI3_240725_TY2_0179_2_V02-4_1,"(최근 6년간, 주별) 마이코플라스마 폐렴균 감염증 입원환자 발생 추이 꺾은선형에 대해 알려주세요",0,0,0,0
MI3_240725_TY2_0179_3_V02-1_1,최근 4주간 마이코플라스마 폐렴균 감염증 입원환자 발생 현황과 관련된 차트(세로 막대형)에 대해 알려주세요,0,0,0,0
MI3_240725_TY2_0179_4_V01_1,C02 차트(세로 막대형)에 대해 알려주세요,0,0,0,0
MI3_240725_TY2_0183_1_V02-1_1,이번 연구의 제목에 따라 중위험군과 고위험군의 통풍 및 고혈압 발생률 비교 차트에 대해 알려주세요,0,0,0,0
MI3_240725_TY2_0183_2_V01_1,이 연구에서 제시된 인종 연구 기관 전체 대상 수 및 비율에 대해 알려주세요.,0,0,0,0
MI3_240725_TY2_0192_2_V01_1,급성심장정지 조사 결과에 대한 표에 대해 알려주세요,0,0,0,0
MI3_240725_TY2_0192_3_V02-1_1,2022 상반기 급성심장정지 발생장소 차트(세로 막대형)에 대해 알려주세요,0,0,0,0
MI3_240725_TY2_0196_1_V01_1,2023년도 확진환자 수에 대해 알려주세요,0,0,0,0
MI3_240725_TY2_0196_3_V02-1_1,'22-'23년 전 세계 엠폭스 발생 현황 차트(세로 막대형)에 대해 알려주세요,0,0,0,0
MI3_240725_TY2_0219_1_V01_1,국내 발생 확진자 현황 표에 대해 알려주세요,0,0,0,0
MI3_240725_TY2_0219_2_V01_1,결과 양성 구분 총계 검사 중 결과 음성 확진자 격리해제 격리 중 사망 V형 시각요소에 대해 알려주세요,0,0,0,0
MI3_240725_TY2_0243_1_V01_1,국민의 나라 보도자료에 대한 차트(세로 막대형) 정보에 대해 알려주세요,0,0,0,0
MI3_240725_TY2_0243_2_V02-1_1,전 세계 원숭이두창 발생 현황 차트(세로 막대형)에 대해 알려주세요,0,0,0,0
MI3_240725_TY2_0253_1_V01_3,격리 관리 현황 표에 대해 알려주세요,0,0,0,0
MI3_240725_TY2_0253_2_V01_1,정부혁신과 관련된 시각요소 제목 및 표에 대해 알려주세요,0,0,0,0
MI3_240725_TY2_0253_3_V02-8_1,000 신규화전자 육심신고 차트(혼합형)에 대해 알려주세요,0,0,0,0
MI3_240725_TY2_0253_4_V02-8_1,<일별 사망자 현황> 차트(혼합형)에 대해 알려주세요,0,0,0,0
MI3_240725_TY2_0253_5_V02-4_1,감염경로구분에 따른 일별 신규 확진자 현황 꺾은선형에 대해 알려주세요,0,0,0,0
MI3_240725_TY2_0292_1_V02-4_1,"코로나19 신규백신, 65세 이상 접종률 30% 달성 꺾은선형에 대해 알려주세요",0,0,0,0
MI3_240725_TY2_0292_2_V01_1,T04 에 대해 알려주세요,0,0,0,0
MI3_240725_TY2_0308_1_V01_2,(추정)유입국가 확인 단계 표에 대해 알려주세요,0,0,0,0
MI3_240725_TY2_0308_2_V01_2,지역별 확진자 현황 금일신규에 대해 알려주세요,0,0,0,0
MI3_240725_TY2_0308_3_V01_1,정부혁신 + 힘내라 보다 나은 정부와 관련된 서 부대 인 광대의 통계 데이터 시각적 표현에 대해 알려주세요,0,0,0,0
MI3_240725_TY2_0311_1_V02-8_1,일평균 재원중 위중증 환자 및 사망자 차트(혼합형)에 대해 알려주세요,0,0,0,0
MI3_240725_TY2_0311_2_V02-8_2,최근 8주간 전국 확진자수 및 발생률 추이 차트(혼합형)에 대해 알려주세요,0,0,0,0
MI3_240725_TY2_0311_3_V01_1,최근 발생 현황에 대해 알려주세요.,0,0,0,0
MI3_240725_TY2_0311_4_V02-8_1,T01 T02 차트(혼합형)에 대해 알려주세요,0,0,0,0
MI3_240725_TY2_0311_5_V01_2,(주간: 11.6.~11.12. 단위: 명) 수도권 충청권 호남권 경북권 경남권 강원권 제주권 표에 대해 알려주세요,0,0,0,0
MI3_240725_TY2_0314_1_V01_11,백신별 접종 현황 표에 대해 알려주세요,0,0,0,0
MI3_240725_TY2_0314_2_V01_2,신규 확진자 현황 표에 대해 알려주세요,0,0,0,0
MI3_240725_TY2_0314_3_V01_1,구분 11.3. 11.4. 11.5. 11.6. 11.7. 11.8. 11.9... 표에 대해 알려주세요,0,0,0,0
MI3_240725_TY2_0314_4_V01_1,정부혁신 대한민국 대전환 보다나은 정부 공공누리 유이용하역 표에 대해 알려주세요,0,0,0,0
MI3_240725_TY2_0323_1_V01_4,구분 격리해제 격리 중 위중증 환자 사망자에 대해 알려주세요,0,0,0,0
MI3_240725_TY2_0323_2_V01_1,정부혁신 본문 차트에 대해 알려주세요,0,0,0,0
MI3_240725_TY2_0333_1_V02-7_1,에 대한 <그림2>주요 만성질환 OECD 사망률 비교 방사형 차트에 대해 알려주세요,0,0,0,0
MI3_240725_TY2_0333_3_V01_1,"정부혁신 대한민국 대전환 보다나은 정부 건강한 국민, 안전한 사회 주요 사망원인별 연령 표준화 사망률 차트(세로 막대형)에 대해 알려주세요",0,0,0,0
MI3_240725_TY2_0333_4_V01_1,정부혁신 대한민국 대전환과 관련된 주요 내용에 대해 알려주세요,0,0,0,0
MI3_240725_TY2_0350_1_V01_4,구분 격리해제 격리 중 위중증 환자 표에 대해 알려주세요,0,0,0,0
MI3_240725_TY2_0350_2_V01_1,정부혁신에 대해 알려주세요,0,0,0,0
MI3_240725_TY2_0350_3_V01_1,T04에 대해 알려주세요,0,0,0,0
MI3_240725_TY2_0350_4_V02-8_3,누적 격리중·격리 해제자 현황 차트(혼합형)에 대해 알려주세요,0,0,0,0
MI3_240725_TY2_0350_5_V02-1_1,수도권지역 일일 신규 확진자 현황 차트(세로 막대형)에 대해 알려주세요,0,0,0,0
MI3_240725_TY2_0350_6_V02-8_2,부산지역 일일 신규 및 부작확진자 현황 차트(혼합형)에 대해 알려주세요,0,0,0,0
MI3_240725_TY2_0350_7_V01_1,구분 11.9. 11.10. 11.11. 11.12. 11.13. 11.14... 표에 대해 알려주세요,0,0,0,0
MI3_240725_TY2_0350_8_V02-4_1,감염경로구분에 따른 일별 신규 확진자 현황 꺾은선형에 대해 알려주세요,0,0,0,0
MI3_240725_TY2_0350_9_V02-1_2,내국인 외국인 350 차트(세로 막대형)에 대해 알려주세요,0,0,0,0
MI3_240725_TY2_0353_1_V01_1,코로나19 예방접종 현황 표에 대해 알려주세요,0,0,0,0
MI3_240725_TY2_0353_2_V01_1,백신별 접종현황 표에 대해 알려주세요,0,0,0,0
MI3_240725_TY2_0353_3_V01_1,재원중 위중증 환자 사망누계 표에 대해 알려주세요,0,0,0,0
MI3_240725_TY2_0353_4_V01_1,3 국내 백신 잔여량 차트(세로 막대형)에 대해 알려주세요,0,0,0,0
MI3_240725_TY2_0353_5_V01_1,"< 확진자 성별, 연령별 발생현황 > 표에 대해 알려주세요",0,0,0,0
MI3_240725_TY2_0353_6_V02-4_1,연령별 코로나19 확진자 발생률 차트(꺾은선형)에 대해 알려주세요,0,0,0,0
MI3_240725_TY2_0362_1_V01_1,에 대한타입의 데이터에 대해 알려주세요,0,0,0,0
MI3_240725_TY2_0362_2_V01_1,2020 희귀질환자 통계연보주요 내용(2) 차트(세로 막대형)에 대해 알려주세요,0,0,0,0
MI3_240725_TY2_0363_1_V01_1,[남자의 비만 및 2단계이상 비만 유병률] 표에 대해 알려주세요,0,0,0,0
MI3_240725_TY2_0363_2_V01_1,"건강한 국민, 안전한 사회에 대한 비만 유병률 차트(세로 막대형)에 대해 알려주세요",0,0,0,0
MI3_240725_TY2_0363_3_V02-4_1,비만 유병률(체질량지수 25kg/m2이상) 꺾은선형에 대해 알려주세요,0,0,0,0
MI3_240725_TY2_0363_4_V01_1,남자 비만 유병률(2008-2021) 교차비(95% 신뢰구간) 차트(세로 막대형)에 대해 알려주세요,0,0,0,0
MI3_240725_TY2_0371_1_V02-4_5,* p<0.05 통계적으로 의미있는 변화와 관련된 꺾은선형 차트에 대해 알려주세요,0,0,0,0
MI3_240725_TY2_0371_2_V02-4_1,코로나19 유행 전후 건강행태 변화 꺾은선형 차트에 대해 알려주세요,0,0,0,0
MI3_240725_TY2_0371_3_V01_1,정부혁신 + 대한민국 대전환 보다 나은 정부 차트(세로 막대형)에 대해 알려주세요,0,0,0,0
MI3_240729_TY2_0001_1_V02-7_2,1인당 개인소득 상대수준 방사형에 대해 알려주세요,0,0,0,0
MI3_240729_TY2_0001_2_V02-8_1,2009년 지역소득 추계결과 및 지역내총생산 규모와 증감률에 대해 알려주세요,0,0,0,0
MI3_240729_TY2_0001_3_V02-8_1,최종소비지출 규모 및 증감률 혼합형 차트에 대해 알려주세요,0,0,0,0
MI3_240729_TY2_0001_4_V02-8_1,총고정자본형성 및 규모(명목) 혼합형에 대해 알려주세요,0,0,0,0
MI3_240729_TY2_0001_5_V02-8_1,개인소득 규모 및 증감률(명목) 혼합형에 대해 알려주세요,0,0,0,0
MI3_240729_TY2_0001_6_V02-1_1,민간소비지출 증감률 차트(세로 막대형)에 대해 알려주세요,0,0,0,0
MI3_240729_TY2_0001_7_V02-1_1,설비투자 증감률 차트(세로 막대형)에 대해 알려주세요,0,0,0,0
MI3_240729_TY2_0001_8_V02-4_4,민간소비 증가율(실질) 꺾은선형에 대해 알려주세요,0,0,0,0
MI3_240729_TY2_0001_9_V02-4_1,건설투자 증가율(실질) (%) 차트(꺾은선형)에 대해 알려주세요,0,0,0,0
MI3_240729_TY2_0003_1_V02-3_1,용도별 1인당 연간 쌀 소비량 차트(원형)에 대해 알려주세요,0,0,0,0
MI3_240729_TY2_0003_2_V02-4_1,월별 1인당 1일 쌀 소비량 차트(꺾은선형)에 대해 알려주세요,0,0,0,0
MI3_240729_TY2_0003_3_V02-4_1,"한국, 일본, 대만의 1인당 쌀 소비량 차트(꺾은선형)에 대해 알려주세요",0,0,0,0
MI3_240729_TY2_0003_4_V02-2_1,<그림 6> 곡류별 1인당 연간 소비량 차트에 대해 알려주세요,0,0,0,0
MI3_240729_TY2_0003_5_V01_1,<표 7> 표에 대해 알려주세요,0,0,0,0
MI3_240729_TY2_0003_6_V02-3_1,<그림 8> 용도별 1인당 연간 소비량 차트에 대해 알려주세요,0,0,0,0
MI3_240729_TY2_0003_7_V02-6_1,<그림 9> 시도별 1인당 연간 양곡 및쌀 소비량 차트(분산형)에 대해 알려주세요,0,0,0,0
MI3_240729_TY2_0003_8_V02-4_1,<그림 10> 차트(꺾은선형)에 대해 알려주세요,0,0,0,0
MI3_240729_TY2_0003_9_V01_2,"성별, 연령별 월간 결식횟수 차트(세로 막대형)에 대해 알려주세요",0,0,0,0
MI3_240729_TY2_0006_1_V02-1_1,[시도별 마을 현황] 차트(세로 막대형)에 대해 알려주세요,0,0,0,0
MI3_240729_TY2_0006_2_V02-1_4,농업 경영형태별 마을 비율 차트(세로 막대형)에 대해 알려주세요,0,0,0,0
MI3_240729_TY2_0006_3_V02-1_1,<그림1> 차트(세로 막대형)에 대해 알려주세요,0,0,0,0
MI3_240729_TY2_0006_4_V02-1_1,<그림2> 차트(세로 막대형)에 대해 알려주세요,0,0,0,0
MI3_240729_TY2_0006_5_V01_1,전체가구 규모별 마을 현황 표에 대해 알려주세요,0,0,0,0
MI3_240729_TY2_0006_6_V02-1_1,<그림4> 농림어가 마을 현황 차트(세로 막대형)에 대해 알려주세요,0,0,0,0
MI3_240729_TY2_0006_7_V01_1,<표7> 이용 가능한 대중교통 수단별 마을 현황 표에 대해 알려주세요,0,0,0,0
MI3_240729_TY2_0006_8_V01_1,<표8> 대중교통 운행 횟수별 마을수 표에 대해 알려주세요,0,0,0,0
MI3_240729_TY2_0006_9_V01_2,내수면 어업 경영형태별 마을수 표에 대해 알려주세요,0,0,0,0
MI3_240729_TY2_0019_1_V01_1,[표 1] 전국 출생이수 및 증감를 표에 대해 알려주세요,0,0,0,0
MI3_240729_TY2_0019_2_V01_2,[표4]시도별사망자수 표에 대해 알려주세요,0,0,0,0
MI3_240729_TY2_0019_3_V02-4_1,전국 월별혼인 추이 꺾은선형에 대해 알려주세요,0,0,0,0
MI3_240729_TY2_0019_4_V02-4_1,전국 월별이혼 추이 꺾은선형 차트에 대해 알려주세요,0,0,0,0
MI3_240729_TY2_0036_1_V01_1,세계 속의 한국 경제에 대해 알려주세요,0,0,0,0
MI3_240729_TY2_0036_2_V01_1,에 관련된차트에 대해 알려주세요,0,0,0,0
MI3_240729_TY2_0045_1_V02-2_1,2070년 아시아와 아프리카의 예상인구에 대해 알려주세요,0,0,0,0
MI3_240729_TY2_0045_2_V02-4_1,생산연령인구 구성비 추이 차트(꺾은선형)에 대해 알려주세요,0,0,0,0
MI3_240729_TY2_0045_3_V02-4_1,세계와 한국의 합계출산율 추이 꺾은선형에 대해 알려주세요,0,0,0,0
MI3_240729_TY2_0045_4_V02-4_3,남북한 기대수명 추이에 대해 알려주세요,0,0,0,0
MI3_240729_TY2_0045_5_V02-2_1,[그림 1] 세계 대륙별 인구규모 차트(가로 막대형)에 대해 알려주세요,0,0,0,0
MI3_240729_TY2_0045_6_V01_1,II. 세계와 한국의 인구구조 1. 인구구조 변화 [표 6]에 대해 알려주세요,0,0,0,0
MI3_240729_TY2_0045_7_V02-1_1,세계와 한국의 인구구조 세로 막대형 차트에 대해 알려주세요,0,0,0,0
MI3_240729_TY2_0045_8_V01_1,합계출산율이 낮은 주요 국가(지역) 표에 대해 알려주세요,0,0,0,0
MI3_240729_TY2_0061_1_V01_1,지역별 검사 및 확진자 현황 표에 대해 알려주세요,0,0,0,0
MI3_240729_TY2_0061_2_V02-8_2,일일 누적 격리중격격 해제자 현황 혼합형에 대해 알려주세요,0,0,0,0
MI3_240729_TY2_0061_3_V01_2,위중증 환자 현황에 대한 차트(원형)에 대해 알려주세요,0,0,0,0
MI3_240729_TY2_0062_1_V01_1,"건강한 국민, 안전한 사회 홍역 개요 차트(세로 막대형)에 대해 알려주세요",0,0,0,0
MI3_240729_TY2_0062_2_V01_1,최근 6개월 홍역 환자발생 지역분포 표에 대해 알려주세요,0,0,0,0
MI3_240729_TY2_0085_1_V02-4_1,연령별 코로나19 확진자 발생률 꺾은선형에 대해 알려주세요,0,0,0,0
MI3_240729_TY2_0091_2_V02-1_1,전 세계 엠폭스 발생 현황 차트(세로 막대형)에 대해 알려주세요,0,0,0,0
MI3_240729_TY2_0094_1_V01_1,확진환자 검사현황 차트(세로 막대형)에 대해 알려주세요,0,0,0,0
MI3_240729_TY2_0094_2_V02-1_1,확진자 수 세로 막대형 차트에 대해 알려주세요,0,0,0,0
MI3_240729_TY2_0098_1_V01_1,2월 3주차 종합평가 결과 표에 대해 알려주세요,0,0,0,0
MI3_240729_TY2_0098_2_V01_1,WHO 세부계통 점유율(%) 표에 대해 알려주세요,0,0,0,0
MI3_240729_TY2_0098_3_V01_1,전국 권역별 주간 일평균 환자 추이 표에 대해 알려주세요,0,0,0,0
MI3_240729_TY2_0098_4_V02-4_4,미국 이탈리아 주요국 인구 100만 명당 주간 사망자 수 추이에 대해 알려주세요,0,0,0,0
MI3_240729_TY2_0100_1_V01_1,정부혁신과 대한민국 대전환에 대한 표에 대해 알려주세요,0,0,0,0
MI3_240729_TY2_0102_1_V01_1,정부혁신 보다 나은 정부 본문 차트(세로 막대형)에 대해 알려주세요,0,0,0,0
MI3_240729_TY2_0102_2_V02-1_1,< 확진자 성별 > 차트(세로 막대형)에 대해 알려주세요,0,0,0,0
MI3_240729_TY2_0117_2_V02-4_1,A B 100 of VR(%) 80 Z ∞ 60 60 rates PAR 꺾은선형에 대해 알려주세요,0,0,0,0
MI3_240729_TY2_0121_1_V01_1,본문 확진환자현황 검사현황 차트에 대해 알려주세요,0,0,0,0
MI3_240729_TY2_0121_2_V01_1,"< 참고. 국내 확진환자 현황 (2.27일 09시 기준, 1.3일 이후 누계) > 차트(세로 막대형)에 대해 알려주세요",0,0,0,0
MI3_240729_TY2_0121_3_V02-1_1,코로나바이러스 감염증 관련 연령대에 대해 알려주세요,0,0,0,0
MI3_240729_TY2_0121_4_V01_1,코로나바이러스감염증-19환자및사망자빌생 현황 차트(세로 막대형)에 대해 알려주세요,0,0,0,0
MI3_240729_TY2_0121_5_V01_1,정부혁신과 관련된 데이터 및 통계 정보를 시각적으로 나타내는 표에 대해 알려주세요,0,0,0,0
MI3_240729_TY2_0126_1_V01_1,코로나19 국내 발생현황 및 예방접종 현황 차트(세로 막대형)에 대해 알려주세요,0,0,0,0
MI3_240729_TY2_0126_2_V01_1,최근 확진자 수에 대한 통계 자료의 차트(세로 막대형)에 대해 알려주세요,0,0,0,0
MI3_240729_TY2_0126_3_V01_2,구분 차트(세로 막대형)에 대해 알려주세요,0,0,0,0
MI3_240729_TY2_0155_1_V02-8_1,일평균 재원중 위중증 환자 및 일평균 사망자 발생 현황 차트(혼합형)에 대해 알려주세요,0,0,0,0
MI3_240729_TY2_0155_2_V02-8_2,최근 8주간 전국 확진자수 및 발생률 추이 혼합형에 대해 알려주세요,0,0,0,0
MI3_240729_TY2_0155_3_V02-8_1,중환자 병상가동률 차트(혼합형)에 대해 알려주세요,0,0,0,0
MI3_240729_TY2_0155_4_V02-8_1,WHO 세부계통 점유율(%) 혼합형에 대해 알려주세요,0,0,0,0
MI3_240729_TY2_0155_5_V02-8_1,"건강한 국민, 안전한 사회 및 코로나19 국외 발생 동향과 관련된 혼합형 차트에 대해 알려주세요",0,0,0,0
MI3_240729_TY2_0155_6_V02-4_4,영국과 스페인 관련 데이터에 대해 알려주세요,0,0,0,0
MI3_240729_TY2_0156_1_V01_1,인구10만명당 지역 확진환자수 (%) 발생률 표에 대해 알려주세요,0,0,0,0
MI3_240729_TY2_0156_2_V02-8_2,경북지역 확진자 현황 혼합형에 대해 알려주세요,0,0,0,0
MI3_240729_TY2_0156_3_V02-1_1,경기 서울 충남 부산 경남 강원 울산 충북 대전 광주 인천 전북 전남 제주 세종 차트(세로 막대형)에 대해 알려주세요,0,0,0,0
MI3_240729_TY2_0156_4_V02-2_1,연령별 사망자 차트(가로 막대형)에 대해 알려주세요,0,0,0,0
MI3_240729_TY2_0178_1_V01_2,[시도별] 표에 대해 알려주세요,0,0,0,0
MI3_240729_TY2_0178_2_V01_2,예약 투약 현황 표에 대해 알려주세요,0,0,0,0
MI3_240729_TY2_0178_3_V01_1,"건강한 국민, 안전한 사회 예방접종 현황 표에 대해 알려주세요",0,0,0,0
MI3_240729_TY2_0192_1_V02-5_1,주차별 연령별 확진자 비중에 대해 알려주세요,0,0,0,0
MI3_240729_TY2_0192_2_V02-8_2,연령대별 누적 사망률과 치명률 혼합형에 대해 알려주세요,0,0,0,0
MI3_240729_TY2_0192_3_V03_1,최근 8주간 연령대별 사망자수 다이어그램에 대해 알려주세요,0,0,0,0
MI3_240729_TY2_0193_1_V01_1,"제목과 소제목, 시각요소 제목 및 표에 대해 알려주세요",0,0,0,0
MI3_240729_TY2_0193_2_V02-8_1,사망자수(집계일별) 차트(혼합형)에 대해 알려주세요,0,0,0,0
MI3_240729_TY2_0193_3_V01_1,주차 확진자수에 대해 알려주세요,0,0,0,0
MI3_240729_TY2_0198_1_V02-8_1,< 위중증 현황 > 혼합형 차트에 대해 알려주세요,0,0,0,0
MI3_240729_TY2_0198_2_V02-3_1,해외유입 관련 원형에 대해 알려주세요,0,0,0,0
MI3_240729_TY2_0198_3_V02-1_1,< 해외유입 확진자 현황 > 세로 막대형 차트에 대해 알려주세요,0,0,0,0
MI3_240729_TY2_0210_1_V01_1,정부혁신 + 대한민국 대전환 보다 나은 정부 혈전증 관련 정보에 대해 알려주세요,0,0,0,0
MI3_240729_TY2_0210_2_V02-2_1,T01 T02 T03 차트(가로 막대형)에 대해 알려주세요,0,0,0,0
MI3_240729_TY2_0210_3_V02-2_1,코로나19 백신의 이점과 위험에 대해 알려주세요,0,0,0,0
MI3_240729_TY2_0219_1_V01_1,3월 주간 발생 동향 표에 대해 알려주세요,0,0,0,0
MI3_240729_TY2_0219_2_V02-8_1,주별 국내발생 외국인 확진 현황 혼합형에 대해 알려주세요,0,0,0,0
MI3_240729_TY2_0219_4_V02-2_1,"건강한 국민, 안전한 사회에 대한 차트(가로 막대형) 정보를 알려주세요.",0,0,0,0
MI3_240729_TY2_0219_5_V02-8_2,일일 누적 격리중격격 해제자 현황 차트(혼합형)에 대해 알려주세요,0,0,0,0
MI3_240729_TY2_0219_6_V02-8_1,정부혁신과 보다나은 정부에 대한 차트(혼합형)에 대해 알려주세요,0,0,0,0
MI3_240729_TY2_0219_7_V02-8_1,정부 대한민국 대전한 혼합형에 대해 알려주세요,0,0,0,0
MI3_240729_TY2_0219_8_V02-2_1,확진자 성별·연령별 분포 차트(가로 막대형)에 대해 알려주세요,0,0,0,0
MI3_240729_TY2_0219_9_V02-3_1,원형에 대해 알려주세요,0,0,0,0
MI3_240729_TY2_0220_1_V02-8_1,"12,000 격리해제 확진 혼합형에 대해 알려주세요",0,0,0,0
MI3_240729_TY2_0220_2_V02-8_1,대구지역 확진자 현황 혼합형에 대해 알려주세요,0,0,0,0
MI3_240729_TY2_0220_3_V02-8_2,경기지역 확진자 현황에 대한 차트(혼합형)에 대해 알려주세요,0,0,0,0
MI3_240729_TY2_0220_4_V02-1_2,일일 누적확진자 현황 차트(차트(가로 막대형)에 대해 알려주세요,0,0,0,0
MI3_240729_TY2_0220_5_V02-1_1,C02 -1 차트(가로 막대형)에 대해 알려주세요,0,0,0,0
MI3_240729_TY2_0220_6_V02-1_1,정부혁신과 보다 나은 정부에 대한 차트(세로 막대형)에 대해 알려주세요,0,0,0,0
MI3_240729_TY2_0220_7_V02-3_1,정부혁신과 보다 나은 정부를 주제로 한 차트(원형)에 대해 알려주세요,0,0,0,0
MI3_240729_TY2_0220_8_V01_1,확진자수 차트(세로 막대형)에 대해 알려주세요,0,0,0,0
MI3_240729_TY2_0221_2_V01_1,정부혁신 및 대한민국 대전환의 데이터 분석에 대한 차트(세로 막대형)에 대해 알려주세요,0,0,0,0
MI3_240729_TY2_0225_1_V02-8_2,2021년 인간 39 시군구 송영갑에 대해 알려주세요,0,0,0,0
MI3_240729_TY2_0225_2_V02-8_1,T01 T02 T03 혼합형에 대해 알려주세요,0,0,0,0
MI3_240729_TY2_0225_3_V02-8_1,고혈압 및 당뇨병 진단 경험자의 치료율에 대해 알려주세요,0,0,0,0
MI3_240729_TY2_0225_4_V02-8_2,<현재흡연율 '08-'21> 혼합형에 대해 알려주세요,0,0,0,0
MI3_240729_TY2_0225_5_V02-8_1,(차트(혼합형))에 대해 알려주세요,0,0,0,0
MI3_240729_TY2_0225_6_V02-8_1,최근 3년간의 중등도 이상 신체활동 실천율에 대해 알려주세요.,0,0,0,0
MI3_240729_TY2_0225_8_V02-8_2,2010 시군구 중앙갑에 대한 혼합형 차트에 대해 알려주세요,0,0,0,0
MI3_240729_TY2_0228_1_V02-8_1,일일 의심신고·확진자 현황 차트(혼합형)에 대해 알려주세요,0,0,0,0
MI3_240729_TY2_0228_2_V02-8_3,충청권 혼합형에 대해 알려주세요,0,0,0,0
MI3_240729_TY2_0228_3_V02-8_3,강원권 관련된 내용을 알고 싶습니다,0,0,0,0
MI3_240729_TY2_0228_4_V02-8_1,일별 사망자 현황 차트(혼합형)에 대해 알려주세요,0,0,0,0
MI3_240729_TY2_0228_5_V02-3_1,해외유입 감염 경로 원형에 대해 알려주세요,0,0,0,0
MI3_240729_TY2_0228_6_V02-1_2,해외유입 확진자 현황 관련된 차트(세로 막대형)에 대해 알려주세요,0,0,0,0
MI3_240729_TY2_0232_1_V02-8_1,해제자 현황 차트(혼합형)에 대해 알려주세요,0,0,0,0
MI3_240729_TY2_0232_2_V02-8_1,대구지역 일일신규 및 누적 확진자 현황 혼합형에 대해 알려주세요,0,0,0,0
MI3_240729_TY2_0232_3_V02-8_1,서울지역 일일신규 및 누적 확진자 현황 혼합형에 대해 알려주세요,0,0,0,0
MI3_240729_TY2_0232_4_V02-1_2,일일 누적확진자 현황 차트(세로 막대형)에 대해 알려주세요,0,0,0,0
MI3_240729_TY2_0232_5_V02-1_1,확진자수 차트(세로 막대형)에 대해 알려주세요,0,0,0,0
MI3_240729_TY2_0232_6_V01_1,구분 계 중증 % ) 위중 % )에 대해 알려주세요,0,0,0,0
MI3_240729_TY2_0232_7_V01_1,구분 계 표에 대해 알려주세요,0,0,0,0
MI3_240729_TY2_0232_8_V02-1_1,해외유입 추정 현황에 대해 알려주세요,0,0,0,0
MI3_240729_TY2_0245_1_V01_1,질병관리청 보도참고자료 표에 대해 알려주세요,0,0,0,0
MI3_240729_TY2_0245_2_V02-8_1,정부혁신 대한민국 대전환에 대한 혼합형 차트에 대해 알려주세요,0,0,0,0
MI3_240729_TY2_0251_1_V01_1,정부혁신 다양한 복지서비스와 관련된 과거 MMR 접종력에 따른 권장 접종일정 차트에 대해 알려주세요,0,0,0,0
MI3_240729_TY2_0251_2_V01_1,정부혁신 다양한 복지서비스 예방접종 통계 차트에 대해 알려주세요,0,0,0,0
MI3_240729_TY2_0251_3_V01_1,국내·외 홍역 환자 발생현황 표에 대해 알려주세요,0,0,0,0
MI3_240729_TY2_0251_4_V01_1,정부혁신 다양한 복지서비스에 대한 표 에 대해 알려주세요,0,0,0,0
MI3_240729_TY2_0252_2_V02-2_1,국내 알라리아 추정 위험요인 가로 막대형에 대해 알려주세요,0,0,0,0
MI3_240729_TY2_0253_1_V01_1,보건복지부 보도참고자료 차트(세로 막대형)에 대해 알려주세요,0,0,0,0
MI3_240729_TY2_0256_1_V01_1,말라리아 발생 현황 표에 대해 알려주세요,0,0,0,0
MI3_240729_TY2_0256_2_V03_1,2018년 말라리아 환자 위험 국가 분포 다이어그램에 대해 알려주세요,0,0,0,0
MI3_240729_TY2_0256_3_V01_1,해외감염병 예방 수칙과 관련된 표에 대해 알려주세요,0,0,0,0
MI3_240729_TY2_0256_4_V01_1,정부혁신에 대한 통계적 시각요소인 그래프에 대해 알려주세요,0,0,0,0
MI3_240729_TY2_0270_1_V01_1,정부혁신과 보다 나은 정부에 대한 시각요소 제목과 그래프에 대해 알려주세요,0,0,0,0
MI3_240729_TY2_0270_2_V01_1,정부혁신과 관련된 데이터 분석에 대해 알려주세요,0,0,0,0
MI3_240729_TY2_0270_3_V01_2,인체유래물 사업(코흐트)명 표에 대해 알려주세요,0,0,0,0
MI3_240729_TY2_0270_4_V01_1,정부혁신 보다 나은 정부 복지 차트에 대해 알려주세요,0,0,0,0
MI3_240729_TY2_0277_2_V01_1,정부혁신 다양한 복지서비스에 대한 구분 비교 및 분양절차의 표에 대해 알려주세요,0,0,0,0
MI3_240729_TY2_0287_1_V01_1,강원권 주간 일 평균 주간 누계 표에 대해 알려주세요,0,0,0,0
MI3_240729_TY2_0287_2_V01_1,코로나19 발생현황 표에 대해 알려주세요,0,0,0,0
MI3_240729_TY2_0288_1_V02-4_1,연령대별 대상자 대비 접종률 꺾은선형에 대해 알려주세요,0,0,0,0
MI3_240729_TY2_0288_2_V01_2,접종 후 사망자 수 차트(꺾은선형)에 대해 알려주세요,0,0,0,0
MI3_240729_TY2_0288_3_V01_1,정부혁신 건강한 국민 안전한 사회 차트(세로 막대형)에 대해 알려주세요,0,0,0,0
MI3_240729_TY2_0288_4_V02-2_1,추정진단명 가로 막대형 차트에 대해 알려주세요,0,0,0,0
MI3_240729_TY2_0289_1_V01_2,<표 2> 가족접촉자 잠복결핵감염 검진 사업 참여 및 치료에 따른 결핵 발생위험도 분석 결과 표에 대해 알려주세요,0,0,0,0
MI3_240729_TY2_0289_2_V01_1,LTBI 치료자 치료현황 표에 대해 알려주세요,0,0,0,0
MI3_240729_TY2_0296_1_V02-4_2,주차별 4차접종 인구 및 대상자 대비 접종률 차트(꺾은선형)에 대해 알려주세요,0,0,0,0
MI3_240729_TY2_0296_2_V02-2_1,경과 기간별 중증질환 발생 비율 차트(가로 막대형)에 대해 알려주세요,0,0,0,0
MI3_240729_TY2_0296_3_V02-1_1,예방접종 10만 건당 이상반응 의심환자 신고율 차트(세로 막대형)에 대해 알려주세요,0,0,0,0
MI3_240729_TY2_0296_4_V02-2_1,"건강한 국민, 안전한 사회의 코로나19 예방접종 관련 차트(가로 막대형)에 대해 알려주세요",0,0,0,0
MI3_240729_TY2_0296_5_V02-2_1,제목 소제목 시각요소 제목 차트(가로 막대형)에 대해 알려주세요,0,0,0,0
MI3_240729_TY2_0296_6_V02-2_1,붙임 3 인과성검토 사례의 일반적 특성 및 추정사인/진단명 분포 차트(가로 막대형)에 대해 알려주세요,0,0,0,0
MI3_240729_TY2_0296_7_V02-2_1,1~60차 피해조사반회의의 인과성 검토사례 추정진단명(다빈도) 차트(가로 막대형)에 대해 알려주세요,0,0,0,0
MI3_240729_TY2_0300_1_V02-1_1,정부혁신에 대한 데이터 시각화 차트(세로 막대형)에 대해 알려주세요,0,0,0,0
MI3_240729_TY2_0300_2_V01_1,정부혁신 보다 나은 정부 고혈압 관리수준 차트(세로 막대형)에 대해 알려주세요,0,0,0,0
MI3_240729_TY2_0304_1_V02-8_1,최근 8주간 주요 발생 지표 혼합형에 대해 알려주세요,0,0,0,0
MI3_240729_TY2_0304_2_V02-4_1,"최근 전국 연령대별 발생률 추이(인구 10만명 당, 명) 차트(꺾은선형)에 대해 알려주세요",0,0,0,0
MI3_240729_TY2_0304_3_V02-8_1,"<연령대별 누적 사망률(10만 명당), 치명률('22.5.14. 0시 기준)> 혼합형에 대해 알려주세요",0,0,0,0
MI3_240729_TY2_0304_4_V01_1,주요 변이 오미크론 구분 분석주차 분석 건수 건 검출률에 대해 알려주세요,0,0,0,0
MI3_240729_TY2_0304_5_V02-8_2,"12/11,776 혼합형에 대해 알려주세요",0,0,0,0
MI3_240729_TY2_0304_6_V02-2_1,"건강한 국민, 안전한 사회에 대한 연구 결과를 시각적으로 표현한 막대형 차트에 대해 알려주세요",0,0,0,0
MI3_240729_TY2_0304_7_V02-4_1,최근 8주간 연령군별 주간 일평균 발생률 꺾은선형에 대해 알려주세요,0,0,0,0
MI3_240729_TY2_0304_8_V02-4_1,일별 신규 확진자 현황 꺾은선형에 대해 알려주세요,0,0,0,0
MI3_240729_TY2_0304_9_V02-1_2,지난 4주간 주별 연령별 신규 확진자 비율 차트(세로 막대형)에 대해 알려주세요,0,0,0,0
MI3_240729_TY2_0306_1_V02-8_1,현재흡연율 차트(혼합형)에 대해 알려주세요,0,0,0,0
MI3_240729_TY2_0306_2_V02-8_4,건강생활실천율 시·군구 중앙갑 혼합형에 대해 알려주세요,0,0,0,0
MI3_240729_TY2_0306_3_V02-8_1,비만유병률 시각요소 혼합형에 대해 알려주세요,0,0,0,0
MI3_240729_TY2_0306_4_V02-8_3,중앙갑 차트(혼합형)에 대해 알려주세요,0,0,0,0
MI3_240729_TY2_0306_5_V01_1,정부혁신 관련 지표에 대해 알려주세요,0,0,0,0
MI3_240729_TY2_0306_6_V01_1,정부혁신 + 12月55 보다나은 정부 힘이라 복지와 관련된 자료의 차트(표) 타입에 대해 알려주세요,0,0,0,0
MI3_240729_TY2_0306_7_V01_1,정부혁신과 관련된 통계 지표를 보여주는 차트에 대해 알려주세요,0,0,0,0
MI3_240729_TY2_0306_9_V01_1,정부혁신 + 05 보다나은 정부 힘이라 복지와 관련된 훈격 구분 기관명 및 성명 표에 대해 알려주세요,0,0,0,0
MI3_240729_TY2_0308_1_V02-4_1,주간 인플루엔자 의사환자 분율 꺾은선형에 대해 알려주세요,0,0,0,0
MI3_240729_TY2_0308_2_V01_1,절기별 유행기준 및 유행주의보 발령 시정 표에 대해 알려주세요,0,0,0,0
MI3_240729_TY2_0308_3_V02-4_1,주간 인플루엔자 의사환자 분율 차트(꺾은선형)에 대해 알려주세요,0,0,0,0
MI3_240729_TY2_0323_1_V01_1,위기단계 하향에 따른 코로나19 대응 지침 개정 내용과 관련된 시각요소 제목 및 표에 대해 알려주세요,0,0,0,0
MI3_240729_TY2_0323_2_V01_1,T01 T02 V01 차트에 대해 알려주세요,0,0,0,0
MI3_240729_TY2_0323_3_V01_1,주간 발생 동향 표에 대해 알려주세요,0,0,0,0
MI3_240729_TY2_0323_4_V01_1,5월 4주차 종합평가 결과 표에 대해 알려주세요,0,0,0,0
MI3_240729_TY2_0323_5_V02-8_1,신규 확진자수 및 발생률 추이 차트(혼합형)에 대해 알려주세요,0,0,0,0
MI3_240729_TY2_0323_6_V02-8_1,WHO 세부계통 점유율(%) 혼합형 차트에 대해 알려주세요,0,0,0,0
MI3_240729_TY2_0323_7_V01_1,권역별 주간 일평균 확진자 수 표에 대해 알려주세요,0,0,0,0
MI3_240729_TY2_0323_8_V02-1_3,< 해외유입 국적별 내국인 외국인 차트(세로 막대형)에 대해 알려주세요,0,0,0,0
MI3_240729_TY2_0323_9_V02-8_1,붙임 2 코로나19 국외 발생 동향 차트(혼합형)에 대해 알려주세요,0,0,0,0
MI3_240729_TY2_0325_1_V02-1_1,"제목과 추진목적, 차경고그림 인지 건강에 대한 차트(세로 막대형)에 대해 알려주세요",0,0,0,0
MI3_240729_TY2_0325_2_V01_1,주요결과 에 대해 알려주세요,0,0,0,0
MI3_240729_TY2_0341_1_V02-8_1,최근 5년간 월별 장출혈성대장균감염증 환자 발생 현황 혼합형에 대해 알려주세요,0,0,0,0
MI3_240729_TY2_0341_2_V01_1,정부혁신과 대한민국 대전환에 대한표에 대해 알려주세요,0,0,0,0
MI3_240729_TY2_0341_3_V01_1,정부혁신 + 대한민국 대전환 보다 나은 정부 차트(세로 막대형)에 대해 알려주세요,0,0,0,0
MI3_240729_TY2_0366_1_V01_1,저출산 통계지표 표에 대해 알려주세요,0,0,0,0
MI3_240729_TY2_0366_2_V02-4_1,연령별 출산율 꺾은선형에 대해 알려주세요,0,0,0,0
MI3_240729_TY2_0366_3_V02-4_2,성별 가사노동시간 차트(꺾은선형)에 대해 알려주세요,0,0,0,0
MI3_240729_TY2_0366_4_V02-1_1,남자 여자 차트(세로 막대형)에 대해 알려주세요,0,0,0,0
MI3_240729_TY2_0366_5_V02-4_3,전체 부모 육아휴직 사용률 꺾은선형 차트에 대해 알려주세요,0,0,0,0
MI3_240729_TY2_0381_1_V03_1,< 작성 방법 개요 > 다이어그램에 대해 알려주세요,0,0,0,0
MI3_240729_TY2_0385_1_V02-1_1,2016년 상반기 어류양식 동향에 대해 알려주세요,0,0,0,0
MI3_240729_TY2_0385_2_V02-1_2,반반기 양식 어종별 어가 수 가로 막대형에 대해 알려주세요,0,0,0,0
MI3_240729_TY2_0385_3_V01_1,상반기 종사자 동향 표에 대해 알려주세요,0,0,0,0
MI3_240729_TY2_0385_4_V01_1,상반기 주요 어류 생산 동향 표에 대해 알려주세요,0,0,0,0
MI3_240729_TY2_0385_5_V01_1,2015년부터 2016년까지의 생산금액 데이터에 대해 알려주세요,0,0,0,0
MI3_240729_TY2_0385_6_V01_1,어류양식 수면적 동향 차트(세로 막대형)에 대해 알려주세요,0,0,0,0
MI3_240729_TY2_0385_7_V01_1,합계 표에 대해 알려주세요,0,0,0,0
MI3_240729_TY2_0385_8_V01_1,상반기 주요 어류 양식 동향 표에 대해 알려주세요,0,0,0,0
MI3_240729_TY2_0399_1_V02-3_1,2009년 어업별 생산량 차트(원형)에 대해 알려주세요,0,0,0,0
MI3_240729_TY2_0399_2_V02-1_1,어업별 생산동향 연근해 어업 생산동향 차트(세로 막대형)에 대해 알려주세요,0,0,0,0
MI3_240729_TY2_0399_3_V02-1_1,천해양식어업 생산동향 차트(세로 막대형)에 대해 알려주세요,0,0,0,0
MI3_240729_TY2_0399_4_V02-1_1,원양어업 생산동향 차트(세로 막대형)에 대해 알려주세요,0,0,0,0
MI3_240729_TY2_0399_5_V02-1_1,라. 내수면어업 생산동향에 대한 세로 막대형 차트에 대해 알려주세요,0,0,0,0
MI3_240729_TY2_0401_1_V01_1,"9월 인구이동 전년동월대비 2010년 2011년 2012년 이동자수(천명, %)에 대해 알려주세요",0,0,0,0
MI3_240729_TY2_0401_2_V01_1,전국 인구이동 추이에 대해 알려주세요,0,0,0,0
MI3_240729_TY2_0401_3_V02-1_1,[그림 2] 2012년 9월 시도별 순이동률 차트(세로 막대형)에 대해 알려주세요,0,0,0,0
MI3_240729_TY2_0431_2_V02-8_1,가을배추 재배면적 및 가격 동향 혼합형에 대해 알려주세요,0,0,0,0
MI3_240729_TY2_0431_3_V02-8_1,가을무 재배면적 가격 동향 혼합형에 대해 알려주세요,0,0,0,0
MI3_240729_TY2_0441_1_V02-4_1,2012년 다문화인구동태통계결과 요약 차트(꺾은선형)에 대해 알려주세요,0,0,0,0
MI3_240729_TY2_0441_2_V02-4_1,[그림1] 혼인건수 추이에 대해 알려주세요,0,0,0,0
MI3_240729_TY2_0441_3_V01_1,[표2] 다문화 유형별 규모 및 비중 표에 대해 알려주세요,0,0,0,0
MI3_240729_TY2_0441_4_V02-4_2,29세미만 30·24세 차트(영역형)에 대해 알려주세요,0,0,0,0
MI3_240729_TY2_0441_5_V02-4_1,(주)문화예술인한국연구제지원회 한국인(출생기준) 간편전 차트(꺾은선형)에 대해 알려주세요,0,0,0,0
MI3_240729_TY2_0451_1_V01_1,< 쌀 생산량 및 벼 재배면적 현황 > 표에 대해 알려주세요,0,0,0,0
MI3_240729_TY2_0478_1_V02-8_1,한국판뉴딜과 관련된 차트(혼합형)에 대해 알려주세요,0,0,0,0
MI3_240729_TY2_0478_2_V02-3_1,감염경로 구분 원형 차트에 대해 알려주세요,0,0,0,0
MI3_240729_TY2_0478_3_V02-1_1,한국판뉴딜과 관련된 RT 차트(세로 막대형)에 대해 알려주세요,0,0,0,0
MI3_240729_TY2_0478_4_V01_1,주요 집단 발생 현황 표에 대해 알려주세요,0,0,0,0
MI3_240729_TY2_0486_1_V02-4_1,해제자 현황 차트(꺾은선형)에 대해 알려주세요,0,0,0,0
MI3_240729_TY2_0486_2_V02-8_2,경북지역일일신규 및 누적 확진자 현황 혼합형에 대해 알려주세요,0,0,0,0
MI3_240729_TY2_0486_3_V02-8_2,경기지역 확진자 현황 차트(혼합형)에 대해 알려주세요,0,0,0,0
MI3_240729_TY2_0486_4_V02-1_1,일일 신규 확진자 현황 차트(세로 막대형)에 대해 알려주세요,0,0,0,0
MI3_240729_TY2_0486_5_V02-8_1,사양지수 차트(혼합형)에 대해 알려주세요,0,0,0,0
MI3_240729_TY2_0486_6_V02-8_1,사망자수 및 치명률 혼합형 차트에 대해 알려주세요,0,0,0,0
MI3_240729_TY2_0490_2_V01_1,연결되어 있는 우리 표에 대해 알려주세요,0,0,0,0
MI3_240729_TY2_0490_3_V01_1,"정부혁신 + 대한민국 대전환 보다나은 정부 한국판뉴딜 건강한 국민, 안전한 사회와 관련하여 연령 및 지역별 현황 차트에 대해 알려주세요",0,0,0,0
MI3_240729_TY2_0490_4_V01_1,정부혁신 관련 내용과 2022년 국민소통단 활동계획에 대해 알려주세요,0,0,0,0
MI3_240729_TY2_0515_1_V02-8_1,< 전자상거래액 및 전년동분기비 > 차트(혼합형)에 대해 알려주세요,0,0,0,0
MI3_240729_TY2_0515_2_V01_1,< 사이버쇼핑 거래액 동향 > 표에 대해 알려주세요,0,0,0,0
MI3_240729_TY2_0525_1_V01_1,<표 1> 운영주체별 농업법인 수 표에 대해 알려주세요,0,0,0,0
MI3_240729_TY2_0525_2_V01_1,농업법인 종사자 현황 표에 대해 알려주세요,0,0,0,0
MI3_240729_TY2_0525_3_V01_1,농업법인 경영경지면적 표에 대해 알려주세요,0,0,0,0
MI3_240729_TY2_0525_4_V02-3_1,[농작물 재배유형별 면적현황] 차트(원형)에 대해 알려주세요,0,0,0,0
MI3_240729_TY2_0525_5_V01_1,<표 7> 운영주체별 어업법인수 표에 대해 알려주세요,0,0,0,0
MI3_240729_TY2_0543_1_V02-1_1,1인당 연간 쌀 소비량 차트(세로 막대형)에 대해 알려주세요,0,0,0,0
MI3_240729_TY2_0543_2_V01_1,<표 2> 표에 대해 알려주세요,0,0,0,0
MI3_240729_TY2_0543_3_V02-3_1,<그림 3> 용도별 1인당 연간 쌀 소비량 차트에 대해 알려주세요,0,0,0,0
MI3_240729_TY2_0543_4_V01_1,월별 1인당 1일 쌀 소비량 표에 대해 알려주세요,0,0,0,0
MI3_240729_TY2_0543_5_V01_1,주요 쌀 소비국 1인당연간 쌀 소비량 표에 대해 알려주세요,0,0,0,0
MI3_240729_TY2_0543_6_V01_1,<표 6> 곡류별1인당연간소비량 표에 대해 알려주세요,0,0,0,0
MI3_240729_TY2_0543_7_V01_1,농가·비농가 1인당 연간 양곡 소비량 표에 대해 알려주세요,0,0,0,0
MI3_240729_TY2_0543_8_V01_1,<표 8> 용도별 1인당 연간 양곡 소비량 표에 대해 알려주세요,0,0,0,0
MI3_240729_TY2_0562_1_V01_1,2011년 기준 광업·제조업조사 잠정결과 총괄 연도별 주요지표 추이에 대해 알려주세요,0,0,0,0
MI3_240729_TY2_0562_2_V01_1,제조업 업종별 종사자수 및 부가가치 구성비 순위 표에 대해 알려주세요,0,0,0,0
MI3_240729_TY2_0562_3_V01_1,제조업 출하액 동향 제조업 출하액 주요 증감 산업 표에 대해 알려주세요,0,0,0,0
MI3_240729_TY2_0562_4_V01_1,< 제조업 구조별 출하액 구성비 > 표에 대해 알려주세요,0,0,0,0
MI3_240729_TY2_0562_5_V01_1,<전자산업의 주요지표> 표에 대해 알려주세요,0,0,0,0
MI3_240729_TY2_0562_6_V01_1,주요지표 표에 대해 알려주세요,0,0,0,0
MI3_240729_TY2_0565_1_V02-8_1,I. 2011년 생명표 요약 혼합형에 대해 알려주세요,0,0,0,0
MI3_240729_TY2_0565_2_V02-8_1,기대수명(년) 남녀차이(년) 차트에 대해 알려주세요,0,0,0,0
MI3_240729_TY2_0565_3_V02-1_1,[그림 2] 성· 연령별 기대여명(2011년) 차트(세로 막대형)에 대해 알려주세요,0,0,0,0
MI3_240729_TY2_0565_4_V02-4_1,0세에서 특정 연령까지의 생존확률 꺾은선형에 대해 알려주세요,0,0,0,0
MI3_240729_TY2_0565_5_V02-4_1,출생아의 사망확률 차트(꺾은선형)에 대해 알려주세요,0,0,0,0
MI3_240729_TY2_0565_6_V02-1_1,[그림 7] 차트(세로 막대형)에 대해 알려주세요,0,0,0,0
MI3_240729_TY2_0569_1_V01_1,<표1> 전국가구 가구당 월평균 소득 표에 대해 알려주세요,0,0,0,0
MI3_240729_TY2_0569_2_V02-4_1,전국가구 가구당 월평균 소비지출 추이에 대해 알려주세요,0,0,0,0
MI3_240729_TY2_0569_3_V02-4_1,전국가구 평균소비성향 추이 차트(꺾은선형)에 대해 알려주세요,0,0,0,0
MI3_240729_TY2_0569_4_V02-4_1,분위별 소득 및 소비지출 차트(꺾은선형)에 대해 알려주세요,0,0,0,0
MI3_240729_TY2_0575_1_V02-4_1,가구당 월평균 소득증감률 추이 꺾은선형 차트에 대해 알려주세요,0,0,0,0
MI3_240729_TY2_0575_2_V01_1,<표2>가구당 월평균 소비지출 표에 대해 알려주세요,0,0,0,0
MI3_240729_TY2_0575_3_V02-4_1,평균소비성향 추이 차트(꺾은선형)에 대해 알려주세요,0,0,0,0
MI3_240729_TY2_0575_4_V02-4_1,< 그림 4> 소득 5분위별 소득 및 소비지출 증가율 추이(연간) 차트(꺾은선형)에 대해 알려주세요,0,0,0,0
MI3_240729_TY2_0575_5_V02-4_1,< 그림 5> 소득 5분위별 소득 및 소비지출 증가율 추이(분기) 차트(꺾은선형)에 대해 알려주세요,0,0,0,0
MI3_240729_TY2_0575_6_V02-4_1,< 지니계수 추이(가처분소득 기준) > 차트(꺾은선형)에 대해 알려주세요,0,0,0,0
MI3_240729_TY2_0588_2_V02-1_1,자산의 유형별 비중 차트(세로 막대형)에 대해 알려주세요,0,0,0,0
MI3_240729_TY2_0588_3_V02-8_1,[그림 5] 가구당 순자산 보유액 구간별 가구분포 혼합형에 대해 알려주세요,0,0,0,0
MI3_240729_TY2_0588_4_V02-1_1,주요국의 순자산 10분위 점유율 차트에 대해 알려주세요,0,0,0,0
MI3_240729_TY2_0588_5_V02-1_1,[그림 8] 소득 5분위별 순자산액 차트(세로 막대형)에 대해 알려주세요,0,0,0,0
MI3_240729_TY2_0591_1_V01_1,"국제인구이동 추이, 2000-2011 표에 대해 알려주세요",0,0,0,0
MI3_240729_TY2_0591_3_V02-4_1,2000-2011 꺾은선형에 대해 알려주세요,0,0,0,0
MI3_240729_TY2_0591_5_V01_1,"[표 7] 주요국 체류자격별 입국자 구성비 추이, 2010-2011 표에 대해 알려주세요",0,0,0,0
MI3_240729_TY2_0591_6_V02-4_1,7. 월별 내외국인 국제이동 꺾은선형에 대해 알려주세요,0,0,0,0
MI3_240729_TY2_0591_7_V01_1,월별 국제인구이동 추이(내외국인) 차트에 대해 알려주세요,0,0,0,0
MI3_240729_TY2_0598_1_V01_1,연도별 소득종류별 농가소득 표에 대해 알려주세요,0,0,0,0
MI3_240729_TY2_0598_2_V01_1,연도별 농가의 농업외 소득 표에 대해 알려주세요,0,0,0,0
MI3_240729_TY2_0598_3_V02-1_1,소비지출 차트(세로 막대형)에 대해 알려주세요,0,0,0,0
MI3_240729_TY2_0598_4_V01_1,연도별 농가자산 표에 대해 알려주세요,0,0,0,0
MI3_240729_TY2_0598_5_V02-1_1,농업용 및 가계용 부채에 관한 시각적 표현에 대해 알려주세요,0,0,0,0
MI3_240729_TY2_0610_1_V02-8_1,2011년 어류양식동향조사 결과와 연도별생산동향 혼합형 차트에 대해 알려주세요,0,0,0,0
MI3_240729_TY2_0610_2_V02-1_1,양식방법별 어가 동향 차트(세로 막대형)에 대해 알려주세요.,0,0,0,0
MI3_240729_TY2_0610_3_V02-1_1,어종별 생산동향 차트(세로 막대형)에 대해 알려주세요,0,0,0,0
MI3_240729_TY2_0610_4_V02-1_1,어종별종묘입식 동향 차트(세로 막대형)에 대해 알려주세요,0,0,0,0
MI3_240729_TY2_0610_5_V02-1_2,어종별 사료 투입량 차트(가로 막대형)에 대해 알려주세요,0,0,0,0
MI3_240729_TY2_0612_1_V01_2,부문별 거래내역 표에 대해 알려주세요,0,0,0,0
MI3_240729_TY2_0612_2_V01_3,<주요 상품군별 거래액> 표에 대해 알려주세요,0,0,0,0
MI3_240729_TY2_0612_3_V02-8_1,< 연도별 전자상거래 규모 차트(혼합형)에 대해 알려주세요,0,0,0,0
MI3_240729_TY2_0612_4_V02-8_1,사이버쇼핑거래액 전년동비 추이 차트(혼합형)에 대해 알려주세요,0,0,0,0
MI3_240729_TY2_0612_5_V02-8_1,사이버쇼핑거래액 + 전년동분기비 차트(혼합형)에 대해 알려주세요,0,0,0,0
MI3_240729_TY2_0617_1_V01_1,2011년말 국가자산 규모에 대한 표에 대해 알려주세요,0,0,0,0
MI3_240729_TY2_0617_2_V01_2,2011년말 자 산 농림 광업 전기가스 서비스 업 기준에 대해 알려주세요,0,0,0,0
MI3_240729_TY2_0617_3_V02-1_1,<국가자산의 추이> 차트(세로 막대형)에 대해 알려주세요,0,0,0,0
MI3_240729_TY2_0617_4_V01_1,<유형고정자산의 추이> 표에 대해 알려주세요,0,0,0,0
MI3_240729_TY2_0617_5_V02-1_1,토지자산의 지목별 추이 차트(세로 막대형)에 대해 알려주세요,0,0,0,0
MI3_240729_TY2_0617_6_V02-1_1,08개 도지역 차트(세로 막대형)에 대해 알려주세요,0,0,0,0
MI3_240729_TY2_0618_1_V02-8_1,미래로 통하는 빛 공정사회! 10a당쌀 생산량 및 생산비 추이에 대해 알려주세요,0,0,0,0
MI3_240729_TY2_0618_2_V01_1,2011년산 논벼(쌀) 생산비 관련된 시각요소 표에 대해 알려주세요,0,0,0,0
MI3_240729_TY2_0618_3_V01_2,< 연도별 순수익 및 소득 추이> 표에 대해 알려주세요,0,0,0,0
MI3_240729_TY2_0618_4_V01_1,2011년산 논벼(쌀) 생산비와 관련된 표에 대해 알려주세요,0,0,0,0
MI3_240729_TY2_0618_5_V01_1,"(단위: 원, %, kg) 구 분 표에 대해 알려주세요",0,0,0,0
MI3_240729_TY2_0618_6_V01_1,< 10a당 총수입 > 표에 대해 알려주세요,0,0,0,0
MI3_240729_TY2_0627_1_V01_1,이 통계 자료에서 제시된 만족도에 대한 차트(세로 막대형)에 대해 알려주세요.,0,0,0,0
MI3_240729_TY2_0627_2_V02-4_1,여성인구 추이 꺾은선형에 대해 알려주세요,0,0,0,0
MI3_240729_TY2_0627_3_V01_1,여성가구주 통계 표에 대해 알려주세요,0,0,0,0
MI3_240729_TY2_0627_4_V01_1,혼인 통계에 대한 표에 대해 알려주세요,0,0,0,0
MI3_240729_TY2_0627_5_V01_1,연령별 출산율에 대한 표에 대해 알려주세요,0,0,0,0
MI3_240729_TY2_0627_6_V02-8_1,출생아수 및 출생성비에 대해 알려주세요,0,0,0,0
MI3_240729_TY2_0637_1_V02-4_1,[그림1] 전국 월별출생 추이 차트(꺾은선형)에 대해 알려주세요,0,0,0,0
MI3_240729_TY2_0637_2_V02-4_1,[그림2]전국월빌사망 꺾은선형에 대해 알려주세요,0,0,0,0
MI3_240729_TY2_0637_3_V01_2,[표6] 시도별 혼인건수 표에 대해 알려주세요,0,0,0,0
MI3_240729_TY2_0637_4_V02-4_1,[그림4] 전국 월별 이혼 추이 차트(꺾은선형)에 대해 알려주세요,0,0,0,0
MI3_240730_TY2_0001_1_V02-6_1,특정국가 수임핀중도 차트(분산형)에 대해 알려주세요,0,0,0,0
MI3_240730_TY2_0007_1_V02-8_1,주요 10 X 희소금속 수입량 감소 차트(혼합형)에 대해 알려주세요,0,0,0,0
MI3_240730_TY2_0028_3_V01_1,C제품과 D제품의 평균가격에 대한 차트에 대해 알려주세요,0,0,0,0
MI3_240730_TY2_0028_4_V01_1,T01 T02 T03 차트(세로 막대형)에 대해 알려주세요,0,0,0,0
MI3_240730_TY2_0046_1_V01_1,농축수산물 수입가격지수 동향 표에 대해 알려주세요,0,0,0,0
MI3_240730_TY2_0046_3_V01_1,주요 일반채소류 수입가격 동향 차트에 대해 알려주세요,0,0,0,0
MI3_240730_TY2_0046_4_V01_1,주요 곡물류 수입가격 동향 차트에 대해 알려주세요,0,0,0,0
MI3_240730_TY2_0049_1_V02-4_1,수출검증 업체(개) 337 291 222 84 2011 2012 2013 2014(예상) 꺾은선형 차트에 대해 알려주세요,0,0,0,0
MI3_240730_TY2_0050_1_V02-3_1,'13년 기업규모별 소비재 수출 현황에 대한 차트(원형)에 대해 알려주세요,0,0,0,0
MI3_240730_TY2_0050_2_V01_1,II. 품목별 소비재 수출 동향 비율 차트에 대해 알려주세요,0,0,0,0
MI3_240730_TY2_0056_1_V02-1_1,홍차와 녹차의 수입 비중 차트(세로 막대형)에 대해 알려주세요,0,0,0,0
MI3_240730_TY2_0110_1_V01_1,"'세수증대 효과', '매출증대 효과'에 대한 표 에 대해 알려주세요",0,0,0,0
MI3_240730_TY2_0126_1_V01_1,코로나19 예방접종 추진 현황에 대한 차트(세로 막대형)에 대해 알려주세요,0,0,0,0
MI3_240730_TY2_0135_1_V01_1,"확진자 성별, 연령별 발생현황 표에 대해 알려주세요",0,0,0,0
MI3_240730_TY2_0152_1_V01_1,T04 에 대해 알려주세요,0,0,0,0
MI3_240730_TY2_0171_1_V01_1,정부혁신 + 대한민국 대전환 보다 나은 정부의 코로나19 관련 지표에 대해 알려주세요,0,0,0,0
MI3_240730_TY2_0171_2_V01_1,예방접종차트(세로 막대형)에 대해 알려주세요,0,0,0,0
MI3_240730_TY2_0171_3_V01_1,11월 주별 통계 에 대해 알려주세요,0,0,0,0
MI3_240730_TY2_0173_1_V02-2_1,< 해외감염병 관심도 > 차트(가로 막대형)에 대해 알려주세요,0,0,0,0
MI3_240730_TY2_0190_1_V01_1,코로나바이러스감염증-19 확진환자 검사현황 차트(세로 막대형)에 대해 알려주세요,0,0,0,0
MI3_240730_TY2_0191_1_V01_1,레지오넬라증 개요 차트에 대해 알려주세요,0,0,0,0
MI3_240730_TY2_0198_1_V01_1,접종자 현황과 구분에 대해 알려주세요,0,0,0,0
MI3_240730_TY2_0198_4_V01_1,정부혁신 대한 한국 대전환에 대해 알려주세요,0,0,0,0
MI3_240730_TY2_0201_1_V01_1,코로나19 국내 발생 현황 표에 대해 알려주세요,0,0,0,0
MI3_240730_TY2_0214_1_V02-5_4,기타 AY와 관련된 점유율 변화 차트(영역형)에 대해 알려주세요,0,0,0,0
MI3_240730_TY2_0218_1_V02-8_1,일일신규및누적확진자 현황 혼합형에 대해 알려주세요,0,0,0,0
MI3_240731_TY2_0003_1_V02-8_1,일일 신규 및 누적 확진자 현황 차트(혼합형)에 대해 알려주세요,0,0,0,0
MI3_240731_TY2_0003_2_V02-1_1,복지와 함께 만드는 복지에 대해 알려주세요,0,0,0,0
MI3_240731_TY2_0003_3_V01_1,(단위: 명) 표에 대해 알려주세요,0,0,0,0
MI3_240731_TY2_0004_1_V02-8_2,누적 격리중·격리 해제자 현황 차트(혼합형)에 대해 알려주세요,0,0,0,0
MI3_240731_TY2_0004_2_V02-8_2,건강한 국민에 대한 차트(혼합형)에 대해 알려주세요,0,0,0,0
MI3_240731_TY2_0004_3_V02-8_2,강원 이동평균 차트(혼합형)에 대해 알려주세요,0,0,0,0
MI3_240731_TY2_0004_4_V02-8_1,< 위중증 현황 > 혼합형에 대해 알려주세요,0,0,0,0
MI3_240731_TY2_0005_1_V02-4_1,최근 2절기 인플루엔자의사환자 분율 현황 차트(꺾은선형)에 대해 알려주세요,0,0,0,0
MI3_240731_TY2_0005_2_V02-8_1,정부혁신과 대한민국 대진환의 관련성과 소아 코로나19 예방접종 통계에 대해 알려주세요,0,0,0,0
MI3_240731_TY2_0005_3_V02-8_1,정부혁신 대한민국 대진환 보다나은 정부 한국판뉴딜 차트(혼합형)에 대해 알려주세요,0,0,0,0
MI3_240731_TY2_0018_1_V01_1,결핵 환자 수 및 비율 표에 대해 알려주세요,0,0,0,0
MI3_240731_TY2_0018_2_V01_1,"(단위 : 명, [10만 명당 환자수], (%)) 남 여 전년 대비 증감 구분 2017 2018 신환자수 신환자율 신환자수 신환자율 차트(가로 막대형)에 대해 알려주세요",0,0,0,0
MI3_240731_TY2_0018_3_V01_2,폐결핵 종류별 차트(세로 막대형)에 대해 알려주세요,0,0,0,0
MI3_240731_TY2_0019_1_V01_2,연도 계 서울 꺾은선형에 대해 알려주세요,0,0,0,0
MI3_240731_TY2_0019_2_V02-8_1,2020 월별 일본뇌염 매개모기 발생 현황 차트(혼합형)에 대해 알려주세요,0,0,0,0
MI3_240731_TY2_0042_1_V01_1,1차 및 2차 접종 현황 표에 대해 알려주세요,0,0,0,0
MI3_240731_TY2_0044_1_V01_2,재택치료 현원에 대해 알려주세요,0,0,0,0
MI3_240731_TY2_0050_1_V02-1_1,확진자수(명) 차트(가로 막대형)에 대해 알려주세요,0,0,0,0
MI3_240731_TY2_0050_2_V02-1_1,연령별 인구 10만명당 발생률 차트(세로 막대형)에 대해 알려주세요,0,0,0,0
MI3_240731_TY2_0050_3_V02-3_1,최근 2주간 감염경로별 신규환자 발생현황 원형에 대해 알려주세요,0,0,0,0
MI3_240731_TY2_0050_4_V01_1,확진자수 차트(세로 막대형)에 대해 알려주세요,0,0,0,0
MI3_240731_TY2_0062_1_V02-8_1,코로나19 예방접종 주별 이상반응 신고율 추이 혼합형 차트에 대해 알려주세요,0,0,0,0
MI3_240731_TY2_0062_2_V01_1,제주권 표에 대해 알려주세요,0,0,0,0
MI3_240731_TY2_0062_3_V02-1_1,확진지수(면) 해외유입관련 법률 및 요양병원을 주제로 한 차트(가로 막대형)에 대해 알려주세요,0,0,0,0
MI3_240731_TY2_0062_4_V02-3_1,신규 연령별 이상반응 신고현황 차트(원형)에 대해 알려주세요,0,0,0,0
MI3_240731_TY2_0062_5_V01_1,코로나19 예방접종 후 이상반응 신고현황 표에 대해 알려주세요,0,0,0,0
MI3_240731_TY2_0062_6_V01_1,정부혁신에 대해 알려주세요,0,0,0,0
MI3_240731_TY2_0062_7_V01_1,정부혁신 + 대한민국 대전한 보다나은 정부와 관련된 표에 대해 알려주세요,0,0,0,0
MI3_240731_TY2_0062_8_V02-2_1,중증사례 기저질환 분포 차트(가로 막대형)에 대해 알려주세요,0,0,0,0
MI3_240731_TY2_0087_1_V01_3,경남권 주간 일 평균 주간 누계 표에 대해 알려주세요,0,0,0,0
MI3_240731_TY2_0087_2_V02-3_1,최근 감염경로에 대해 알려주세요,0,0,0,0
MI3_240731_TY2_0106_1_V02-4_1,1 확진자 일별 추세 차트(꺾은선형)에 대해 알려주세요,0,0,0,0
MI3_240731_TY2_0106_2_V02-8_1,대구지역 일일 신규 및 누적 확진자 현황 혼합형에 대해 알려주세요,0,0,0,0
MI3_240731_TY2_0106_3_V02-1_1,확진자 수에 대한 차트(세로 막대형)에 대해 알려주세요.,0,0,0,0
MI3_240731_TY2_0111_1_V01_1,코로나19 국내 발생 및 예방접종 현황 차트에 대해 알려주세요,0,0,0,0
MI3_240731_TY2_0111_2_V01_1,5월 16일부터 5월 22일까지 국내 확진자 수에 대해 알려주세요,0,0,0,0
MI3_240731_TY2_0111_3_V01_1,2. 코로나19 치료병상 및 재택치료 현황 표에 대해 알려주세요,0,0,0,0
MI3_240731_TY2_0119_1_V01_1,성별·연령별 사망현황 표에 대해 알려주세요,0,0,0,0
MI3_240731_TY2_0119_2_V01_1,"건강한 국민, 안전한 사회와 관련된 표에 대해 알려주세요.",0,0,0,0
MI3_240731_TY2_0119_3_V01_2,만 5~11세 기초접종 사전예약 및 접종현황 표에 대해 알려주세요,0,0,0,0
MI3_240731_TY2_0135_1_V01_2,신규 확진자 및 해외 유입 사례 차트(가로 막대형)에 대해 알려주세요,0,0,0,0
MI3_240731_TY2_0135_2_V01_2,국내 주요 발생 현황에 대해 알려주세요,0,0,0,0
MI3_240731_TY2_0140_1_V02-1_1,대국면 외국인 확진자수 표에 대해 알려주세요,0,0,0,0
MI3_240731_TY2_0140_2_V02-1_1,전체 차트(세로 막대형)에 대해 알려주세요,0,0,0,0
MI3_240731_TY2_0155_1_V02-1_1,확진자수 및 사망지수에 대해 알려주세요,0,0,0,0
MI3_240731_TY2_0155_2_V02-1_1,연령별 인구 차트(세로 막대형)에 대해 알려주세요,0,0,0,0
MI3_240731_TY2_0155_3_V01_1,해외유입 확진자수에 대한 표에 대해 알려주세요,0,0,0,0
MI3_240731_TY2_0167_1_V02-1_1,연령대 별 확진자수 차트(세로 막대형)에 대해 알려주세요,0,0,0,0
MI3_240731_TY2_0167_2_V02-8_1,일별 사망자 현황 차트(혼합형)에 대해 알려주세요,0,0,0,0
MI3_240731_TY2_0180_1_V02-8_1,대구지역 일일 신규 및 누적 확진자 현황 혼합형에 대해 알려주세요,0,0,0,0
MI3_240731_TY2_0180_2_V02-1_1,일별 신규 확진자 현황 차트(세로 막대형)에 대해 알려주세요,0,0,0,0
MI3_240731_TY2_0180_3_V02-1_1,확진자수(명) 차트(가로 막대형)에 대해 알려주세요,0,0,0,0
MI3_240731_TY2_0184_1_V01_2,T04에 대해 알려주세요,0,0,0,0
MI3_240731_TY2_0208_1_V02-8_1,5년 평균발생건수(6~20년) 차트(혼합형)에 대해 알려주세요,0,0,0,0
MI3_240731_TY2_0208_2_V02-1_1,정부혁신 + 대한민국 대전환 보다나은 정부에 대해 알려주세요,0,0,0,0
MI3_240731_TY2_0208_3_V02-4_2,바이러스성 장관감염증과 관련된 차트(꺾은선형)에 대해 알려주세요,0,0,0,0
MI3_240731_TY2_0212_1_V02-4_1,일일 신규 확진·격리 해제자 현황 차트(꺾은선형)에 대해 알려주세요,0,0,0,0
MI3_240731_TY2_0212_2_V02-1_2,수도권지역 일일 누적 확진자 현황 차트(세로 막대형)에 대해 알려주세요,0,0,0,0
MI3_240731_TY2_0212_3_V02-8_3,경기지역 일일 신규 및 누적 확진자 현황 혼합형에 대해 알려주세요,0,0,0,0
MI3_240731_TY2_0212_4_V02-8_1,대구지역 확진자 현황 혼합형에 대해 알려주세요,0,0,0,0
MI3_240731_TY2_0212_5_V02-1_2,일별 누적 확진자 현황 차트(차트(가로 막대형)에 대해 알려주세요,0,0,0,0
MI3_240731_TY2_0212_6_V01_1,확진자 및 사망자 통계 데이터의 표에 대해 알려주세요,0,0,0,0
MI3_240731_TY2_0212_7_V02-1_1,연령별 인구 10만명당 발생율 차트(세로 막대형)에 대해 알려주세요,0,0,0,0
MI3_240731_TY2_0212_8_V01_1,확진자수에 대한 표에 대해 알려주세요,0,0,0,0
MI3_240731_TY2_0215_1_V02-8_1,일일 의심신고·확진자 현황 차트(혼합형)에 대해 알려주세요,0,0,0,0
MI3_240731_TY2_0215_2_V02-1_2,수도권지역 일일 누적 확진자 현황 차트(세로 막대형)에 대해 알려주세요,0,0,0,0
MI3_240731_TY2_0215_3_V02-8_1,서울지역 일일 신규 및 누적 확진자 현황 차트(혼합형)에 대해 알려주세요,0,0,0,0
MI3_240731_TY2_0215_4_V02-8_2,충남지역 일일 신금 및 누적 확진자 현황 혼합형에 대해 알려주세요,0,0,0,0
MI3_240731_TY2_0215_5_V02-1_1,연령별·주별 확진자 현황 차트(세로 막대형)에 대해 알려주세요,0,0,0,0
MI3_240731_TY2_0215_6_V02-8_1,성별·연령별 사망자 현황 차트(혼합형)에 대해 알려주세요,0,0,0,0
MI3_240731_TY2_0215_7_V02-1_1,< 해외유입 확진자 현황 > 차트(세로 막대형)에 대해 알려주세요,0,0,0,0
MI3_240731_TY2_0227_1_V01_2,백신별 접종 현황 표에 대해 알려주세요,0,0,0,0
MI3_240731_TY2_0227_2_V01_1,"정부혁신 + 대한민국 대전환 보다나은 정부 건강한 국민, 안전한 사회 차트(표)에 대해 알려주세요",0,0,0,0
MI3_240731_TY2_0227_3_V01_2,1차 접종자 제 완료 표에 대해 알려주세요,0,0,0,0
MI3_240731_TY2_0227_4_V01_1,C02 에 대해 알려주세요,0,0,0,0
MI3_240731_TY2_0227_5_V01_2,전체 접종자 표에 대해 알려주세요,0,0,0,0
MI3_240731_TY2_0227_6_V01_2,잔여백신 접종 현황 표에 대해 알려주세요,0,0,0,0
MI3_240731_TY2_0234_1_V02-2_2,감염병 현황을 보여주는 차트(가로 막대형)에 대해 알려주세요,0,0,0,0
MI3_240731_TY2_0234_2_V02-2_1,OPEN 차트(가로 막대형)에 대해 알려주세요,0,0,0,0
MI3_240731_TY2_0234_3_V01_1,감염병 발생률에 대한 표에 대해 알려주세요,0,0,0,0
MI3_240731_TY2_0234_4_V01_1,법정감염병신고현황 차트(세로 막대형)에 대해 알려주세요,0,0,0,0
MI3_240731_TY2_0234_5_V01_1,2001-2018년도 법정감염병 사망신고현황에 대해 알려주세요,0,0,0,0
MI3_240731_TY2_0234_6_V01_1,2017-2018년도 법정감염병 신고 증감 현황 차트(세로 막대형)에 대해 알려주세요,0,0,0,0
MI3_240731_TY2_0242_1_V01_3,시도별 접종 현황에 대해 알려주세요,0,0,0,0
MI3_240731_TY2_0242_2_V01_1,"정부혁신 + 대한민국 대전환 보다 나은 정부 건강한 국민, 안전한 사회에 대해 알려주세요",0,0,0,0
MI3_240731_TY2_0242_3_V01_1,"확진자 성별, 연령별 발생현황 표에 대해 알려주세요",0,0,0,0
MI3_240731_TY2_0242_4_V01_2,주간 일 평균 및 누계 표에 대해 알려주세요,0,0,0,0
MI3_240731_TY2_0242_5_V01_2,경북권 표에 대해 알려주세요,0,0,0,0
MI3_240731_TY2_0242_6_V02-3_1,정부혁신 + 대한민국 대전환 보다 나은 정부 차트(원형)에 대해 알려주세요,0,0,0,0
MI3_240731_TY2_0250_1_V02-1_1,2019년 성·연령별 손상입원환자수 차트(세로 막대형)에 대해 알려주세요,0,0,0,0
MI3_240731_TY2_0250_2_V02-2_1,연령별 중독 손상환자수 차트(가로 막대형)에 대해 알려주세요,0,0,0,0
MI3_240731_TY2_0250_3_V02-1_1,전체 입원환자 손상 입원환자 차트(세로 막대형)에 대해 알려주세요,0,0,0,0
MI3_240731_TY2_0255_1_V02-8_2,"12,000 격리해제 약진 차트(혼합형)에 대해 알려주세요",0,0,0,0
MI3_240731_TY2_0255_2_V02-1_2,수도권지역 일일 누적 확진자 현황 차트(세로 막대형)에 대해 알려주세요,0,0,0,0
MI3_240731_TY2_0255_3_V02-8_2,인천지역 일일 신규 및 누적 확진자 현황 차트(혼합형)에 대해 알려주세요,0,0,0,0
MI3_240731_TY2_0255_4_V02-8_3,검역 일일 신규 및 누적 확진자 현황 혼합형에 대해 알려주세요,0,0,0,0
MI3_240731_TY2_0255_5_V01_2,< 성별·연령별 사망현황 > 표에 대해 알려주세요,0,0,0,0
MI3_240731_TY2_0255_6_V02-1_1,정부혁신과 힘내라를 주제로 한 차트(세로 막대형)에 대해 알려주세요,0,0,0,0
MI3_240731_TY2_0272_2_V01_1,정부혁신 다양한 복지서비스와 관련된 전신반응 시각요소에 대해 알려주세요,0,0,0,0
MI3_240731_TY2_0275_1_V02-8_2,해외감염병 관련 격려해제 & 객리중 혼합형에 대해 알려주세요,0,0,0,0
MI3_240731_TY2_0275_2_V02-1_2,수도권지역 일일 누적 확진자 현황 차트(세로 막대형)에 대해 알려주세요,0,0,0,0
MI3_240731_TY2_0275_3_V02-8_1,서울지역 확진자 현황 차트(혼합형)에 대해 알려주세요,0,0,0,0
MI3_240731_TY2_0275_4_V02-8_3,검역확진자 현황 차트(혼합형)에 대해 알려주세요,0,0,0,0
MI3_240731_TY2_0275_5_V02-8_1,< 위중·중증환자 현황 > 혼합형 차트에 대해 알려주세요,0,0,0,0
MI3_240731_TY2_0275_6_V02-4_1,< 감염경로 구분에 따른 일별 신규 확진환자 현황 > 차트(꺾은선형)에 대해 알려주세요,0,0,0,0
MI3_240731_TY2_0275_7_V02-1_5,전체 차트(세로 막대형)에 대해 알려주세요,0,0,0,0
MI3_240731_TY2_0275_8_V02-1_1,복지 평생친구 힘내라 차트(세로 막대형)에 대해 알려주세요,0,0,0,0
MI3_240731_TY2_0277_1_V01_1,일본뇌염 개요 표에 대해 알려주세요,0,0,0,0
MI3_240731_TY2_0277_2_V01_1,<연도별 일본뇌염 주의보·경보 발령일 및 환자 발생현황> 표에 대해 알려주세요,0,0,0,0
MI3_240731_TY2_0289_1_V02-8_2,일일 누적 격리중·격리 해제자 현황 차트(혼합형)에 대해 알려주세요,0,0,0,0
MI3_240731_TY2_0289_2_V02-5_1,수도권지역 일일 누적 확진자 현황 차트(영역형)에 대해 알려주세요,0,0,0,0
MI3_240731_TY2_0289_3_V02-8_3,진기지역 일일 신규 및 누적 확진자 현황 혼합형에 대해 알려주세요,0,0,0,0
MI3_240731_TY2_0289_4_V02-8_3,검역 일일 신규 및 누적 죽전자 현황 차트(혼합형)에 대해 알려주세요,0,0,0,0
MI3_240731_TY2_0289_5_V01_3,< 일별 사망자 현황 > 표에 대해 알려주세요,0,0,0,0
MI3_240731_TY2_0289_6_V02-1_1,정부혁신과 힘내라 보다나은 정부에 대한 차트(세로 막대형)에 대해 알려주세요,0,0,0,0
MI3_240731_TY2_0294_1_V02-8_2,일일 누적 격리중·격리 해제자 현황 차트(혼합형)에 대해 알려주세요,0,0,0,0
MI3_240731_TY2_0294_2_V02-5_1,수도권지역 일일 누적 확진자 현황 차트(영역형)에 대해 알려주세요,0,0,0,0
MI3_240731_TY2_0294_3_V02-8_3,경기지역 일일 신규 및 누적 확진지 현황 혼합형에 대해 알려주세요,0,0,0,0
MI3_240731_TY2_0294_4_V02-8_3,경이 일일신규및누적·펴진지 현황 혼합형에 대해 알려주세요,0,0,0,0
MI3_240731_TY2_0294_5_V02-3_1,감염경로구분에 따른 현황 원형 차트에 대해 알려주세요,0,0,0,0
MI3_240731_TY2_0294_6_V02-1_1,정부혁신과 복지에 대한 차트(세로 막대형)에 대해 알려주세요,0,0,0,0
MI3_240731_TY2_0294_7_V02-1_1,해외유입 확진자 현황 차트(세로 막대형)에 대해 알려주세요,0,0,0,0
MI3_240731_TY2_0294_8_V02-1_2,연령대별 검사 건수에 관한 차트(세로 막대형)에 대해 알려주세요,0,0,0,0
MI3_240731_TY2_0296_1_V01_1,"정부혁신 + 대한민국 대전환 보다나은 정부 건강한 국민, 안전한 사회 시각 요소 제목과 관련된 표에 대해 알려주세요.",0,0,0,0
MI3_240731_TY2_0296_2_V01_3,확진자 관리 현황 표에 대해 알려주세요,0,0,0,0
MI3_240731_TY2_0296_3_V01_1,전체 접종률 현황 표에 대해 알려주세요,0,0,0,0
MI3_240731_TY2_0296_4_V01_1,"정부혁신 대한민국 대전환 보다나은 정부 한국판뉴딜 건강한 국민, 안전한 사회에 대한 표에 대해 알려주세요",0,0,0,0
MI3_240731_TY2_0296_5_V01_1,구분 합계 서울 부산 대구 인천 광주 대전 울산 세종 경기 강원 충북 충남 전북 전남 경북 경남 제주 표에 대해 알려주세요,0,0,0,0
MI3_240731_TY2_0296_6_V01_2,전체 접종자 표에 대해 알려주세요,0,0,0,0
MI3_240731_TY2_0296_7_V01_3,잔여백신 접종 현황 본문 표에 대해 알려주세요,0,0,0,0
MI3_240731_TY2_0296_8_V01_2,중대한 이상반응과 관련된 차트에 대해 알려주세요,0,0,0,0
MI3_240731_TY2_0336_1_V02-3_1,"정부혁신 + 대한민국 대전환 보다나은 정부 한국판뉴딜 건강한 국민, 안전한 사회와 관련하여 원형 차트에 대해 알려주세요",0,0,0,0
MI3_240731_TY2_0336_2_V01_1,6월 4주 6월 5주 7월 1주 7월 2주 표에 대해 알려주세요,0,0,0,0
MI3_240731_TY2_0336_3_V02-4_1,신규 확진자 차트(꺾은선형)에 대해 알려주세요,0,0,0,0
MI3_240731_TY2_0336_4_V02-1_2,해외유입 확진자 현황 차트(세로 막대형)에 대해 알려주세요,0,0,0,0
MI3_240731_TY2_0336_5_V02-8_1,아스트라제네카 백신 관련 데이터 차트(혼합형)에 대해 알려주세요,0,0,0,0
MI3_240731_TY2_0336_6_V01_1,예방접종 이상반응 신고 현황에 대해 알려주세요,0,0,0,0
MI3_240731_TY2_0336_7_V01_2,피해조사반 심의사례 중 사망사례 추정사인(다빈도) 표에 대해 알려주세요,0,0,0,0
MI3_240731_TY2_0336_8_V01_1,백신종류 구분 표에 대해 알려주세요,0,0,0,0
MI3_240731_TY2_0339_1_V02-3_2,원형 차트에 대해 알려주세요,0,0,0,0
MI3_240731_TY2_0339_3_V01_1,다양한 복지서비스에 대한 통계와 차트에 대해 알려주세요,0,0,0,0
MI3_240731_TY2_0352_1_V01_1,정부혁신 대한민국 대전환에 대한 시각요소 범례와 표에 대해 알려주세요,0,0,0,0
MI3_240731_TY2_0352_2_V01_1,정부혁신 대한민국 대전환에 대한 표의 내용과 관련하여 알려주세요,0,0,0,0
MI3_240731_TY2_0352_3_V01_1,O 화이자 백신 차트(세로 막대형)에 대해 알려주세요,0,0,0,0
MI3_240731_TY2_0352_4_V01_2,얀센 백신 표에 대해 알려주세요,0,0,0,0
MI3_240731_TY2_0367_1_V02-8_2,일일 누적 격리중·격리 해제자 현황 차트(혼합형)에 대해 알려주세요,0,0,0,0
MI3_240731_TY2_0367_2_V02-8_2,인천지역 일일신규 및부작 차트(혼합형)에 대해 알려주세요,0,0,0,0
MI3_240731_TY2_0367_3_V02-8_2,광주지역 확진자 현황 혼합형에 대해 알려주세요,0,0,0,0
MI3_240731_TY2_0367_4_V02-8_1,일별 사망자 현황 차트(혼합형)에 대해 알려주세요,0,0,0,0
MI3_240731_TY2_0367_5_V02-4_1,최근 2주간 일별 신규 확진자 현황 꺾은선형에 대해 알려주세요,0,0,0,0
MI3_240731_TY2_0422_3_V01_1,예약대상 예약기간에 대해 알려주세요,0,0,0,0
MI3_240731_TY2_0438_2_V01_1,본문에서 제시된 공통 문항에 대한 표에 대해 알려주세요,0,0,0,0
MI3_240731_TY2_0438_3_V01_1,정부의 다양한 복지 서비스에 대한 정보와 시각적 데이터를 제시하는 내용에 대해 알려주세요,0,0,0,0
MI3_240731_TY2_0439_1_V02-4_1,온열질환자 수 변화 차트(꺾은선형)에 대해 알려주세요,0,0,0,0
MI3_240731_TY2_0439_2_V01_2,성별 인원 표에 대해 알려주세요,0,0,0,0
MI3_240731_TY2_0455_1_V02-8_3,경기지역 일일신규 및 누적 확진지 현황 차트(혼합형)에 대해 알려주세요,0,0,0,0
MI3_240731_TY2_0455_2_V02-8_3,검역 영업 신규 뒷누직 확진자 현황 혼합형에 대해 알려주세요,0,0,0,0
MI3_240731_TY2_0455_3_V01_2,< 성별·연령별 사망현황 > 표에 대해 알려주세요,0,0,0,0
MI3_240731_TY2_0455_4_V02-1_1,< 해외유입 확진자 현황 > 세로 막대형에 대해 알려주세요,0,0,0,0
MI3_240731_TY2_0462_2_V02-1_1,추석맞이 농축수산물 수입가격공개 1차 차트(세로 막대형)에 대해 알려주세요,0,0,0,0
MI3_240802_TY2_0001_1_V01_3,품품군별 적발실적과 관련된 식품 비식품 계에 대해 알려주세요,0,0,0,0
MI3_240802_TY2_0001_2_V01_1,적발금액 적발수량 적발건수 차트(세로 막대형)에 대해 알려주세요,0,0,0,0
MI3_240802_TY2_0011_1_V02-6_1,티타늄 수입단가 전년대비 변화 차트(분산형)에 대해 알려주세요,0,0,0,0
MI3_240802_TY2_0011_2_V02-1_4,총괄 부문별 성과에 대해 알려주세요,0,0,0,0
MI3_240802_TY2_0011_3_V02-4_1,에 대한 꺾은선형 차트에 대해 알려주세요,0,0,0,0
MI3_240802_TY2_0017_1_V02-8_1,10개 품목 평균대비 단가수준(%) 차트(혼합형)에 대해 알려주세요,0,0,0,0
MI3_240802_TY2_0017_3_V02-4_1,수입량 변화 차트(꺾은선형)에 대해 알려주세요,0,0,0,0
MI3_240802_TY2_0017_4_V02-4_1,수입량 변화 100원 차트(꺾은선형)에 대해 알려주세요,0,0,0,0
MI3_240802_TY2_0017_5_V02-4_1,수입량 변화 차트(꺾은선형)에 대해 알려주세요,0,0,0,0
MI3_240802_TY2_0030_1_V02-3_1,주요국가 수출현황 차트(원형)에 대해 알려주세요,0,0,0,0
MI3_240802_TY2_0030_2_V02-1_1,주요품목 수입현황 차트(세로 막대형)에 대해 알려주세요,0,0,0,0
MI3_240802_TY2_0041_1_V02-4_1,수출 연도별 수출입단가 꺾은선형에 대해 알려주세요,0,0,0,0
MI3_240802_TY2_0041_2_V02-1_2,급수출 연도별 수출입액 차트(세로 막대형)에 대해 알려주세요,0,0,0,0
MI3_240802_TY2_0041_3_V02-4_1,승용차 수출입 단가 동향 꺾은선형 차트에 대해 알려주세요,0,0,0,0
MI3_240802_TY2_0058_1_V01_1,2012년 월말 근로자 수 현황 표에 대해 알려주세요,0,0,0,0
MI3_240802_TY2_0058_2_V01_1,월말 근로자 수 표에 대해 알려주세요,0,0,0,0
MI3_240802_TY2_0058_3_V01_2,'13.5월 합병법인의 합병전후 매월말 근로자 수에 대해 알려주세요,0,0,0,0
MI3_240802_TY2_0058_4_V01_1,합병법인에 대해 알려주세요,0,0,0,0
MI3_240802_TY2_0061_1_V01_1,AEO 공인 현황 에 대해 알려주세요,0,0,0,0
MI3_240802_TY2_0061_2_V01_1,주요국 AEO 제도 현황 표에 대해 알려주세요,0,0,0,0
MI3_240802_TY2_0070_1_V01_1,최근 10년간 주요 사무용품 수입동향과 관련된 시각요소에 대해 알려주세요.,0,0,0,0
MI3_240802_TY2_0070_2_V01_2,품목별 목록 차트에 대해 알려주세요,0,0,0,0
MI3_240802_TY2_0073_1_V02-8_1,2012년 1월 수출입동향 및 I 수출 동향에 대해 알려주세요,0,0,0,0
MI3_240802_TY2_0073_2_V01_1,"(전년동월대비, %) 표에 대해 알려주세요",0,0,0,0
MI3_240802_TY2_0073_3_V02-1_1,무역수지 동향 월별 무역수지 추이에 대해 알려주세요,0,0,0,0
MI3_240802_TY2_0074_1_V02-6_1,10월 10대 희소금속 수입단가 및 수입량 변화 차트(분산형)에 대해 알려주세요,0,0,0,0
MI3_240802_TY2_0074_2_V01_1,총괄 및 희토류 차트(혼합형)에 대해 알려주세요,0,0,0,0
MI3_240802_TY2_0074_3_V01_2,증강률(%) 꺾은선형에 대해 알려주세요,0,0,0,0
MI3_240802_TY2_0074_4_V01_2,표에 대해 알려주세요,0,0,0,0
MI3_240802_TY2_0074_5_V02-4_3,수입량 단위 차트(꺾은선형)에 대해 알려주세요,0,0,0,0
MI3_240802_TY2_0074_6_V02-4_1,T01 T02 T03 차트(꺾은선형)에 대해 알려주세요,0,0,0,0
MI3_240802_TY2_0074_7_V02-4_3,수입량 및 단가 차트(꺾은선형)에 대해 알려주세요,0,0,0,0
MI3_240802_TY2_0076_1_V02-8_1,2012년 3월 수출입동향 및 I 수출 동향에 대해 알려주세요,0,0,0,0
MI3_240802_TY2_0076_2_V01_1,< 용도별 수입 증감률 추이> 표에 대해 알려주세요,0,0,0,0
MI3_240802_TY2_0076_3_V02-1_1,무역수지 동향 및 월별 무역수지 추이에 대해 알려주세요,0,0,0,0
MI3_240802_TY2_0078_1_V02-8_1,2012년 10월 수출입동향 및 무역수지에 대한 월별 수출액 증감률(혼합형)에 대해 알려주세요,0,0,0,0
MI3_240802_TY2_0078_2_V01_1,소비재와 원자재의 수입 변화 표에 대해 알려주세요,0,0,0,0
MI3_240802_TY2_0078_3_V02-1_1,무역수지 동향 및 월별 무역수지 추이에 대해 알려주세요,0,0,0,0
MI3_240802_TY2_0082_1_V02-8_1,2013년 2월 수출입동향 및 무역수지 1 수출 동향 < 월별 수출액 및 증감률 > 혼합형에 대해 알려주세요,0,0,0,0
MI3_240802_TY2_0082_2_V02-8_1,월별 수입액 및 증감률 혼합형에 대해 알려주세요,0,0,0,0
MI3_240802_TY2_0082_3_V02-8_1,"무역수지 동향에 대한 월별 무역수지 및 수출액, 수입액 추이에 대해 알려주세요",0,0,0,0
MI3_240802_TY2_0086_1_V02-8_1,2013년 10월 수출입동향 및 무역수지 1 수출 동향 < 월별 수출액 및 증감률 > 혼합형에 대해 알려주세요,0,0,0,0
MI3_240802_TY2_0086_2_V02-8_1,월별 수입액 및 증감률 혼합형에 대해 알려주세요,0,0,0,0
MI3_240802_TY2_0086_3_V02-8_1,3 무역수지 동향의 월별 무역수지·수출액·수입액 추이에 대해 알려주세요,0,0,0,0
MI3_240802_TY2_0095_1_V02-6_1,250 수입단가 및 인동 차트(분산형)에 대해 알려주세요,0,0,0,0
MI3_240802_TY2_0095_2_V02-1_3,T01 T02 차트(세로 막대형) V02-1에 대해 알려주세요,0,0,0,0
MI3_240802_TY2_0095_3_V02-1_4,LS 수입단가 단위 차트(세로 막대형)에 대해 알려주세요,0,0,0,0
MI3_240802_TY2_0095_4_V01_2,증강률(%) 표에 대해 알려주세요,0,0,0,0
MI3_240802_TY2_0095_5_V02-1_3,T01 T02 T03 차트(세로 막대형)에 대해 알려주세요,0,0,0,0
MI3_240802_TY2_0095_6_V02-1_2,수입단가 단위 8 차트(영역형)에 대해 알려주세요,0,0,0,0
MI3_240802_TY2_0095_7_V02-1_3,"10,000 수입량 단위:돈 차트(세로 막대형)에 대해 알려주세요",0,0,0,0
MI3_240802_TY2_0098_1_V01_1,세로 막대형에 대해 알려주세요,0,0,0,0
MI3_240802_TY2_0098_2_V02-4_1,3월 1일 이후 대일 수출입액 차트(꺾은선형)에 대해 알려주세요,0,0,0,0
MI3_240802_TY2_0108_1_V02-8_1,< 월별 무역수지 비교> 차트(혼합형)에 대해 알려주세요,0,0,0,0
MI3_240802_TY2_0108_2_V01_1,"(단위: 억 달러, %) 표에 대해 알려주세요",0,0,0,0
MI3_240802_TY2_0108_3_V02-8_1,월별 수입금액 및 증감률 변동 추이에 대해 알려주세요,0,0,0,0
MI3_240802_TY2_0114_1_V02-8_1,2011년 5월 수출입동향 및 무역수지 I 수출 동향 < 월별 수출액 및 증감률 > 혼합형에 대해 알려주세요,0,0,0,0
MI3_240802_TY2_0114_2_V01_1,"(전년동기대비, %) 표에 대해 알려주세요",0,0,0,0
MI3_240802_TY2_0114_3_V02-1_1,Ⅲ 무역수지 동향월별 무역수지 추이에 대해 알려주세요,0,0,0,0
MI3_240802_TY2_0153_3_V01_2,국가별 화폐 변동성에 대한 표에 대해 알려주세요,0,0,0,0
MI3_240802_TY2_0153_4_V02-1_1,< 월별 무역수지 > 차트(세로 막대형)에 대해 알려주세요,0,0,0,0
MI3_240802_TY2_0154_1_V02-1_1,월별 수출입 및 무역수지 추이 세로 막대형 차트에 대해 알려주세요,0,0,0,0
MI3_240802_TY2_0154_2_V01_1,주요 품목의 분기별 수출액 표에 대해 알려주세요,0,0,0,0
MI3_240802_TY2_0197_2_V01_1,국가별 포도주 수입 표에 대해 알려주세요,0,0,0,0
MI3_240802_TY2_0197_4_V01_2,연도별 위스키 수입 표에 대해 알려주세요,0,0,0,0
MI3_240802_TY2_0209_1_V01_2,2015년 4월 수출입 연간 통계에 대해 알려주세요,0,0,0,0
MI3_240802_TY2_0209_2_V02-8_1,2015년 4월 수출입동향 및 무역수지 1 수출 동향 < 월별 수출액 및 증감률 > 혼합형에 대해 알려주세요,0,0,0,0
MI3_240802_TY2_0209_4_V02-8_1,3 무역수지 동향에 대해 알려주세요,0,0,0,0
MI3_240802_TY2_0215_1_V02-8_1,2015년 6월 수출입동향 및 무역수지 1 수출 동향 < 월별 수출액 및 증감률 > 혼합형에 대해 알려주세요,0,0,0,0
MI3_240802_TY2_0215_3_V02-8_1,3 무역수지 동향에 대해 알려주세요,0,0,0,0
MI3_240802_TY2_0220_1_V01_2,T01 T02 표 V01에 대해 알려주세요,0,0,0,0
MI3_240802_TY2_0220_2_V02-8_2,연도별 수출규모 변화 추이 차트(혼합형)에 대해 알려주세요,0,0,0,0
MI3_240802_TY2_0220_3_V02-8_1,수출가격과 수입가격 비교 차트(혼합형)에 대해 알려주세요,0,0,0,0
MI3_240802_TY2_0228_2_V01_2,국가별 전자상거래 물품 수입통관 현황 표에 대해 알려주세요,0,0,0,0
MI3_240802_TY2_0265_1_V01_1,참고2 협업 추진계획 표에 대해 알려주세요,0,0,0,0
MI3_240802_TY2_0267_2_V01_1,관세청의 소프트웨어 품질 성숙도 수준에 대한 영역 프로세스 엔지니어링 차트에 대해 알려주세요,0,0,0,0
MI3_240802_TY2_0275_1_V02-8_1,최근 5년간 라면 수출입 현황 혼합형에 대해 알려주세요,0,0,0,0
MI3_240802_TY2_0275_2_V02-8_1,수출입 평균가격 추이에 대해 알려주세요,0,0,0,0
MI3_240802_TY2_0277_1_V02-4_1,농산물 수입가격지수 현황 차트(꺾은선형)에 대해 알려주세요,0,0,0,0
MI3_240802_TY2_0277_2_V01_1,주요 축산물 수입가격지수 현황 표에 대해 알려주세요,0,0,0,0
MI3_240802_TY2_0277_3_V02-4_1,수산물 차트(꺾은선형)에 대해 알려주세요,0,0,0,0
MI3_240802_TY2_0287_3_V02-8_1,< 월별 무역수지·수출액·수입액 추이> 혼합형 차트에 대해 알려주세요,0,0,0,0
MI3_240802_TY2_0287_4_V01_1,'16년 11월 데이터에 대한 차트(세로 막대형)에 대해 알려주세요,0,0,0,0
MI3_240802_TY2_0306_2_V01_1,Ⅱ YES FTA 전문교육 교육프로그램과 관련하여 이 시각적 요소의 내용을 알려주세요.,0,0,0,0
MI3_240802_TY2_0306_3_V01_2,원산지결정 및 FTA활용실무에 대해 알려주세요,0,0,0,0
MI3_240802_TY2_0306_4_V01_2,관세법 개요 표에 대해 알려주세요,0,0,0,0
MI3_240802_TY2_0306_5_V01_1,원산지검증 총칙 에 대해 알려주세요,0,0,0,0
MI3_240802_TY2_0306_6_V01_1,FTA 원산지 검증에 대한 차트(세로 막대형)에 대해 알려주세요,0,0,0,0
MI3_240802_TY2_0306_7_V01_2,모기업 담당자 멘트 및 업무 애로사항 사례에 대해 알려주세요,0,0,0,0
MI3_240802_TY2_0336_1_V01_2,수출입 현황에 대한 차트(세로 막대형)에 대해 알려주세요,0,0,0,0
MI3_240802_TY2_0336_2_V02-8_1,< 월별 수출액 및 증감률 > 혼합형에 대해 알려주세요,0,0,0,0
MI3_240802_TY2_0336_3_V01_1,"(전년 동월 대비, %) 차트(세로 막대형)에 대해 알려주세요",0,0,0,0
MI3_240802_TY2_0336_9_V02-8_1,무역수지 현황과 8월의 무역수지 및 수출입액 추이에 대해 알려주세요,0,0,0,0
MI3_240802_TY2_0364_2_V01_1,수출자 및 관련 기관의 목록에 대해 알려주세요,0,0,0,0
MI3_240802_TY2_0381_1_V02-4_1,한-인도 경제동반지협정 발효 10주년 수출입 동향 꺾은선형 차트에 대해 알려주세요,0,0,0,0
MI3_240802_TY2_0381_2_V01_1,< 한국의 확인도 교역 현황 > 표에 대해 알려주세요,0,0,0,0
MI3_240802_TY2_0381_3_V01_1,18년 수출 상위 10대 품목의 연도별 수출 현황 차트(세로 막대형)에 대해 알려주세요,0,0,0,0
MI3_240802_TY2_0381_4_V01_1,수입 상위 10대 품목의 연도별 수입 현황 그래프에 대해 알려주세요,0,0,0,0
MI3_240802_TY2_0387_1_V01_1,Korea KOREA 보도자료 본문 표에 대해 알려주세요,0,0,0,0
MI3_240802_TY2_0387_2_V01_1,분석 결과에 대해 알려주세요,0,0,0,0
MI3_240802_TY2_0396_1_V01_1,관세청 KOREA GNI-PASS 보도자료 교역규모(억불) 차트에 대해 알려주세요,0,0,0,0
MI3_240802_TY2_0396_2_V01_1,한국의 주요 교역국별교역현황 에 대해 알려주세요,0,0,0,0
MI3_240802_TY2_0396_3_V01_1,이 보고서의 제목에 해당하는 산업별 FTA 활용 현황 표에 대해 알려주세요,0,0,0,0
MI3_240802_TY2_0396_4_V01_1,참고1 FTA 발효국과의 교역 현황 표에 대해 알려주세요,0,0,0,0
MI3_240802_TY2_0396_5_V01_1,FTA 협정별 활용률에 대한 표의 내용을 알려주세요,0,0,0,0
MI3_240802_TY2_0396_6_V01_1,지자체별 활용률 차트(세로 막대형)에 대해 알려주세요,0,0,0,0
MI3_240802_TY2_0398_1_V01_1,2019년 8월 수출입 현황 차트에 대해 알려주세요,0,0,0,0
MI3_240802_TY2_0398_2_V02-8_1,2019년 8월 수출입현황 및 무역수지 1 수출 현황 혼합형에 대해 알려주세요,0,0,0,0
MI3_240802_TY2_0398_3_V01_1,주요 품목별 수출 증감률 차트에 대해 알려주세요,0,0,0,0
MI3_240802_TY2_0398_4_V01_2,T04에 대해 알려주세요,0,0,0,0
MI3_240802_TY2_0398_5_V01_1,미미국 수출 추이 표에 대해 알려주세요,0,0,0,0
MI3_240802_TY2_0398_6_V01_1,베트남 수출 추이 표에 대해 알려주세요,0,0,0,0
MI3_240802_TY2_0398_7_V01_2,T04에 대해 알려주세요,0,0,0,0
MI3_240802_TY2_0398_8_V02-8_1,무역수지 현황과 관련된 월별 무역수지·수출액·수입액 추이에 대해 알려주세요,0,0,0,0
MI3_240802_TY2_0410_1_V01_1,신속통관 지원팀 현황 표에 대해 알려주세요,0,0,0,0
MI3_240802_TY2_0411_1_V01_1,관세청 보도자료 표에 대해 알려주세요,0,0,0,0
MI3_240802_TY2_0411_2_V01_1,중량 차트(세로 막대형)에 대해 알려주세요,0,0,0,0
MI3_240802_TY2_0411_3_V01_1,주요 품목별 수출 증감률 에 대해 알려주세요,0,0,0,0
MI3_240802_TY2_0411_4_V01_1,화중국 수출 추이 차트에 대해 알려주세요,0,0,0,0
MI3_240802_TY2_0411_5_V01_2,밝일본 수출 추이 표에 대해 알려주세요,0,0,0,0
MI3_240802_TY2_0411_6_V01_1,화베트남 수출 추이 표에 대해 알려주세요,0,0,0,0
MI3_240802_TY2_0411_7_V01_1,T04에 대해 알려주세요,0,0,0,0
MI3_240802_TY2_0411_8_V02-8_1,3 무역수지 현황에 대한 혼합형 차트에 대해 알려주세요,0,0,0,0
MI3_240802_TY2_0442_1_V01_1,2020년 11월 월간 수출입 현황 차트에 대해 알려주세요,0,0,0,0
MI3_240802_TY2_0442_2_V01_1,"2020년 11월 수출입현황 및 무역수지 1 수출 현황 (단위: 만톤, 전년 동월 대비 %) 표에 대해 알려주세요",0,0,0,0
MI3_240802_TY2_0442_3_V01_1,"(단위:전년 동월 대비, %)에 대해 알려주세요",0,0,0,0
MI3_240802_TY2_0442_4_V01_2,T01 T02 T03 표에 대해 알려주세요,0,0,0,0
MI3_240802_TY2_0442_5_V01_2,베트남 수출 추이에 대한 차트(가로 막대형)에 대해 알려주세요,0,0,0,0
MI3_240802_TY2_0442_6_V01_1,밝중동 수출 추이 표에 대해 알려주세요,0,0,0,0
MI3_240802_TY2_0442_7_V01_1,소비재 자본재에 대한 차트(세로 막대형)에 대해 알려주세요,0,0,0,0
MI3_240802_TY2_0442_8_V02-8_1,3 무역수지 현황에 대한 월별 무역수지·수출액·수입액 추이에 대해 알려주세요,0,0,0,0
MI3_240802_TY2_0459_1_V02-8_1,18~19년 평균 차트(혼합형)에 대해 알려주세요,0,0,0,0
MI3_240802_TY2_0475_1_V02-8_1,승용차 수출입 차트(혼합형)에 대해 알려주세요,0,0,0,0
MI3_240802_TY2_0487_1_V01_2,컴퓨터와 TV 관련 표에 대해 알려주세요,0,0,0,0
MI3_240802_TY2_0492_1_V02-4_1,수출입 해상 컨테이너 신고운임 평균 월별 추이에 대해 알려주세요,0,0,0,0
MI3_240802_TY2_0533_1_V02-4_1,해상 수출입 운송비용 차트(꺾은선형)에 대해 알려주세요,0,0,0,0
MI3_240805_TY2_0005_1_V02-4_1,최근 3개월 평균기온 변화 차트(꺾은선형)에 대해 알려주세요,0,0,0,0
MI3_240805_TY2_0005_2_V02-1_1,연도별 강수량 세로 막대형 차트에 대해 알려주세요,0,0,0,0
MI3_240805_TY2_0011_1_V01_1,경제의 품을 비꾸민 혁신 정부 미래가 달려집니다 보도자료 Press Release에 대해 알려주세요,0,0,0,0
MI3_240805_TY2_0011_2_V01_1,붙임 2 공동연수회 상세계획의 시각요소 표에 대해 알려주세요,0,0,0,0
MI3_240805_TY2_0015_1_V02-5_1,5월 중순 5월 하순 6월 상순 영역형에 대해 알려주세요,0,0,0,0
MI3_240805_TY2_0015_2_V02-5_1,기온 분포 영역형에 대해 알려주세요,0,0,0,0
MI3_240805_TY2_0015_3_V01_4,강수량 단위 mm 차트(꺾은선형)에 대해 알려주세요,0,0,0,0
MI3_240805_TY2_0016_1_V02-5_1,1개월 및 순별 기온·강수량의 전망 표현 기준표 영역형에 대해 알려주세요,0,0,0,0
MI3_240805_TY2_0016_2_V02-5_2,0 강수량 분포 영역형에 대해 알려주세요,0,0,0,0
MI3_240805_TY2_0016_3_V01_4,강수량 에 대해 알려주세요,0,0,0,0
MI3_240805_TY2_0018_1_V02-5_1,영역형 차트에 대해 알려주세요,0,0,0,0
MI3_240805_TY2_0018_2_V02-5_1,기온 분포 영역형에 대해 알려주세요,0,0,0,0
MI3_240805_TY2_0018_3_V02-4_5,서울 50 차트(꺾은선형)에 대해 알려주세요,0,0,0,0
MI3_240805_TY2_0026_1_V01_1,"강서의 경제적 가치 : 강설사례(1.4, 중부지역] 에 대해 알려주세요",0,0,0,0
MI3_240805_TY2_0026_2_V01_1,기상청 관련 기사 내용과 폭설의 경제적 측면에 대한 시각요소 차트에 대해 알려주세요,0,0,0,0
MI3_240805_TY2_0032_1_V02-5_1,1개월 하순 2월 상순 2월 중순 영역형에 대해 알려주세요,0,0,0,0
MI3_240805_TY2_0032_2_V02-5_2,강수량 분포 영역형에 대해 알려주세요,0,0,0,0
MI3_240805_TY2_0032_3_V01_4,강수량 단위: mm 차트(꺾은선형)에 대해 알려주세요,0,0,0,0
MI3_240805_TY2_0038_1_V01_2,서울의 기온 변화 표에 대해 알려주세요,0,0,0,0
MI3_240805_TY2_0038_2_V01_1,전국 평균 기온과 강수량의 통계에 대해 알려주세요,0,0,0,0
MI3_240805_TY2_0045_1_V02-5_1,영역형 차트에 대해 알려주세요,0,0,0,0
MI3_240805_TY2_0045_2_V02-5_2,강수량 분포 영역형에 대해 알려주세요,0,0,0,0
MI3_240805_TY2_0045_3_V01_4,강수량 단위 mm 차트(꺾은선형)에 대해 알려주세요,0,0,0,0
MI3_240805_TY2_0045_4_V02-5_1,2월 상순 2월 중순 2월 하순 영역형에 대해 알려주세요,0,0,0,0
MI3_240805_TY2_0045_5_V02-5_2,0 강수량 분포 영역형에 대해 알려주세요,0,0,0,0
MI3_240805_TY2_0045_6_V01_4,강수량 에 대해 알려주세요,0,0,0,0
MI3_240805_TY2_0048_1_V02-1_2,북한 월별 강수량 비교 차트(세로 막대형)에 대해 알려주세요,0,0,0,0
MI3_240805_TY2_0048_2_V02-5_1,평균기온 분포도 영역형에 대해 알려주세요,0,0,0,0
MI3_240805_TY2_0056_1_V02-4_1,최근 1개월 평균 기온과 강수량 꺾은선형에 대해 알려주세요,0,0,0,0
MI3_240805_TY2_0056_2_V01_1,최근 10년 평균 기후값에 대한 표에 대해 알려주세요,0,0,0,0
MI3_240805_TY2_0063_1_V02-4_1,2010년 12월 북한 일평균기온의 변화 꺾은선형에 대해 알려주세요,0,0,0,0
MI3_240805_TY2_0063_2_V01_1,2011년 평균기온과 강수량에 대한 표의 내용을 알려주세요,0,0,0,0
MI3_240805_TY2_0071_1_V01_1,기후변화 시나리오와 관련된 정보의 제공 내용에 대해 알려주세요,0,0,0,0
MI3_240805_TY2_0071_2_V01_1,기상청 정의와 관련하여 구분 지수 정의 및 시각 요소에 대해 알려주세요.,0,0,0,0
MI3_240805_TY2_0094_1_V01_1,배포일시 보도자료 Press Release 차트(세로 막대형)에 대해 알려주세요,0,0,0,0
MI3_240805_TY2_0094_2_V01_1,제목에 맞춰 날짜별 아침 최저기온과 낮 최고기온의 변화를 보여주는 표에 대해 알려주세요,0,0,0,0
MI3_240805_TY2_0097_1_V01_1,"올해 벚꽃, 평년보다 3일 정도 빨리 핀다 V에 대해 알려주세요",0,0,0,0
MI3_240805_TY2_0097_2_V02-5_1,영역형에 대해 알려주세요,0,0,0,0
MI3_240805_TY2_0104_2_V01_1,주요 관측장비 탑재 리스트 표에 대해 알려주세요,0,0,0,0
MI3_240805_TY2_0109_1_V02-5_2,그림 1 차트(영역형)에 대해 알려주세요,0,0,0,0
MI3_240805_TY2_0109_2_V02-5_3,그림 4 영역형에 대해 알려주세요,0,0,0,0
MI3_240805_TY2_0127_1_V02-4_1,최근 3개월 평균기온(좌)과 강수량(우)의 일변화 꺾은선형 차트에 대해 알려주세요,0,0,0,0
MI3_240805_TY2_0127_2_V01_1,[전국 기상요소 값] 표에 대해 알려주세요,0,0,0,0
MI3_240805_TY2_0130_1_V01_1,내일 강원도영동 많은 눈과 관련된 차트(표)에 대해 알려주세요,0,0,0,0
MI3_240805_TY2_0130_2_V01_1,2010년 대관령 최심 적설(cm) 차트에 대해 알려주세요,0,0,0,0
MI3_240805_TY2_0162_1_V02-4_1,최근 3개월 평균기온(좌)과 강수량(우)의 일변화 차트(꺾은선형)에 대해 알려주세요,0,0,0,0
MI3_240805_TY2_0162_2_V01_1,최근 1·3개월 기후통계 분석 차트에 대해 알려주세요,0,0,0,0
MI3_240805_TY2_0173_1_V01_1,기상기후의 융합과 가치 확산으로 국민안전과 국가경제 선도에 대해 알려주세요,0,0,0,0
MI3_240805_TY2_0173_2_V02-8_1,최근 1개월 평균 기온과 강수량 변화 혼합형에 대해 알려주세요,0,0,0,0
MI3_240805_TY2_0205_1_V02-4_1,11월 중순 11월 하순 12월 상순 꺾은선형 차트에 대해 알려주세요,0,0,0,0
MI3_240805_TY2_0205_2_V02-8_1,평균기온 강수량에 대해 알려주세요,0,0,0,0
MI3_240805_TY2_0205_3_V02-8_1,0 기온 분포에 대한 혼합형 차트에 대해 알려주세요,0,0,0,0
MI3_240805_TY2_0205_4_V01_4,강수량 단위: mm에 대해 알려주세요,0,0,0,0
MI3_240805_TY2_0212_1_V02-8_1,CHOTHAUS 혼합형 차트에 대해 알려주세요,0,0,0,0
MI3_240805_TY2_0212_2_V02-4_1,세계지진 발생추이 차트(영역형)에 대해 알려주세요,0,0,0,0
MI3_240805_TY2_0221_1_V02-8_1,2013년 2월 북한 일평균기온 변화 혼합형에 대해 알려주세요,0,0,0,0
MI3_240805_TY2_0221_2_V02-8_1,평년보다 뉴욕 고념과 방수 차트(혼합형)에 대해 알려주세요,0,0,0,0
MI3_240805_TY2_0221_3_V01_1,2012년 겨울철 강수량과 기온 현황 차트(세로 막대형)에 대해 알려주세요,0,0,0,0
MI3_240805_TY2_0235_1_V02-8_1,2013년 봄철('13.3.1~'13.5.31) 북한 일강수량 변화 혼합형에 대해 알려주세요,0,0,0,0
MI3_240805_TY2_0235_2_V02-8_1,2013년 5월 북한 일평균기온 변화 혼합형에 대해 알려주세요,0,0,0,0
MI3_240805_TY2_0243_1_V02-8_2,7월 1일~18일 누적강수량 분포도에 대해 알려주세요,0,0,0,0
MI3_240805_TY2_0243_2_V02-8_1,7월 1일~18일 21시 평균 강수량 분포도 차트(혼합형)에 대해 알려주세요,0,0,0,0
MI3_240805_TY2_0247_1_V02-4_1,제목 분석 결과 소제목 [그림4] 보령지진의 시간적 분포 꺾은선형에 대해 알려주세요,0,0,0,0
MI3_240805_TY2_0247_2_V02-8_1,<'07년1월~ '13년 6월 지진발생 현황> 혼합형 차트에 대해 알려주세요,0,0,0,0
MI3_240805_TY2_0247_3_V02-8_1,ERH 시대 차트(혼합형)에 대해 알려주세요,0,0,0,0
MI3_240805_TY2_0248_1_V02-8_2,최근 1개월 평균기온과 강수량 변화 차트(혼합형)에 대해 알려주세요,0,0,0,0
MI3_240805_TY2_0248_2_V02-8_1,기온 변화 주세 차트(혼합형)에 대해 알려주세요,0,0,0,0
MI3_240805_TY2_0249_2_V02-4_1,8월 전국 45개 지점 평균기온(°C) 꺾은선형에 대해 알려주세요,0,0,0,0
MI3_240805_TY2_0249_3_V02-1_1,8월 강수량(평비) 차트(세로 막대형)에 대해 알려주세요,0,0,0,0
MI3_240805_TY2_0249_4_V02-4_1,그림 5 꺾은선형에 대해 알려주세요,0,0,0,0
MI3_240805_TY2_0254_1_V03_2,9월 강수량 평년비 분포 다이어그램에 대해 알려주세요,0,0,0,0
MI3_240805_TY2_0254_2_V01_1,"순별 평균, 최고, 최저기온 및 편차 표에 대해 알려주세요",0,0,0,0
MI3_240805_TY2_0254_3_V02-8_1,강수량과 관련된 데이터에 대한 혼합형 차트에 대해 알려주세요,0,0,0,0
MI3_240805_TY2_0254_4_V01_1,평년값 표에 대해 알려주세요,0,0,0,0
MI3_240805_TY2_0258_1_V02-8_1,그림 2. 10월 평균기온(°C) 일변화 혼합형에 대해 알려주세요,0,0,0,0
MI3_240805_TY2_0258_2_V02-8_2,10월 강수량(평비) 차트(혼합형)에 대해 알려주세요,0,0,0,0
MI3_240805_TY2_0258_3_V01_2,연도별 기상요소 값 표에 대해 알려주세요,0,0,0,0
MI3_240805_TY2_0273_1_V02-8_2,최근 1개월 평균기온과 강수량의 혼합형 차트에 대해 알려주세요,0,0,0,0
MI3_240805_TY2_0273_2_V02-8_2,최근 10년 강수량 변화 혼합형에 대해 알려주세요,0,0,0,0
MI3_240805_TY2_0288_1_V01_1,배포일시 보도자료 표에 대해 알려주세요,0,0,0,0
MI3_240805_TY2_0288_2_V01_1,제 8호 태풍 너구리의 중심위치와 관련된 표에 대해 알려주세요,0,0,0,0
MI3_240805_TY2_0332_1_V01_1,강수량(mm) 차트(세로 막대형)에 대해 알려주세요,0,0,0,0
MI3_240805_TY2_0332_2_V01_1,중부 납부 제주 년도 시작 종료 장마기간(일) 차트에 대해 알려주세요,0,0,0,0
MI3_240805_TY2_0332_3_V01_1,강수량 및 강수일수 차트에 대해 알려주세요,0,0,0,0
MI3_240805_TY2_0332_4_V01_1,일 최다강수량 최고순위 표에 대해 알려주세요,0,0,0,0
MI3_240805_TY2_0332_5_V01_1,1시간강수량 최고순위 차트(세로 막대형)에 대해 알려주세요,0,0,0,0
MI3_240805_TY2_0332_6_V01_1,지점별 장미기간 합계강수량 최고 순위 차트(세로 막대형)에 대해 알려주세요,0,0,0,0
MI3_240805_TY2_0332_7_V01_1,장마 합계 표에 대해 알려주세요,0,0,0,0
MI3_240805_TY2_0338_1_V02-8_1,평균기온과 강수량의 혼합형 차트에 대해 알려주세요,0,0,0,0
MI3_240805_TY2_0338_2_V02-8_1,월별 평균기온 전망(%) 혼합형에 대해 알려주세요,0,0,0,0
MI3_240805_TY2_0338_3_V01_1,확률예보 해석의 기준과 관련된 표에 대해 알려주세요,0,0,0,0
MI3_240805_TY2_0339_1_V02-8_1,3개월 전망 요약 혼합형에 대해 알려주세요,0,0,0,0
MI3_240805_TY2_0339_2_V02-8_1,10월 11월 12월 지역 기간 평년값 비숫 범위에 대해 알려주세요,0,0,0,0
MI3_240805_TY2_0339_3_V01_1,확률예보 해석의 기준과 관련된 차트에 대해 알려주세요,0,0,0,0
MI3_240805_TY2_0339_4_V02-8_1,최근 3개월 평균기온과 강수량의 일변화 혼합형에 대해 알려주세요,0,0,0,0
MI3_240805_TY2_0339_5_V02-4_1,연도별(1973년~2015년) 평균기온 꺾은선형에 대해 알려주세요,0,0,0,0
MI3_240805_TY2_0350_1_V02-8_1,3개월전망(2017년 3월~5월) 혼합형에 대해 알려주세요,0,0,0,0
MI3_240805_TY2_0350_2_V02-8_1,3월 4월 5월 지역 기간 평년값 (°C) 혼합형에 대해 알려주세요,0,0,0,0
MI3_240805_TY2_0350_3_V01_1,확률예보 해석의 기준과 관련된 확률 예보 시각 요소에 대해 알려주세요,0,0,0,0
MI3_240805_TY2_0367_1_V02-8_1,그림 1 혼합형에 대해 알려주세요,0,0,0,0
MI3_240805_TY2_0367_2_V02-1_1,9월 김수량(평년비) 차트(세로 막대형)에 대해 알려주세요,0,0,0,0
MI3_240805_TY2_0367_3_V01_1,2017년 9월 기상자료 표에 대해 알려주세요,0,0,0,0
MI3_240805_TY2_0367_4_V02-8_1,서울 9월 기상자료특성 혼합형에 대해 알려주세요,0,0,0,0
MI3_240805_TY2_0367_6_V01_3,1시간최다강수량 강수량 최다순위 표에 대해 알려주세요,0,0,0,0
MI3_240805_TY2_0367_7_V01_1,9월일최대풍속 표에 대해 알려주세요,0,0,0,0
MI3_240805_TY2_0374_1_V01_1,12월 1월 2월 평균기온 및 강수량 표에 대해 알려주세요,0,0,0,0
MI3_240805_TY2_0374_2_V02-8_2,비슷 확률 맛있 차트(혼합형)에 대해 알려주세요,0,0,0,0
MI3_240805_TY2_0374_3_V01_1,확률예보 해석의 기준과 관련된 확률 그래프에 대해 알려주세요,0,0,0,0
MI3_240805_TY2_0393_1_V02-8_1,10월 11월 12월 평균기온 차트(혼합형)에 대해 알려주세요,0,0,0,0
MI3_240805_TY2_0393_2_V02-8_1,월별 평균기온 전망 혼합형에 대해 알려주세요,0,0,0,0
MI3_240805_TY2_0393_3_V02-8_1,붙임 2 해수면온도 현황과 전망에 대해 알려주세요,0,0,0,0
MI3_240805_TY2_0393_4_V02-1_1,강수량 일변화 차트에 대해 알려주세요,0,0,0,0
MI3_240805_TY2_0393_5_V02-8_2,연도별 전국 강수량(10월~12월) 차트(혼합형)에 대해 알려주세요,0,0,0,0
MI3_240805_TY2_0406_1_V01_1,이 문서에서 3개월 전망과 관련된 평균 기온 및 강수량에 대한 내용을 차트로 보여주는 요소에 대해 알려주세요.,0,0,0,0
MI3_240805_TY2_0406_2_V01_2,월별 강수량 전망 차트에 대해 알려주세요,0,0,0,0
MI3_240805_TY2_0423_1_V02-8_1,참고 3 10월 기상자료 및 관련 그래프에 대해 알려주세요,0,0,0,0
MI3_240805_TY2_0423_2_V01_1,10월 일 평균기온최고 순위에 대해 알려주세요,0,0,0,0
MI3_240805_TY2_0423_3_V01_1,T01 T02 T03 표에 대해 알려주세요,0,0,0,0
MI3_240805_TY2_0423_4_V01_1,관측개시 날짜 차트(세로 막대형)에 대해 알려주세요,0,0,0,0
MI3_240805_TY2_0423_6_V01_1,관측개시 날짜 차트(세로 막대형)에 대해 알려주세요,0,0,0,0
MI3_240805_TY2_0423_7_V01_4,최대순간풍속 최대 순위 (단위: ms) 지점에 대해 알려주세요,0,0,0,0
MI3_240805_TY2_0423_8_V01_3,최저기온최저 표에 대해 알려주세요,0,0,0,0
MI3_240805_TY2_0428_1_V01_1,평균기온 및 강수량 관련 데이터 표에 대해 알려주세요,0,0,0,0
MI3_240805_TY2_0428_2_V02-8_4,강수량 퍼센타일 차트(혼합형)에 대해 알려주세요,0,0,0,0
MI3_240805_TY2_0428_3_V01_1,요소(전국) 12월에 대해 알려주세요,0,0,0,0
MI3_240805_TY2_0428_5_V01_1,(단위: cm) 표에 대해 알려주세요,0,0,0,0
MI3_240805_TY2_0428_6_V01_5,최대순간풍속최대 차트(혼합형)에 대해 알려주세요,0,0,0,0
MI3_240805_TY2_0437_1_V01_1,3개월 전망(2020년 6월~8월) 표에 대해 알려주세요,0,0,0,0
MI3_240805_TY2_0437_2_V01_1,이상저온 및 이상고온 전망에 대해 알려주세요,0,0,0,0
MI3_240805_TY2_0471_1_V01_1,평균 변화율 혼합형에 대해 알려주세요,0,0,0,0
MI3_240805_TY2_0471_2_V02-1_5,연대별 호우일수 추세 차트(세로 막대형)에 대해 알려주세요,0,0,0,0
MI3_240805_TY2_0471_3_V02-3_1,최근 30년과 과거 30년 평균기온 변화 추세 차트(원형)에 대해 알려주세요,0,0,0,0
MI3_240805_TY2_0471_4_V01_1,연평균 CO2 농도와 기온 증가 표에 대해 알려주세요,0,0,0,0
MI3_240805_TY2_0473_1_V02-1_1,2021년 봄철 전국 강수량의 일변화 차트(세로 막대형)에 대해 알려주세요,0,0,0,0
MI3_240805_TY2_0473_2_V02-8_1,전국 봄 기상자료 특성(1973~021) 혼합형에 대해 알려주세요,0,0,0,0
MI3_240805_TY2_0473_3_V02-8_1,전국 5월 기상자료 특성 혼합형에 대해 알려주세요,0,0,0,0
MI3_240805_TY2_0480_1_V02-4_1,노지(밭) 환경에서의 기온 및 지면온도 분포 꺾은선형 차트에 대해 알려주세요,0,0,0,0
MI3_240805_TY2_0480_2_V02-4_1,기온 변화 영역형에 대해 알려주세요,0,0,0,0
MI3_240805_TY2_0480_3_V02-8_1,붙임 2 대상·환경별 체감온도 서비스 소개와 관련된 온열질환 대응 방법에 대해 알려주세요,0,0,0,0
MI3_240805_TY2_0492_1_V01_1,기상기후의 융합과 가치 확산 표에 대해 알려주세요,0,0,0,0
MI3_240805_TY2_0492_2_V02-8_2,2005년 제14호 태풍 '나비(NABI) 진로도 혼합형에 대해 알려주세요,0,0,0,0
MI3_240805_TY2_0493_1_V01_2,연도 기온 평균 최고 평균 최저 평균 강수량 일수 강수 시간에 대해 알려주세요,0,0,0,0
MI3_240805_TY2_0493_2_V02-8_1,서울12월기상자료 특성 혼합형에 대해 알려주세요,0,0,0,0
MI3_240805_TY2_0493_3_V01_2,연대별 기온과 강수량에 대해 알려주세요,0,0,0,0
MI3_240805_TY2_0493_4_V02-8_1,기후특성 혼합형에 대해 알려주세요,0,0,0,0
MI3_240805_TY2_0500_1_V02-8_1,10월 평균기온과 강수량 변화에 대한 혼합형 차트에 대해 알려주세요,0,0,0,0
MI3_240805_TY2_0500_2_V02-1_1,10월 강수량(평년대비) 차트(세로 막대형)에 대해 알려주세요,0,0,0,0
MI3_240805_TY2_0500_3_V01_1,요소(전국) 10월 차트(세로 막대형)에 대해 알려주세요,0,0,0,0
MI3_240805_TY2_0500_4_V01_2,기상요소 분석 결과 표에 대해 알려주세요,0,0,0,0
MI3_240805_TY2_0513_1_V02-8_2,이상고온 발생일수 혼합형에 대해 알려주세요,0,0,0,0
MI3_240805_TY2_0513_2_V02-4_1,Ⅱ. 엘니뇨·라니냐 전망 꺾은선형에 대해 알려주세요,0,0,0,0
MI3_240805_TY2_0513_3_V02-8_1,기온 전망 차트(혼합형)에 대해 알려주세요,0,0,0,0
MI3_240805_TY2_0513_4_V02-8_2,[그림 5] 연도별(1973년~2019년) 전국 강수량(11월~1월) 혼합형 차트에 대해 알려주세요,0,0,0,0
MI3_240805_TY2_0521_1_V01_1,전국 및 주요지점 기온과 날씨에 대해 알려주세요,0,0,0,0
MI3_240805_TY2_0521_3_V01_1,T01 T02 T03 V01에 대해 알려주세요,0,0,0,0
MI3_240805_TY2_0525_1_V02-8_1,2021 Leeend JSM 차트(혼합형)에 대해 알려주세요,0,0,0,0
MI3_240805_TY2_0525_2_V02-8_2,Lagend 2cm<3 ISM ISMES 지진 발생 차트(혼합형)에 대해 알려주세요,0,0,0,0
MI3_240805_TY2_0534_1_V01_1,공간 배경에 대해 알려주세요,0,0,0,0
MI3_240805_TY2_0534_2_V01_1,확장 가상 세계 행사에 대해 알려주세요,0,0,0,0
MI3_240805_TY2_0546_1_V02-8_2,최근 12년간 동북아시아 지역 메탄 농도변화 차트(혼합형)에 대해 알려주세요,0,0,0,0
MI3_240805_TY2_0546_2_V01_1,2022년 동북아시아 지역 이산화탄소 농도의 월별 변화 표에 대해 알려주세요,0,0,0,0
MI3_240805_TY2_0546_3_V01_1,온실가스 감시를 위한 위성 자료의 차트에 대해 알려주세요,0,0,0,0
MI3_240805_TY2_0547_1_V01_1,2022년 우리나라 이상기후에 의한 분야별 주요 피해 현황에 대해 알려주세요,0,0,0,0
MI3_240805_TY2_0549_1_V02-8_2,지진 발생 위치 및 진도 상세정보 차트(혼합형)에 대해 알려주세요,0,0,0,0
MI3_240805_TY2_0549_2_V01_2,지진발생통계와 관련된 표 형식의 내용에 대해 알려주세요,0,0,0,0
MI3_240805_TY2_0549_3_V02-8_1,이번 지진의 발생위치와 관련된 데이터 시각화 혼합형에 대해 알려주세요.,0,0,0,0
MI3_240805_TY2_0570_1_V02-8_1,2023년 지진 분포도 차트(혼합형)에 대해 알려주세요,0,0,0,0
MI3_240805_TY2_0572_1_V01_1,2024 동해안 지진해일 개요 및 시각요소 타입에 대해 알려주세요,0,0,0,0
MI3_240805_TY2_0572_2_V01_1,2024 동해안 지진해일에 대해 알려주세요,0,0,0,0
MI3_240805_TY2_0575_1_V01_1,접속자 수 표에 대해 알려주세요,0,0,0,0
MI3_240805_TY2_0585_1_V01_1,개선 사항 표에 대해 알려주세요,0,0,0,0
MI3_240805_TY2_0585_2_V01_1,진도 표에 대해 알려주세요,0,0,0,0
MI3_240806_TY2_0009_1_V01_1,스마트혁신 신기술 시연과제 표에 대해 알려주세요,0,0,0,0
MI3_240806_TY2_0147_2_V01_1,과태료 부과 기준 표에 대해 알려주세요,0,0,0,0
MI3_240806_TY2_0149_1_V02-4_1,< 월별 무역수지 비교 > 차트(꺾은선형)에 대해 알려주세요,0,0,0,0
MI3_240806_TY2_0149_2_V01_1,1.2007년8월 월별 금액 및 증감률에 대해 알려주세요,0,0,0,0
MI3_240806_TY2_0149_3_V02-8_1,월별 수입금액 및 증감률 변동 추이에 대해 알려주세요,0,0,0,0
MI3_240806_TY2_0153_2_V02-6_1,업체별 수출입 단가 추세와 관련된 꺾은선형 차트에 대해 알려주세요,0,0,0,0
MI3_240806_TY2_0160_1_V01_1,I. 와인 수입 동향 차트(세로 막대형)에 대해 알려주세요,0,0,0,0
MI3_240806_TY2_0160_2_V01_1,구분 표에 대해 알려주세요,0,0,0,0
MI3_240806_TY2_0160_3_V01_2,수입량 변화 추이에 대해 알려주세요,0,0,0,0
MI3_240806_TY2_0170_2_V01_1,"12년, 주요 사료 및 사료원료 수입 동향에 대해 알려주세요.",0,0,0,0
MI3_240806_TY2_0170_3_V01_1,수입중량 및 수입가격 변화 표에 대해 알려주세요,0,0,0,0
MI3_240806_TY2_0174_1_V02-1_2,최근 주류 수출입 동향 차트(가로 막대형)에 대해 알려주세요,0,0,0,0
MI3_240806_TY2_0174_2_V02-3_1,소주 수출대상국 차트(원형)에 대해 알려주세요,0,0,0,0
MI3_240806_TY2_0174_3_V01_1,맥주 수출 동향 표에 대해 알려주세요,0,0,0,0
MI3_240806_TY2_0204_1_V02-4_1,2012년 12월 기상 특성에 대한 꺾은선형 그래프에 대해 알려주세요,0,0,0,0
MI3_240806_TY2_0204_3_V02-8_1,전국 12월 기상자료 특성 차트(혼합형)에 대해 알려주세요,0,0,0,0
MI3_240806_TY2_0204_4_V01_1,요인 분석 표에 대해 알려주세요,0,0,0,0
MI3_240806_TY2_0204_5_V01_2,참고자료 4 12월 지점별 극값 경신 현황 차트에 대해 알려주세요,0,0,0,0
MI3_240806_TY2_0204_6_V01_2,일최고기온(최저) 표에 대해 알려주세요,0,0,0,0
MI3_240806_TY2_0204_7_V01_1,관측개시 날짜 표에 대해 알려주세요,0,0,0,0
MI3_240806_TY2_0205_1_V02-1_1,지역별 지진발생 현황 차트(세로 막대형)에 대해 알려주세요,0,0,0,0
MI3_240806_TY2_0205_2_V02-8_1,연도별 지진발생 추이 혼합형에 대해 알려주세요,0,0,0,0
MI3_240806_TY2_0205_3_V01_1,T01 T02 C01 V01에 대해 알려주세요,0,0,0,0
MI3_240806_TY2_0205_4_V01_1,2012년 지진발생현황 표에 대해 알려주세요,0,0,0,0
MI3_240806_TY2_0218_2_V01_1,2012년도 기상기후산업 시장규모 조사 결과와 관련하여 차트(표) 유형에 대해 알려주세요,0,0,0,0
MI3_240806_TY2_0218_3_V02-1_2,2012년도 시장규모 조사 분석 차트(세로 막대형)에 대해 알려주세요,0,0,0,0
MI3_240806_TY2_0218_4_V02-1_3,기상사업자 분포별 매출총액 차트(세로 막대형)에 대해 알려주세요,0,0,0,0
MI3_240806_TY2_0246_2_V01_1,엘니뇨 발생 연도 에 대해 알려주세요,0,0,0,0
MI3_240806_TY2_0275_1_V01_2,(3.1~4.20) 에 대해 알려주세요,0,0,0,0
MI3_240806_TY2_0275_2_V02-4_1,봄철 일조시간 및 강수일수 연변화에 대한 차트(꺾은선형)에 대해 알려주세요,0,0,0,0
MI3_240806_TY2_0275_3_V01_4,목포 일조시간 표에 대해 알려주세요,0,0,0,0
MI3_240806_TY2_0280_1_V02-4_1,최근 8년간 시간별 낙뢰발생 횟수 꺾은선형 차트에 대해 알려주세요,0,0,0,0
MI3_240806_TY2_0323_1_V01_2,제공 내용에 대해 알려주세요,0,0,0,0
MI3_240806_TY2_0351_1_V01_1,"2015년 주요도시 개나리, 진달래 개화 예상시기 시각요소 차트(세로 막대형)에 대해 알려주세요",0,0,0,0
MI3_240806_TY2_0351_2_V01_1,월별 평균기온 표준편차 차트에 대해 알려주세요,0,0,0,0
MI3_240806_TY2_0375_1_V02-8_1,서울관측소와 선정릉 주변 상업지의 기온 변화에 대해 알려주세요,0,0,0,0
MI3_240806_TY2_0378_1_V01_1,기상청 일정 시간 내용 비고에 대해 알려주세요,0,0,0,0
MI3_240806_TY2_0378_2_V01_1,기상청의 구분 소속 성명 직위에 대해 알려주세요,0,0,0,0
MI3_240806_TY2_0380_1_V02-1_3,VI. 2016년 봄철 기후전망 차트(가로 막대형)에 대해 알려주세요,0,0,0,0
MI3_240806_TY2_0394_1_V02-1_1,식목일 기온 변화 차트(세로 막대형)에 대해 알려주세요,0,0,0,0
MI3_240806_TY2_0394_2_V02-1_1,지역별 식목일의 땅속 5cm온도 변화 차트(세로 막대형)에 대해 알려주세요,0,0,0,0
MI3_240806_TY2_0397_1_V01_1,붙임 2 더위체감지수 단계별대응요령에 대해 알려주세요,0,0,0,0
MI3_240806_TY2_0397_2_V01_1,단계 지수범위 대응요령 차트(세로 막대형)에 대해 알려주세요,0,0,0,0
MI3_240806_TY2_0397_3_V01_2,실외작업장 안전 수칙 차트(가로 막대형)에 대해 알려주세요,0,0,0,0
MI3_240806_TY2_0400_1_V02-8_1,전국 8월 기상자료특성 혼합형에 대해 알려주세요,0,0,0,0
MI3_240806_TY2_0400_2_V01_2,연도별 기상요소 값 평균에 대해 알려주세요,0,0,0,0
MI3_240806_TY2_0400_3_V01_1,2017년 여름 기상 데이터에 대해 알려주세요,0,0,0,0
MI3_240806_TY2_0400_4_V01_2,평균 평균 평균 표에 대해 알려주세요,0,0,0,0
MI3_240807_TY2_0020_1_V02-4_1,소비자심리지수 추이 꺾은선형에 대해 알려주세요,0,0,0,0
MI3_240807_TY2_0020_2_V01_1,최근 소비자 물가 상승률 및 기대인플레이션에 대한 정보가 담긴 표에 대해 알려주세요,0,0,0,0
MI3_240807_TY2_0026_1_V02-4_1,소비자심리지수 추이 꺾은선형에 대해 알려주세요,0,0,0,0
MI3_240807_TY2_0026_2_V01_2,기대인플레이션율 응답분포 차트(가로 막대형)에 대해 알려주세요,0,0,0,0
MI3_240807_TY2_0027_1_V02-4_1,소비자심리지수 추이 차트(꺾은선형)에 대해 알려주세요,0,0,0,0
MI3_240807_TY2_0027_2_V01_1,기대인플레이션에 대한 물가인식 및 기대인플레이션율 차트(세로 막대형)에 대해 알려주세요,0,0,0,0
MI3_240807_TY2_0052_1_V01_1,2017년 6월 소비자동향조사 결과 I. 소비자심리지수 현재경기판단에 대해 알려주세요,0,0,0,0
MI3_240807_TY2_0052_2_V02-1_1,기대형성 요인에 대한 응답비중 차트(세로 막대형)에 대해 알려주세요,0,0,0,0
MI3_240807_TY2_0055_1_V02-4_1,소비자심리지수1) 추이 꺾은선형에 대해 알려주세요,0,0,0,0
MI3_240807_TY2_0055_2_V02-1_1,기대형성 요인에 대한 응답비중 차트(세로 막대형)에 대해 알려주세요,0,0,0,0
MI3_240807_TY2_0058_1_V02-4_1,소비자심리지수h) 꺾은선형에 대해 알려주세요,0,0,0,0
MI3_240807_TY2_0058_2_V02-1_1,기대형성 요인에 대한 응답비중 차트(세로 막대형)에 대해 알려주세요,0,0,0,0
MI3_240807_TY2_0068_1_V02-4_1,소비자심리지수h) 꺾은선형에 대해 알려주세요,0,0,0,0
MI3_240807_TY2_0068_2_V02-1_1,기대형성 요인 차트(세로 막대형)에 대해 알려주세요,0,0,0,0
MI3_240807_TY2_0070_1_V02-4_1,소비자심리지수 추이에 대해 알려주세요,0,0,0,0
MI3_240807_TY2_0070_2_V01_1,물가인식 및 기대인플레이션율 차트(세로 막대형)에 대해 알려주세요,0,0,0,0
MI3_240807_TY2_0073_1_V01_1,구성지수의 기여도 표에 대해 알려주세요,0,0,0,0
MI3_240807_TY2_0073_2_V01_1,물가인식 및 기대인플레이션율 차트(세로 막대형)에 대해 알려주세요,0,0,0,0
MI3_240807_TY2_0079_1_V02-4_1,소비자심리지수h 추이 꺾은선형에 대해 알려주세요,0,0,0,0
MI3_240807_TY2_0079_2_V01_2,기대인플레이션율 응답분포 차트(세로 막대형)에 대해 알려주세요,0,0,0,0
MI3_240807_TY2_0080_1_V02-4_1,소비자심리지수h 꺾은선형에 대해 알려주세요,0,0,0,0
MI3_240807_TY2_0080_2_V02-1_1,물가상승 기대형성 요인 차트(세로 막대형)에 대해 알려주세요,0,0,0,0
MI3_240807_TY2_0081_1_V02-4_1,2019년 11월 소비자동향조사 결과 I. 소비자심리지수 소비자심리지수 추이에 대해 알려주세요,0,0,0,0
MI3_240807_TY2_0081_2_V02-1_1,물가상승 기대형성 요인에 대한 응답비중 차트(세로 막대형)에 대해 알려주세요,0,0,0,0
MI3_240807_TY2_0089_1_V02-4_1,소비자심리지수 꺾은선형에 대해 알려주세요,0,0,0,0
MI3_240807_TY2_0089_2_V02-1_1,물가상승 기대형성 요인 차트(세로 막대형)에 대해 알려주세요,0,0,0,0
MI3_240807_TY2_0092_1_V02-4_1,2020년 10월 소비자동향조사 결과 I. 소비자심리지수 소비자심리지수 추이에 대해 알려주세요,0,0,0,0
MI3_240807_TY2_0092_2_V01_1,물가인식 및 기대인플레이션율 표에 대해 알려주세요,0,0,0,0
MI3_240807_TY2_0103_1_V02-4_1,소비자심리지수 꺾은선형에 대해 알려주세요,0,0,0,0
MI3_240807_TY2_0103_2_V02-1_1,물가상승 기대형성 요인 차트(세로 막대형)에 대해 알려주세요,0,0,0,0
MI3_240807_TY2_0170_1_V01_1,대외채무 현황에 대한 표에 대해 알려주세요,0,0,0,0
MI3_240807_TY2_0170_2_V01_1,대외채무 (억달러) 차트에 대해 알려주세요,0,0,0,0
MI3_240807_TY2_0198_1_V02-4_2,대외금융자산·부채 추이 꺾은선형에 대해 알려주세요,0,0,0,0
MI3_240807_TY2_0198_2_V02-4_1,단기외채/준비자산·단기외채/대외채무 추이 (%) 꺾은선형에 대해 알려주세요,0,0,0,0
MI3_240807_TY2_0198_3_V02-4_2,단기외채/대외채무 비중 추이에 대해 알려주세요,0,0,0,0
MI3_240807_TY2_0198_4_V01_1,국제투자대조표 주요 통계 추이에 대해 알려주세요,0,0,0,0
MI3_240807_TY2_0223_1_V02-4_2,대외금융자산·부채 추이 꺾은선형 차트에 대해 알려주세요,0,0,0,0
MI3_240807_TY2_0223_2_V02-4_1,단기외채 비율·비중 추이 꺾은선형 차트에 대해 알려주세요,0,0,0,0
MI3_240807_TY2_0223_3_V02-8_1,국제투자대조표 주요 통계 추이에 대한 혼합형 차트에 대해 알려주세요,0,0,0,0
MI3_240807_TY2_0229_1_V02-4_1,순대외금융자산 추이 꺾은선형에 대해 알려주세요,0,0,0,0
MI3_240807_TY2_0229_2_V02-4_1,단기외채/준비자산 비율·비중 추이에 대해 알려주세요,0,0,0,0
MI3_240807_TY2_0229_3_V02-8_1,국제투자대조표 주요 통계 추이에 대해 알려주세요,0,0,0,0
MI3_240807_TY2_0229_4_V01_1,국제투자대조표 세부내역 차트에 대해 알려주세요,0,0,0,0
MI3_240807_TY2_0231_1_V01_1,2022년 10월중 비은행금융기관 예금 및 대출 금리에 대해 알려주세요,0,0,0,0
MI3_240807_TY2_0231_2_V02-4_6,대출금리 꺾은선형에 대해 알려주세요,0,0,0,0
MI3_240807_TY2_0231_3_V02-4_2,가. 기관별 예금금리(정기예(탁)금 1년 기준) 꺾은선형에 대해 알려주세요,0,0,0,0
MI3_240807_TY2_0238_1_V01_1,BIS 주관 「세계 외환 및 장외파생상품 시장 조사' 결과에 대해 알려주세요,0,0,0,0
MI3_240807_TY2_0238_2_V01_1,2022년 세계 외환 및 장외파생상품 총시장가치에 대한 표에 대해 알려주세요,0,0,0,0
MI3_240807_TY2_0242_1_V02-4_2,대외금융자산·부채 추이 꺾은선형에 대해 알려주세요,0,0,0,0
MI3_240807_TY2_0242_2_V02-8_1,순대외채권 및 대외채권과 대외채무에 대해 알려주세요,0,0,0,0
MI3_240807_TY2_0242_3_V02-8_1,국제투자대조표 주요 통계 추이에 대한 혼합형 차트에 대해 알려주세요,0,0,0,0
MI3_240807_TY2_0243_1_V02-4_2,대외금융자산·부채 추이 꺾은선형에 대해 알려주세요,0,0,0,0
MI3_240807_TY2_0243_2_V02-8_1,순대외채권과 대외채권 비율 혼합형 차트에 대해 알려주세요,0,0,0,0
MI3_240807_TY2_0243_3_V02-8_1,국제투자대조표 주요 통계 추이에 대해 알려주세요,0,0,0,0
MI3_240807_TY2_0255_1_V02-1_1,자금운용 및 조달 차액 추이 세로 막대형에 대해 알려주세요,0,0,0,0
MI3_240807_TY2_0255_2_V01_1,국내 비금융부문 금융자산·부채 잔액 추이에 대한 차트(세로 막대형)에 대해 알려주세요,0,0,0,0
MI3_240807_TY2_0255_3_V02-8_1,금융자산 및 금융부채 배율 추이 차트(혼합형)에 대해 알려주세요,0,0,0,0
MI3_240807_TY2_0265_1_V01_1,국민순자산 신·구 계열 표에 대해 알려주세요,0,0,0,0
MI3_240807_TY2_0265_2_V01_1,2020년말 비금융자산신·구 계열 비교 차트(세로 막대형)에 대해 알려주세요,0,0,0,0
MI3_240807_TY2_0275_1_V01_2,거주자의 카드 해외 사용 실적에 대해 알려주세요,0,0,0,0
MI3_240807_TY2_0275_2_V02-8_1,카드 사용자 수와 사용금액 변화 혼합형 차트에 대해 알려주세요,0,0,0,0
MI3_240807_TY2_0289_1_V02-1_1,전체 인터넷뱅킹 중 모바일뱅킹 비중 차트(세로 막대형)에 대해 알려주세요,0,0,0,0
MI3_240807_TY2_0289_2_V01_1,2013년 3/4분기 국내 인터넷뱅킹서비스이용현황 본문과 금융기관 인터넷뱅킹 등록고객수 차트에 대해 알려주세요,0,0,0,0
MI3_240807_TY2_0324_1_V01_1,결제통화별 수출 비중 표에 대해 알려주세요,0,0,0,0
MI3_240807_TY2_0324_2_V01_1,수출 지역 결제통화 비율 데이터에 대해 알려주세요,0,0,0,0
MI3_240807_TY2_0324_3_V01_1,수입 지역 결제통화 2016 2017 2018 2019(A) 2020(B) 표에 대해 알려주세요,0,0,0,0
MI3_240807_TY2_0325_1_V01_1,2020년 국내 비금융 영리법인기업의 매출액증가율 총자산증가율 차트에 대해 알려주세요,0,0,0,0
MI3_240807_TY2_0325_2_V01_1,2020년 중 국내 비금융 영리법인기업의 매출액영업이익률과 매출액세전순이익률에 대해 알려주세요,0,0,0,0
MI3_240807_TY2_0325_3_V01_1,매출액 대비 수익구조 추이에 대해 알려주세요,0,0,0,0
MI3_240807_TY2_0325_4_V01_2,이자보상비율 구간별 업체수 비중 표에 대해 알려주세요,0,0,0,0
MI3_240807_TY2_0325_5_V01_1,주요 안정성지표 차트(세로 막대형)에 대해 알려주세요,0,0,0,0
MI3_240807_TY2_0325_6_V01_1,매출액영업이익률 차트(세로 막대형)에 대해 알려주세요,0,0,0,0
MI3_240807_TY2_0377_1_V01_1,무역지수 수출물량지수 및 금액지수에 대해 알려주세요,0,0,0,0
MI3_240807_TY2_0377_2_V01_1,수입물량지수 및 금액지수의 차트에 대해 알려주세요,0,0,0,0
MI3_240807_TY2_0377_3_V01_1,교역조건지수 등락률에 대해 알려주세요,0,0,0,0
MI3_240807_TY2_0377_7_V01_1,수출물량지수(기본분류) 표에 대해 알려주세요,0,0,0,0
MI3_240807_TY2_0377_8_V01_1,수입물량지수 표에 대해 알려주세요,0,0,0,0
MI3_240807_TY2_0377_9_V01_1,시계열 차트에 대해 알려주세요,0,0,0,0
MI3_240807_TY2_0387_1_V01_1,수출물가지수에 대해 알려주세요,0,0,0,0
MI3_240807_TY2_0387_3_V01_1,주요 등락 품목(수출) 표에 대해 알려주세요,0,0,0,0
MI3_240807_TY2_0387_4_V01_1,수입물가지수 용도별 분류 등락률에 대해 알려주세요,0,0,0,0
MI3_240807_TY2_0388_1_V01_1,무역지수 수출물량지수 및 금액지수 등락률에 대해 알려주세요,0,0,0,0
MI3_240807_TY2_0388_2_V01_1,수입물량지수 및 금액지수 등락률에 대해 알려주세요,0,0,0,0
MI3_240807_TY2_0388_3_V01_1,교역조건지수 등락률과 관련된 차트에 대해 알려주세요,0,0,0,0
MI3_240807_TY2_0388_7_V01_2,수출금액지수 및 등락률 차트(세로 막대형)에 대해 알려주세요,0,0,0,0
MI3_240807_TY2_0388_8_V01_1,수입물량지수에 대해 알려주세요,0,0,0,0
MI3_240807_TY2_0388_9_V01_1,(2010=100) 차트(세로 막대형)에 대해 알려주세요,0,0,0,0
MI3_240807_TY2_0400_1_V01_1,무역지수 및 금액지수 등락률에 대해 알려주세요,0,0,0,0
MI3_240807_TY2_0400_2_V01_1,수입물량지수 및 금액지수 등락률 차트(세로 막대형)에 대해 알려주세요,0,0,0,0
MI3_240807_TY2_0400_3_V01_1,교역조건지수 등락률 표에 대해 알려주세요,0,0,0,0
MI3_240807_TY2_0400_7_V01_2,수출금액지수 및 표에 대해 알려주세요,0,0,0,0
MI3_240807_TY2_0400_8_V01_1,수입물량지수 및 차트에 대해 알려주세요,0,0,0,0
MI3_240807_TY2_0400_9_V01_1,물량지수 금액지수 차트(세로 막대형)에 대해 알려주세요,0,0,0,0
MI3_240807_TY2_0408_1_V01_1,무역지수 및 시각요소 제목에 대해 알려주세요,0,0,0,0
MI3_240807_TY2_0408_2_V01_1,제목에 해당하는 내용에서 물량지수와 금액지수의 변화에 대해 알려주세요.,0,0,0,0
MI3_240807_TY2_0408_3_V01_1,교역조건지수 등락률에 대해 알려주세요,0,0,0,0
MI3_240807_TY2_0408_4_V02-4_1,수출물량·금액지수 및 등락률에 대해 알려주세요,0,0,0,0
MI3_240807_TY2_0408_5_V02-4_1,수입물량·금액지수와 전년동월대비 등락률 차트(꺾은선형)에 대해 알려주세요,0,0,0,0
MI3_240807_TY2_0408_6_V02-4_1,교역조건지수 및 등락률에 대해 알려주세요.,0,0,0,0
MI3_240807_TY2_0408_7_V01_1,수출물량지수 및 등락률 차트에 대해 알려주세요,0,0,0,0
MI3_240807_TY2_0408_8_V01_2,수입금액지수(기본분류) 및 등락률에 대해 알려주세요,0,0,0,0
MI3_240807_TY2_0408_9_V01_1,수출무역지수(시계열) 본문에 포함된 금액지수와 물량지수 차트에 대해 알려주세요,0,0,0,0
MI3_240807_TY2_0415_1_V01_1,2014년 11월 수출물가지수 I. 수출물가지수 표에 대해 알려주세요,0,0,0,0
MI3_240807_TY2_0415_2_V02-4_3,전년동월대비 등락률에 대해 알려주세요,0,0,0,0
MI3_240807_TY2_0415_3_V01_1,주요 등락 품목(수출) 차트에 대해 알려주세요,0,0,0,0
MI3_240807_TY2_0415_4_V01_1,II. 수입물가지수의 통계적 분석을 위한 차트에 대해 알려주세요,0,0,0,0
MI3_240807_TY2_0415_5_V02-4_2,등락률에 대해 알려주세요,0,0,0,0
MI3_240807_TY2_0415_6_V01_1,주요 등락 품목(수입) 차트에 대해 알려주세요,0,0,0,0
MI3_240807_TY2_0416_1_V01_1,무역지수 수출물량지수 및 금액지수 등락률에 대해 알려주세요,0,0,0,0
MI3_240807_TY2_0416_2_V01_1,수입에 대한 데이터와 물량지수 금액지수를 시각적으로 표현한 차트에 대해 알려주세요.,0,0,0,0
MI3_240807_TY2_0416_3_V01_1,교역조건지수 등락률에 대해 알려주세요,0,0,0,0
MI3_240807_TY2_0416_4_V02-4_2,나. 전년동월대비 등락률에 대해 알려주세요,0,0,0,0
MI3_240807_TY2_0416_5_V02-4_2,전년동월대비 등락률 차트(꺾은선형)에 대해 알려주세요,0,0,0,0
MI3_240807_TY2_0416_6_V02-4_2,나. 전년동월대비 등락률에 대한 차트(꺾은선형)에 대해 알려주세요,0,0,0,0
MI3_240807_TY2_0416_7_V01_2,수출금액지수 및 등락률에 대해 알려주세요,0,0,0,0
MI3_240807_TY2_0416_8_V01_1,수입물량지수 및 등락률에 대해 알려주세요,0,0,0,0
MI3_240807_TY2_0425_1_V01_1,생산자물가지수 등락률 차트에 대해 알려주세요,0,0,0,0
MI3_240807_TY2_0425_2_V01_1,에 포함된 시각요소에 대해 알려주세요,0,0,0,0
MI3_240807_TY2_0425_3_V01_1,국내공급물가지수 총지수 차트(가로 막대형)에 대해 알려주세요,0,0,0,0
MI3_240807_TY2_0425_4_V01_1,총산출물가지수 본문 표에 대해 알려주세요,0,0,0,0
MI3_240807_TY2_0425_5_V01_1,생산자물가지수 주요 등락 품목 차트(표)에 대해 알려주세요,0,0,0,0
MI3_240807_TY2_0434_1_V01_1,수출물가지수 차트(세로 막대형)에 대해 알려주세요,0,0,0,0
MI3_240807_TY2_0434_3_V01_1,주요 등락 품목(수출) 표에 대해 알려주세요,0,0,0,0
MI3_240807_TY2_0434_4_V01_1,II. 수입물가지수 차트(세로 막대형)에 대해 알려주세요,0,0,0,0
MI3_240807_TY2_0434_6_V01_1,"주요 등락 품목(수입) 원화기준 등락률, % 차트에 대해 알려주세요",0,0,0,0
MI3_240807_TY2_0443_1_V01_1,수출물가지수에 대한 차트(세로 막대형)에 대해 알려주세요,0,0,0,0
MI3_240807_TY2_0443_3_V01_1,주요 등락 품목(수출) 표에 대해 알려주세요,0,0,0,0
MI3_240807_TY2_0443_4_V01_1,II. 수입물가지수 본문 표에 대해 알려주세요,0,0,0,0
MI3_240807_TY2_0443_6_V01_1,"(원화기준 등락률, %) 전월대비 전년동월대비에 대해 알려주세요",0,0,0,0
MI3_240807_TY2_0458_1_V02-4_2,<등락률> 차트(꺾은선형)에 대해 알려주세요,0,0,0,0
MI3_240807_TY2_0464_1_V01_1,카드 종류별 해외 사용금액 표에 대해 알려주세요,0,0,0,0
MI3_240807_TY2_0464_2_V01_1,거주자의 카드1) 해외 사용실적 및 비거주자의 카드1) 국내 사용실적 추이에 대해 알려주세요,0,0,0,0
MI3_240807_TY2_0469_1_V02-4_1,수출물량·금액지수 및 등락률에 대해 알려주세요,0,0,0,0
MI3_240807_TY2_0483_1_V02-4_1,수출물가지수 및 등락률 꺾은선형에 대해 알려주세요,0,0,0,0
MI3_240807_TY2_0499_1_V01_1,전자금융업자 추이에 대해 알려주세요,0,0,0,0
MI3_240807_TY2_0499_2_V01_1,전자지급서비스 제공 실적 차트에 대해 알려주세요,0,0,0,0
MI3_240807_TY2_0499_4_V01_1,2017.2/4분기중 전자지급서비스 이용실적에 대한 차트(세로 막대형)에 대해 알려주세요,0,0,0,0
MI3_240807_TY2_0509_1_V02-1_1,2017년 2/4분기중 외국환은행의 외환거래 동향 차트(세로 막대형)에 대해 알려주세요,0,0,0,0
MI3_240807_TY2_0509_2_V01_1,T01 T02 V01 차트(세로 막대형)에 대해 알려주세요,0,0,0,0
MI3_240807_TY2_0509_3_V01_1,T01 T02 V01 차트에 대해 알려주세요,0,0,0,0
MI3_240807_TY2_0509_4_V01_1,부문별 외환거래 규모 동향 차트(세로 막대형)에 대해 알려주세요,0,0,0,0
MI3_240807_TY2_0511_1_V02-8_1,2017년 2월 생산자물가지수(요약) 시각요소 제목 혼합형에 대해 알려주세요,0,0,0,0
MI3_240807_TY2_0513_1_V01_1,2017년 3/4분기중 거주자의 카드 해외사용 실적에 대해 알려주세요.,0,0,0,0
MI3_240807_TY2_0513_3_V01_1,2011~2017년 해외 및 국내 사용실적 차트에 대해 알려주세요,0,0,0,0
MI3_240807_TY2_0516_1_V02-8_1,2017년 3월 생산자물가지수차트(혼합형)에 대해 알려주세요,0,0,0,0
MI3_240807_TY2_0549_1_V01_1,2017년중 거주자의 카드 해외사용 실적 표에 대해 알려주세요,0,0,0,0
MI3_240807_TY2_0549_3_V01_1,거주자의 해외 사용실적 및 비거주자의 카드 국내 사용실적에 대해 알려주세요,0,0,0,0
MI3_240807_TY2_0550_1_V02-1_1,2017년중 외국환은행의 외환거래 동향 차트(세로 막대형)에 대해 알려주세요,0,0,0,0
MI3_240807_TY2_0550_2_V01_1,2017년 중 현물환 거래규모에 대한 차트(세로 막대형)에 대해 알려주세요,0,0,0,0
MI3_240807_TY2_0550_3_V01_1,2017년 외환파생상품 거래 규모 차트(표) 에 대해 알려주세요,0,0,0,0
MI3_240807_TY2_0550_4_V01_2,거래상대방별 외환거래규모 차트에 대해 알려주세요,0,0,0,0
MI3_240807_TY2_0577_1_V01_2,해외 사용 실적에 대한 차트(세로 막대형)에 대해 알려주세요,0,0,0,0
MI3_240807_TY2_0577_3_V01_1,거주자의 카드 해외 사용실적 및 비거주자의 카드1) 국내 사용실적 추이 차트(세로 막대형)에 대해 알려주세요,0,0,0,0
MI3_240807_TY2_0584_1_V02-4_2,2. 순상품교역조건 및 소득교역조건지수 등락률 차트(꺾은선형)에 대해 알려주세요,0,0,0,0
MI3_240807_TY2_0586_1_V02-8_1,2018년 2월 수출입물가지수 혼합형에 대해 알려주세요,0,0,0,0
MI3_240807_TY2_0594_1_V02-8_1,1. 수출물가지수 등락률 혼합형에 대해 알려주세요,0,0,0,0
MI3_240808_TY2_0031_1_V01_1,서비스업 내 산업별 대출금 증감액 표에 대해 알려주세요,0,0,0,0
MI3_240808_TY2_0031_2_V01_1,기간중 대출금에 대한 데이터 차트에 대해 알려주세요,0,0,0,0
MI3_240808_TY2_0040_1_V01_2,거주자의 카드 사용 실적에 대한 차트(세로 막대형)에 대해 알려주세요,0,0,0,0
MI3_240808_TY2_0076_1_V02-8_1,생산자물가지수 혼합형에 대해 알려주세요,0,0,0,0
MI3_240808_TY2_0076_2_V01_1,생산자물가지수의 세부 항목과 변화 추이를 보여주는 표에 대해 알려주세요,0,0,0,0
MI3_240808_TY2_0076_3_V01_1,전년동월대비 가중치 차트(세로 막대형)에 대해 알려주세요,0,0,0,0
MI3_240808_TY2_0082_1_V01_1,2019년 상반기중 국내 인터넷뱅킹서비스 이용현황 본문 표에 대해 알려주세요,0,0,0,0
MI3_240808_TY2_0082_2_V01_1,인터넷뱅킹 서비스 이용실적 표에 대해 알려주세요,0,0,0,0
MI3_240808_TY2_0095_1_V01_1,서비스업 내 산업별대출금 합계의 표에 대해 알려주세요,0,0,0,0
MI3_240808_TY2_0098_1_V02-4_1,수출입물량지수 등락률 차트(꺾은선형)에 대해 알려주세요,0,0,0,0
MI3_240808_TY2_0098_2_V01_1,무역지수 수출물량지수 금액지수에 대해 알려주세요,0,0,0,0
MI3_240808_TY2_0104_1_V01_1,가계대출 및 기업에 대한 표에 대해 알려주세요,0,0,0,0
MI3_240808_TY2_0104_2_V01_1,"(기간중 말잔 증감, 억원) 차트(세로 막대형)에 대해 알려주세요",0,0,0,0
MI3_240808_TY2_0110_1_V01_1,2021년 차주별 대출태도지수와 관련된 세로 막대형 차트에 대해 알려주세요,0,0,0,0
MI3_240808_TY2_0110_4_V01_1,비은행금융기관별 대출태도지수 차트(세로 막대형)에 대해 알려주세요,0,0,0,0
MI3_240808_TY2_0111_1_V02-4_2,2. 순상품 및 소득 교역조건지수 등락률 차트(꺾은선형)에 대해 알려주세요,0,0,0,0
MI3_240808_TY2_0111_2_V01_1,수출물량지수 및 금액지수 등락률 차트(세로 막대형)에 대해 알려주세요,0,0,0,0
MI3_240808_TY2_0134_1_V01_1,V에 대해 알려주세요,0,0,0,0
MI3_240808_TY2_0134_2_V01_2,가계대출1) 차트(가로 막대형)에 대해 알려주세요,0,0,0,0
MI3_240808_TY2_0141_1_V02-4_1,5만원권 차트(꺾은선형)에 대해 알려주세요,0,0,0,0
MI3_240808_TY2_0141_2_V01_1,2018년~2020년 차트(세로 막대형)에 대해 알려주세요,0,0,0,0
MI3_240808_TY2_0178_1_V02-1_1,주요국 통화가치 변화율 차트(세로 막대형)에 대해 알려주세요,0,0,0,0
MI3_240808_TY2_0191_1_V02-8_2,식료품및에너지이외 지수 혼합형에 대해 알려주세요,0,0,0,0
MI3_240808_TY2_0191_2_V01_1,총산출물가지수와 관련된 표에 대해 알려주세요,0,0,0,0
MI3_240808_TY2_0200_1_V01_1,인터넷뱅킹 이용실적에 대해 알려주세요,0,0,0,0
MI3_240808_TY2_0200_2_V01_2,금융서비스 전달채널별 조회서비스 이용비중 표에 대해 알려주세요,0,0,0,0
MI3_240808_TY2_0210_1_V01_1,예금취급기관 산업별대출금 증감액 에 대해 알려주세요,0,0,0,0
MI3_240808_TY2_0210_2_V01_1,제조업 내 산업별대출금 증감액 차트(세로 막대형)에 대해 알려주세요,0,0,0,0
MI3_240808_TY2_0210_3_V01_1,2021-2022년 서비스업 대출금 추세 차트에 대해 알려주세요,0,0,0,0
MI3_240808_TY2_0213_1_V01_1,구 분에 대해 알려주세요,0,0,0,0
MI3_240808_TY2_0213_3_V01_1,거주자의 카드 해외 사용실적 및 비거주자의 카드 국내 사용실적 구분에 대해 알려주세요,0,0,0,0
MI3_240808_TY2_0216_1_V01_1,"2022년 4/4분기 중 대출태도, 신용위험 및 대출수요에 대한 차트에 대해 알려주세요",0,0,0,0
MI3_240808_TY2_0216_5_V01_1,비은행금융기관별 대출태도지수 차트(세로 막대형)에 대해 알려주세요,0,0,0,0
MI3_240808_TY2_0216_6_V01_2,비은행금융기관별 대출수요지수 차트(가로 막대형)에 대해 알려주세요,0,0,0,0
MI3_240808_TY2_0234_1_V01_1,I. 국제금융시장 동향 에 대해 알려주세요,0,0,0,0
MI3_240808_TY2_0234_2_V01_1,주요국 주가 에 대해 알려주세요,0,0,0,0
MI3_240808_TY2_0234_3_V01_1,주요국 환율에 대한 표에 대해 알려주세요,0,0,0,0
MI3_240808_TY2_0234_6_V01_1,4 은행간 외환거래 규모에 대한 차트(세로 막대형)에 대해 알려주세요,0,0,0,0
MI3_240808_TY2_0234_7_V01_1,가산금리 외평채 CDS 프리미엄 차트에 대해 알려주세요,0,0,0,0
MI3_240808_TY2_0242_1_V02-8_1,생산자물가지수 등락률 혼합형에 대해 알려주세요,0,0,0,0
MI3_240808_TY2_0242_2_V01_1,생산자물가지수 등락률에 대해 알려주세요,0,0,0,0
MI3_240808_TY2_0242_3_V01_1,특수분류지수 등락률 차트에 대해 알려주세요,0,0,0,0
MI3_240808_TY2_0242_4_V01_1,국내공급물가지수 총지수에 대해 알려주세요,0,0,0,0
MI3_240808_TY2_0242_5_V01_1,총산출물가지수 표에 대해 알려주세요,0,0,0,0
MI3_240808_TY2_0243_1_V01_1,I. 국제금융시장 동향 표에 대해 알려주세요,0,0,0,0
MI3_240808_TY2_0243_2_V01_1,주요국 주가 에 대해 알려주세요,0,0,0,0
MI3_240808_TY2_0243_3_V01_1,주요국 환율에 대한 차트(표)에 대해 알려주세요,0,0,0,0
MI3_240808_TY2_0243_6_V01_1,은행간 외환거래 규모12) 표에 대해 알려주세요,0,0,0,0
MI3_240808_TY2_0243_7_V01_1,대외 외화차입여건 표에 대해 알려주세요,0,0,0,0
MI3_240808_TY2_0256_1_V01_1,주요국 국채금리(10년) 기말 기준 %에 대해 알려주세요,0,0,0,0
MI3_240808_TY2_0256_2_V01_1,주요국 주가와 관련된 표에 대해 알려주세요,0,0,0,0
MI3_240808_TY2_0256_3_V01_1,주요국 환율 차트(세로 막대형)에 대해 알려주세요,0,0,0,0
MI3_240808_TY2_0256_6_V01_2,대외 외화차입여건에 대한 표 에 대해 알려주세요,0,0,0,0
MI3_240808_TY2_0256_7_V01_2,선물환 표에 대해 알려주세요,0,0,0,0
MI3_240808_TY2_0256_8_V01_1,NDF 순매입·매도 표에 대해 알려주세요,0,0,0,0
MI3_240808_TY2_0269_5_V01_1,전자지급결제대행 서비스(PG) 이용 현황에 대해 알려주세요,0,0,0,0
MI3_240808_TY2_0272_1_V01_1,가계신용 표에 대해 알려주세요,0,0,0,0
MI3_240808_TY2_0272_2_V01_1,가계대출 증감액 표에 대해 알려주세요,0,0,0,0
MI3_240808_TY2_0272_3_V01_1,2022 2023P 연중 판매신용에 대한 차트(세로 막대형)에 대해 알려주세요,0,0,0,0
MI3_240808_TY2_0272_5_V01_1,연분기말 가계신용 차트(표)에 대해 알려주세요,0,0,0,0
MI3_240808_TY2_0272_6_V01_1,예금취급기관의 가계대출 잔액 차트(세로 막대형)에 대해 알려주세요,0,0,0,0
MI3_240808_TY2_0282_1_V02-4_1,수출입물량지수 등락률 차트(꺾은선형)에 대해 알려주세요,0,0,0,0
MI3_240808_TY2_0282_2_V01_1,수출물량지수 및금액지수 등락률 에 대해 알려주세요,0,0,0,0
MI3_240808_TY2_0282_3_V01_1,2023년 2월 수입물량지수 및 금액지수에 대해 알려주세요,0,0,0,0
MI3_240808_TY2_0282_4_V01_1,교역조건지수 등락률 차트(세로 막대형)에 대해 알려주세요,0,0,0,0
MI3_240808_TY2_0291_1_V02-1_1,2023년 4/4 분기 가계신용의 차트(세로 막대형)에 대해 알려주세요,0,0,0,0
MI3_240808_TY2_0291_2_V01_1,가계대출 증감액에 대한 표에 대해 알려주세요,0,0,0,0
MI3_240808_TY2_0291_3_V01_1,판매신용 증감액 표에 대해 알려주세요,0,0,0,0
MI3_240808_TY2_0291_4_V02-1_2,기관별 가계대출 증감액에 대해 알려주세요,0,0,0,0
MI3_240808_TY2_0291_5_V01_1,가계신용 잔액에 대한 연분기말 차트의 유형에 대해 알려주세요,0,0,0,0
MI3_240808_TY2_0291_6_V01_1,에 포함된 가계대출 잔액 관련 데이터의 표에 대해 알려주세요.,0,0,0,0
MI3_240808_TY2_0302_1_V02-4_1,원화 환율 추이에 대한 꺾은선형 차트에 대해 알려주세요,0,0,0,0
MI3_240808_TY2_0302_2_V01_1,환율 및 변동폭에 대한 시각적 표현에 대해 알려주세요,0,0,0,0
MI3_240808_TY2_0310_1_V02-8_2,식료품및에너지이외 지수 등락률 혼합형에 대해 알려주세요,0,0,0,0
MI3_240808_TY2_0310_2_V01_1,생산자물가지수 등락률에 대한 차트(세로 막대형)에 대해 알려주세요,0,0,0,0
MI3_240808_TY2_0310_3_V01_1,특수분류지수 등락률에 대해 알려주세요,0,0,0,0
MI3_240808_TY2_0316_1_V02-4_1,II. 국내 외환시장 동향 원달러 및 엔환율 차트에 대해 알려주세요,0,0,0,0
MI3_240808_TY2_0316_2_V02-1_1,환율 변동성에 대한 차트(세로 막대형)에 대해 알려주세요,0,0,0,0
MI3_240808_TY2_0318_1_V02-8_2,2023년 12월 식료품 및 에너지 이외 지수에 대한 꺾은선형 차트에 대해 알려주세요,0,0,0,0
MI3_240808_TY2_0318_2_V01_1,생산자물가지수 등락률에 대해 알려주세요,0,0,0,0
MI3_240808_TY2_0318_3_V01_1,특수분류지수 등락률에 대해 알려주세요,0,0,0,0
MI3_240808_TY2_0334_1_V02-4_2,2. 순상품 및 소득 교역조건지수 등락률 차트(꺾은선형)에 대해 알려주세요,0,0,0,0
MI3_240808_TY2_0334_2_V01_1,무역지수에 대한 물량지수 및 금액지수의 차트에 대해 알려주세요,0,0,0,0
MI3_240808_TY2_0334_3_V01_1,2024년 1월 수입물량지수 및 금액지수에 대해 알려주세요,0,0,0,0
MI3_240808_TY2_0334_4_V01_1,2024년 1월 순상품교역조건지수와 소득교역조건지수의 차트에 대해 알려주세요,0,0,0,0
MI3_240808_TY2_0352_1_V01_1,II. 국내 외환시장 동향 원화 환율 변화에 대해 알려주세요,0,0,0,0
MI3_240808_TY2_0352_2_V01_2,통화스왑금리(3년) 표에 대해 알려주세요,0,0,0,0
MI3_240808_TY2_0360_2_V01_1,결제회원은행 고객기관에 대한 차트(세로 막대형)에 대해 알려주세요,0,0,0,0
MI3_240808_TY2_0360_3_V02-8_1,CLS 통화별 결제비중 혼합형 차트에 대해 알려주세요,0,0,0,0
MI3_240808_TY2_0386_1_V02-4_1,최근의 소비자물가 상승률 및 근원인플레이션율 동향에 대해 알려주세요,0,0,0,0
MI3_240808_TY2_0386_2_V01_1,최근 품목별 물가상승률과 관련된 표에 대해 알려주세요,0,0,0,0
MI3_240808_TY2_0386_3_V01_1,최근 소비자물가 상승률에 대한 품목별 기여도 차트(세로 막대형)에 대해 알려주세요,0,0,0,0
MI3_240808_TY2_0386_4_V02-4_1,국제유가 및 수입물가지수 추이 꺾은선형에 대해 알려주세요,0,0,0,0
MI3_240808_TY2_0390_1_V01_1,'16년말 '17.2말 39 3.10 전일 대비 美 2년물 1.19 1.26 1.37 1.35 -2bp 금리 10년물 2.44 2.39 2.60 2.57 -3bp 주 다우 등 꺾은선형에 대해 알려주세요,0,0,0,0
MI3_240808_TY2_0396_1_V02-2_1,한국은행과 미 연준과의 통화스왑 발표 및 관련 데이터에 대해 알려주세요,0,0,0,0
MI3_240808_TY2_0412_1_V01_1,2020년 상반기중 지식재산권 무역수지 추이에 대해 알려주세요,0,0,0,0
MI3_240808_TY2_0412_2_V01_1,기관형태별 지식재산권 무역수지 추이에 대해 알려주세요.,0,0,0,0
MI3_240808_TY2_0412_3_V01_1,산업별 지식재산권 무역수지 추이에 대해 알려주세요,0,0,0,0
MI3_240808_TY2_0412_4_V01_1,거래상대방 국가별 지식재산권 무역수지 추이에 대해 알려주세요.,0,0,0,0
MI3_240808_TY2_0412_5_V01_1,지식재산권 무역수지 주요 통계 추이에 대해 알려주세요,0,0,0,0
MI3_240808_TY2_0414_1_V02-1_1,지역별 경상수지 차트(세로 막대형)에 대해 알려주세요,0,0,0,0
MI3_240808_TY2_0414_2_V01_1,지역별 경상수지 표에 대해 알려주세요,0,0,0,0
MI3_240808_TY2_0414_3_V01_1,2020p(B) B-A에 대해 알려주세요,0,0,0,0
MI3_240808_TY2_0414_4_V01_1,2017-2020p 기간의 데이터에 대해 알려주세요,0,0,0,0
MI3_240808_TY2_0416_1_V01_1,시장금리 및 주가에 대한 차트(세로 막대형)에 대해 알려주세요,0,0,0,0
MI3_240808_TY2_0416_2_V01_1,에 대한 은행 가계대출 관련 정보와 V타입에 대해 알려주세요.,0,0,0,0
MI3_240808_TY2_0416_3_V01_1,기업 자금조달 관련 데이터 차트에 대해 알려주세요,0,0,0,0
MI3_240808_TY2_0416_4_V01_1,주요 금융기관 수신 표에 대해 알려주세요,0,0,0,0
MI3_240808_TY2_0416_5_V01_1,은행 가계대출 및 기업 자금조달에 대한 표에 대해 알려주세요,0,0,0,0
MI3_240808_TY2_0416_6_V01_1,"(기간중 잔액 증감, 억원) 표에 대해 알려주세요",0,0,0,0
MI3_240808_TY2_0419_1_V01_1,금리 및 주가에 대한 시각요소 표에 대해 알려주세요,0,0,0,0
MI3_240808_TY2_0419_2_V01_1,에 대한 차트(세로 막대형) 내용을 알려주세요,0,0,0,0
MI3_240808_TY2_0419_3_V01_1,제목에 따른 기업 자금조달 차트에 대해 알려주세요,0,0,0,0
MI3_240808_TY2_0419_4_V01_1,주요 금융기관 수신에 대한 차트(세로 막대형)에 대해 알려주세요,0,0,0,0
MI3_240808_TY2_0419_5_V01_1,은행 가계대출 및 기업 자금조달 본문 표에 대해 알려주세요,0,0,0,0
MI3_240808_TY2_0419_6_V01_1,주요 금융기관 수신 차트에 대해 알려주세요,0,0,0,0
MI3_240808_TY2_0428_1_V01_1,2021년 2월중 통화 및 유동성 동향에 대해 알려주세요,0,0,0,0
MI3_240808_TY2_0428_2_V01_1,통화 및 유동성 지표 장기 추이 영역형 차트에 대해 알려주세요,0,0,0,0
MI3_240808_TY2_0428_3_V01_1,통화 및 유동성 지표 구성 금융상품에 대해 알려주세요,0,0,0,0
MI3_240808_TY2_0430_1_V01_1,2021년 3월중 통화 및 유동성 지표 추이(계절조정계열 기준) 표에 대해 알려주세요,0,0,0,0
MI3_240808_TY2_0430_2_V02-4_1,통화 및 유동성 지표 장기 추이 꺾은선형에 대해 알려주세요,0,0,0,0
MI3_240808_TY2_0459_1_V01_1,2022년 7월 통화 및 유동성 동향에 대해 알려주세요,0,0,0,0
MI3_240808_TY2_0459_2_V02-4_1,통화 및 유동성 지표 장기 추이에 대해 알려주세요,0,0,0,0
MI3_240808_TY2_0459_3_V01_1,통화 및 유동성 지표 구성 금융상품 표에 대해 알려주세요,0,0,0,0
MI3_240808_TY2_0471_1_V01_1,2022년 3월 통화 및 유동성 동향 연간 데이터에 대해 알려주세요,0,0,0,0
MI3_240808_TY2_0471_2_V02-4_1,통화 및 유동성 지표 장기 추이에 대해 알려주세요,0,0,0,0
MI3_240808_TY2_0471_3_V01_1,우리나라의 통화 및 유동성 지표 구성 금융상품에 대해 알려주세요,0,0,0,0
MI3_240808_TY2_0480_1_V01_1,2022년 통화 및 유동성 지표 추이에 대해 알려주세요,0,0,0,0
MI3_240808_TY2_0480_2_V01_1,2021년과 2022년 통화량 변화에 대해 알려주세요,0,0,0,0
MI3_240808_TY2_0480_3_V01_1,우리나라의 통화 및 유동성 지표에 대해 알려주세요,0,0,0,0
MI3_240808_TY2_0486_1_V01_1,금리 및 주가에 대해 알려주세요,0,0,0,0
MI3_240808_TY2_0486_2_V01_1,은행 가계대출 관련 데이터에 대해 알려주세요.,0,0,0,0
MI3_240808_TY2_0486_3_V01_1,기업 자금조달 차트(세로 막대형)에 대해 알려주세요,0,0,0,0
MI3_240808_TY2_0486_4_V01_1,주요 금융기관 수신 차트(세로 막대형)에 대해 알려주세요,0,0,0,0
MI3_240808_TY2_0486_5_V01_1,제목에 관련된 데이터의 본문 내용을 바탕으로 가계대출 및 기업 자금조달에 대한 표에 대해 알려주세요.,0,0,0,0
MI3_240808_TY2_0503_1_V02-4_2,상장기업(전산업) 영업이익률 차트(꺾은선형)에 대해 알려주세요,0,0,0,0
MI3_240808_TY2_0503_2_V02-4_1,이자보상비율에 대한 꺾은선형 차트에 대해 알려주세요,0,0,0,0
MI3_240808_TY2_0503_3_V02-4_1,T01 T02 T03 차트(꺾은선형)에 대해 알려주세요,0,0,0,0
MI3_240808_TY2_0503_4_V02-4_2,상장기업(제조업) 분위수 통계와 매출액영업이익률 차트(꺾은선형)에 대해 알려주세요,0,0,0,0
MI3_240808_TY2_0503_5_V02-4_1,이자보상비율 차트(꺾은선형)에 대해 알려주세요,0,0,0,0
MI3_240808_TY2_0503_6_V02-4_1,제목 차입금의존도 꺾은선형에 대해 알려주세요,0,0,0,0
MI3_240808_TY2_0505_1_V01_1,2023년 3월 통화 및 유동성 동향에 대한 표에 대해 알려주세요,0,0,0,0
MI3_240808_TY2_0505_2_V01_1,"2022년부터 2023년까지 M1, M2, Lf의 변화 추이에 대해 알려주세요",0,0,0,0
MI3_240808_TY2_0505_3_V01_2,광의통화(M2)의 경제주체별 구분에 대해 알려주세요,0,0,0,0
MI3_240808_TY2_0518_1_V01_2,기관형태별 × 산업별 지식재산권 무역수지에 대해 알려주세요,0,0,0,0
MI3_240808_TY2_0518_2_V01_1,기관형태별 X 국가별 지식재산권 무역수지(2023년p) 차트에 대해 알려주세요,0,0,0,0
MI3_240808_TY2_0518_3_V02-1_1,주요 지식재산권 무역수지 통계 추이에 대해 알려주세요,0,0,0,0
MI3_240808_TY2_0525_1_V01_1,주요 금융기관 수신에 대해 알려주세요.,0,0,0,0
MI3_240808_TY2_0525_2_V01_1,제목 및 소제목에 대한 정보와 함께 이 데이터의 본문에 포함된 차트에 대해 알려주세요.,0,0,0,0
MI3_240808_TY2_0525_3_V01_1,주요 금융기관 수신 표에 대해 알려주세요,0,0,0,0
MI3_240808_TY2_0528_1_V01_1,II. 2024년 상반기중 물가 상황 1. 개황 소비자물가 상승률에 대해 알려주세요,0,0,0,0
MI3_240808_TY2_0528_2_V02-8_1,소비자물가 변동 요인에 대해 알려주세요,0,0,0,0
MI3_240808_TY2_0528_3_V02-4_2,전문가 장기 기대 및 BEI 차트(꺾은선형)에 대해 알려주세요,0,0,0,0
MI3_240808_TY2_0528_4_V02-1_1,III. 향후 물가 여건 및 전망 본문 차트(영역형)에 대해 알려주세요,0,0,0,0
MI3_240808_TY2_0528_5_V02-4_2,소비자물가에 대한 차트(꺾은선형)에 대해 알려주세요,0,0,0,0
MI3_240808_TY2_0528_6_V02-4_2,기조적 물가 추이에 대한 꺾은선형 차트에 대해 알려주세요,0,0,0,0
MI3_240808_TY2_0528_7_V02-4_1,기조적 물가 흐름: 확산 정도 꺾은선형에 대해 알려주세요,0,0,0,0
MI3_240808_TY2_0528_8_V02-4_2,물가 상승모멘텀에 대한 차트(꺾은선형)에 대해 알려주세요,0,0,0,0
MI3_240808_TY2_0528_9_V02-4_1,BSI와 CPI 관련 차트(꺾은선형)에 대해 알려주세요,0,0,0,0
MI3_240808_TY2_0535_1_V02-4_1,기업경기실사지수(BSI) 제조업 업황BSI 추이에 대해 알려주세요,0,0,0,0
MI3_240808_TY2_0535_2_V02-4_1,업황BSI에 대해 알려주세요,0,0,0,0
MI3_240808_TY2_0535_3_V02-4_1,II 경제심리지수와 경제심리지수 추이에 대해 알려주세요,0,0,0,0
MI3_240808_TY2_0535_4_V02-4_2,기업경기실사지수 전망 차트(꺾은선형)에 대해 알려주세요,0,0,0,0
MI3_240808_TY2_0540_1_V02-4_1,I 기업경기실사지수(BSI) 제조업 업황BSI 추이에 대해 알려주세요,0,0,0,0
MI3_240808_TY2_0540_2_V02-4_1,비제조업 업황BSI 추이에 대해 알려주세요,0,0,0,0
MI3_240808_TY2_0540_3_V02-4_1,II 경제심리지수 추이에 대한 꺾은선형 차트에 대해 알려주세요,0,0,0,0
MI3_240808_TY2_0540_4_V02-4_2,기업경기실사지수(BSI) 전망에 대해 알려주세요,0,0,0,0
MI3_240808_TY2_0551_1_V01_1,장기평균에 대해 알려주세요,0,0,0,0
MI3_240808_TY2_0551_3_V01_1,Ⅱ 경제심리지수(ESI) ESI 지수 변화에 대해 알려주세요,0,0,0,0
MI3_240808_TY2_0551_4_V02-4_2,제조업·비제조업 업황 전망BSI 추이에 대해 알려주세요,0,0,0,0
MI3_240808_TY2_0556_1_V02-4_1,기업경기실사지수(BSI) 제조업 업황 BSI 꺾은선형에 대해 알려주세요,0,0,0,0
MI3_240808_TY2_0556_2_V01_1,제조업 경영애로사항 본문 표에 대해 알려주세요,0,0,0,0
MI3_240808_TY2_0556_3_V02-4_1,Ⅱ 경제심리지수(ESI) 경제심리지수 추이에 대해 알려주세요,0,0,0,0
MI3_240808_TY2_0556_4_V02-4_1,기업경기실사지수 추이에 대해 알려주세요,0,0,0,0
MI3_240808_TY2_0569_1_V01_1,기업경기실사지수(BSI) 전원대비 업황 꺾은선형 차트에 대해 알려주세요,0,0,0,0
MI3_240808_TY2_0569_2_V01_1,경영애로사항 내수부진 비중 변화에 대해 알려주세요,0,0,0,0
MI3_240808_TY2_0569_3_V01_1,II 경제심리지수(ESI)와 관련된 표에 대해 알려주세요,0,0,0,0
MI3_240808_TY2_0569_4_V02-4_1,기업경기실사지수(BSI) 추이에 대한 차트(꺾은선형)에 대해 알려주세요,0,0,0,0
MI3_240808_TY2_0570_1_V02-4_1,기업경기실사지수(BSI) 제조업 업황BSI 꺾은선형 차트에 대해 알려주세요,0,0,0,0
MI3_240808_TY2_0570_2_V01_2,장기평균 표에 대해 알려주세요,0,0,0,0
MI3_240808_TY2_0570_3_V02-4_1,II 경제심리지수(ESI) 차트(꺾은선형)에 대해 알려주세요,0,0,0,0
MI3_240808_TY2_0570_4_V02-4_2,기업경기실사지수 전망과 관련된 꺾은선형 차트에 대해 알려주세요,0,0,0,0
MI3_240808_TY2_0571_1_V01_1,기업경기실사지수(BSI) 장기평균에 대해 알려주세요,0,0,0,0
MI3_240808_TY2_0571_2_V02-4_1,비제조업 업황BSI 추이에 대해 알려주세요,0,0,0,0
MI3_240808_TY2_0571_3_V02-4_1,II 경제심리지수와 관련된 경제심리지수 추이 꺾은선형에 대해 알려주세요,0,0,0,0
MI3_240808_TY2_0571_4_V02-4_2,제조업·비제조업 업황 전망BSI 추이에 대해 알려주세요,0,0,0,0
MI3_240809_TY2_0009_1_V01_1,기업 자금조달 차트(세로 막대형)에 대해 알려주세요,0,0,0,0
MI3_240809_TY2_0009_2_V01_1,2018 2019 2020 연도별 수신 현황에 대해 알려주세요,0,0,0,0
MI3_240809_TY2_0009_3_V01_1,가계대출 및 기업 자금조달에 대해 알려주세요,0,0,0,0
MI3_240809_TY2_0025_1_V02-4_3,나. 등락률 차트(꺾은선형)에 대해 알려주세요,0,0,0,0
MI3_240809_TY2_0025_2_V01_1,수입물가지수 용도별 분류에 대해 알려주세요,0,0,0,0
MI3_240809_TY2_0028_1_V01_1,예금취급기관의 산업 대출금 증감액 추이 차트(세로 막대형)에 대해 알려주세요,0,0,0,0
MI3_240809_TY2_0028_2_V01_1,II. 2/4분기중 산업별 대출금 동향 차트(세로 막대형)에 대해 알려주세요,0,0,0,0
MI3_240809_TY2_0028_3_V01_1,서비스업 대출 증감액 추이 차트(세로 막대형)에 대해 알려주세요,0,0,0,0
MI3_240809_TY2_0029_1_V01_1,예금취급기관의 산업 대출금 증감액 추이 차트에 대해 알려주세요,0,0,0,0
MI3_240809_TY2_0029_2_V01_1,제조업 대출 증감액 추이에 대해 알려주세요,0,0,0,0
MI3_240809_TY2_0029_3_V01_1,서비스업 대출 증감액 추이에 대해 알려주세요,0,0,0,0
MI3_240809_TY2_0045_1_V01_1,서비스업 산업별 대출 추이에 대해 알려주세요,0,0,0,0
MI3_240809_TY2_0045_2_V01_1,건설업 산업별 대출 추이에 대해 알려주세요,0,0,0,0
MI3_240809_TY2_0049_1_V02-4_1,가. 지수 꺾은선형에 대해 알려주세요,0,0,0,0
MI3_240809_TY2_0052_1_V01_1,서비스업의 대출 추세를 보여주는 표에 대해 알려주세요,0,0,0,0
MI3_240809_TY2_0052_2_V01_1,건설업 산업별 대출 추이 차트에 대해 알려주세요,0,0,0,0
MI3_240809_TY2_0062_2_V01_1,가계대출 증감액 차트에 대해 알려주세요,0,0,0,0
MI3_240809_TY2_0062_3_V01_1,판매신용에 대한 표에 대해 알려주세요,0,0,0,0
MI3_240809_TY2_0064_1_V01_1,가계신용 표에 대해 알려주세요,0,0,0,0
MI3_240809_TY2_0064_2_V01_1,기관별 가계대출 표에 대해 알려주세요,0,0,0,0
MI3_240809_TY2_0064_3_V01_1,판매신용 차트(표)에 대해 알려주세요,0,0,0,0
MI3_240809_TY2_0069_1_V02-1_1,반기별 위조지폐 발견장수 표에 대해 알려주세요,0,0,0,0
MI3_240809_TY2_0069_2_V01_1,전체 금액에 대한 차트에 대해 알려주세요,0,0,0,0
MI3_240809_TY2_0072_1_V02-8_1,가계신용 혼합형 차트에 대해 알려주세요,0,0,0,0
MI3_240809_TY2_0072_3_V01_1,가계신용 잔액 현황 (십억원) 차트(세로 막대형)에 대해 알려주세요,0,0,0,0
MI3_240809_TY2_0082_1_V02-8_1,가계신용 혼합형에 대해 알려주세요,0,0,0,0
MI3_240809_TY2_0082_2_V01_1,기관별 가계대출 증감액 차트(세로 막대형)에 대해 알려주세요,0,0,0,0
MI3_240809_TY2_0082_3_V01_1,판매신용에 관한 표에 대해 알려주세요,0,0,0,0
MI3_240809_TY2_0083_1_V01_1,가계신용 표에 대해 알려주세요,0,0,0,0
MI3_240809_TY2_0083_2_V01_1,2012-2014 연중 가계대출 잔액에 대해 알려주세요,0,0,0,0
MI3_240809_TY2_0083_3_V01_1,판매신용에 대해 알려주세요,0,0,0,0
MI3_240809_TY2_0106_1_V02-1_2,총산출액의 지역별 구성 차트(세로 막대형)에 대해 알려주세요,0,0,0,0
MI3_240809_TY2_0113_1_V02-1_1,성별/연령별 스마트폰 보유비율 차트(세로 막대형)에 대해 알려주세요,0,0,0,0
MI3_240809_TY2_0116_1_V02-4_1,인터넷뱅킹 전체 차트(꺾은선형)에 대해 알려주세요,0,0,0,0
MI3_240809_TY2_0117_1_V01_1,외국환은행의 외환거래규모(억달러)에 대해 알려주세요,0,0,0,0
MI3_240809_TY2_0117_3_V01_1,전체 에 대해 알려주세요,0,0,0,0
MI3_240809_TY2_0118_1_V01_1,전자어음 이용자 등록 현황 표에 대해 알려주세요,0,0,0,0
MI3_240809_TY2_0118_2_V01_1,전자어음 이용 실적 표에 대해 알려주세요,0,0,0,0
MI3_240809_TY2_0140_1_V02-1_1,모바일뱅킹 서비스별 이용건수 및 비중 차트(세로 막대형)에 대해 알려주세요,0,0,0,0
MI3_240809_TY2_0162_1_V01_1,주요 시장금리에 대해 알려주세요,0,0,0,0
MI3_240809_TY2_0168_1_V01_1,원화 환율 차트(세로 막대형)에 대해 알려주세요,0,0,0,0
MI3_240809_TY2_0174_1_V01_1,지급카드 이용실적 표에 대해 알려주세요,0,0,0,0
MI3_240809_TY2_0178_1_V01_1,모바일뱅킹 등록고객수와 실제 이용에 대한 차트에 대해 알려주세요,0,0,0,0
MI3_240809_TY2_0181_1_V01_1,가계신용 표에 대해 알려주세요,0,0,0,0
MI3_240809_TY2_0193_1_V01_1,일평균 기준 표에 대해 알려주세요,0,0,0,0
MI3_240809_TY2_0221_1_V01_1,주요국환율에 대한 표에 대해 알려주세요,0,0,0,0
MI3_240809_TY2_0228_1_V02-8_1,가계신용 혼합형에 대해 알려주세요,0,0,0,0
MI3_240809_TY2_0239_1_V02-8_1,가계신용 혼합형에 대해 알려주세요,0,0,0,0
MI3_240809_TY2_0267_1_V02-8_1,2023년 5만원권 환수율 동향 은행권 발행·환수·순발행 혼합형에 대해 알려주세요,0,0,0,0
MI3_240809_TY2_0272_1_V01_2,소득교역조건지수에 대한 단가지수 방식(구지수) 차트(세로 막대형)에 대해 알려주세요,0,0,0,0
MI3_240809_TY2_0308_1_V02-1_1,전체 한국 OECD 평균 금융지식 금융행위에 대해 알려주세요,0,0,0,0
MI3_240809_TY2_0317_1_V02-8_1,수출물가지수 등락률 혼합형에 대해 알려주세요,0,0,0,0
MI3_240809_TY2_0347_1_V02-8_1,2. 수입물가지수 등락률 혼합형에 대해 알려주세요,0,0,0,0
MI3_240809_TY2_0366_1_V02-8_2,수입물가지수 등락률 차트(혼합형)에 대해 알려주세요,0,0,0,0
MI3_240809_TY2_0375_1_V01_1,주요 성장성지표 차트(세로 막대형)에 대해 알려주세요,0,0,0,0
MI3_240809_TY2_0384_1_V02-8_2,2. 수입물가지수 등락률 혼합형에 대해 알려주세요,0,0,0,0
MI3_240809_TY2_0389_1_V01_1,광의통화(M2)의 경제주체별 구분 표에 대해 알려주세요,0,0,0,0
MI3_240809_TY2_0394_1_V02-4_1,기업경기실사지수(BSI) 제조업 업황BSI 꺾은선형에 대해 알려주세요,0,0,0,0
MI3_240809_TY2_0395_1_V01_1,소비자심리지수 표에 대해 알려주세요,0,0,0,0
MI3_240809_TY2_0426_1_V02-4_1,기업경기실사지수(BSI) 제조업 업황BSI 꺾은선형에 대해 알려주세요,0,0,0,0
MI3_240809_TY2_0435_1_V01_1,I 기업경기실사지수(BSI) 제조업 업황BSI 표에 대해 알려주세요,0,0,0,0
MI3_240809_TY2_0461_1_V02-4_1,제조업 업황BSI 추이에 대해 알려주세요,0,0,0,0
MI3_240809_TY2_0470_1_V01_1,장기평균 표에 대해 알려주세요,0,0,0,0
MI3_240809_TY2_0479_1_V02-4_1,제조업 업황BSI 추이에 대해 알려주세요,0,0,0,0
MI3_240809_TY2_0480_1_V01_1,장기평균에 대해 알려주세요,0,0,0,0
MI3_240809_TY2_0486_1_V01_1,장기평균에 대해 알려주세요,0,0,0,0
MI3_240809_TY2_0490_1_V01_1,장기평균에 대해 알려주세요,0,0,0,0
MI3_240809_TY2_0502_1_V02-4_1,경제성장률 비교 차트(꺾은선형)에 대해 알려주세요,0,0,0,0
MI3_240809_TY2_0507_1_V02-4_1,제조업 업황BSI 추이에 대해 알려주세요,0,0,0,0
MI3_240809_TY2_0510_1_V01_1,국내은행의 대출태도지수 종합에 대해 알려주세요,0,0,0,0
MI3_240809_TY2_0513_1_V01_2,총량지표에 대한 차트(세로 막대형)에 대해 알려주세요,0,0,0,0
MI3_240809_TY2_0527_1_V01_1,M1 M2 표에 대해 알려주세요,0,0,0,0
MI3_240809_TY2_0528_1_V01_1,총량지표에 대한 표에 대해 알려주세요.,0,0,0,0
MI3_240809_TY2_0558_1_V01_1,수익구조 차트(세로 막대형)에 대해 알려주세요,0,0,0,0
MI3_240809_TY2_0562_1_V02-4_2,결제통화별 수입비중 추이에 대해 알려주세요,0,0,0,0
MI3_240809_TY2_0569_1_V01_1,북한의 산업별 성장률 차트에 대해 알려주세요,0,0,0,0
MI3_240809_TY2_0589_1_V01_1,지역별 어음부도율1) (전자결제 조정전) 차트(세로 막대형)에 대해 알려주세요,0,0,0,0
MI3_240809_TY2_0594_1_V01_2,총량지표와 통화지표(평잔)에 대한 차트에 대해 알려주세요,0,0,0,0
MI3_240809_TY2_0596_1_V01_2,통화지표의 증감률에 대해 알려주세요.,0,0,0,0
MI3_240809_TY2_0598_1_V01_1,"원/달러, 원/엔, 달러/유로 및 엔/달러 환율 추이 표에 대해 알려주세요",0,0,0,0
MI3_240809_TY2_0599_1_V01_2,전기대비 증감률(계절조정계열) 차트(세로 막대형)에 대해 알려주세요,0,0,0,0
MI3_240809_TY2_0606_1_V01_1,총량지표 차트에 대해 알려주세요,0,0,0,0
MI3_240809_TY2_0625_1_V01_1,매출액증가율 차트(세로 막대형)에 대해 알려주세요,0,0,0,0
MI3_240809_TY2_0652_1_V02-4_1,경제주체별 자금과부족 추이 꺾은선형 차트에 대해 알려주세요,0,0,0,0
MI3_240809_TY2_0665_1_V01_1,예금은행 가중평균금리 차트에 대해 알려주세요,0,0,0,0
MI3_240809_TY2_0673_1_V01_1,예금은행의 가중평균금리 표에 대해 알려주세요,0,0,0,0
MI3_240809_TY2_0674_1_V01_1,예금은행의 가중평균금리 차트(세로 막대형)에 대해 알려주세요,0,0,0,0
MI3_240809_TY2_0689_1_V01_2,광의통화(M2)의 경제주체별 구분 표에 대해 알려주세요,0,0,0,0
MI3_240809_TY2_0697_1_V01_1,주요 성장성지표 차트(세로 막대형)에 대해 알려주세요,0,0,0,0
MI3_240809_TY2_0717_1_V01_1,I. 예금은행 가중평균금리 차트에 대해 알려주세요,0,0,0,0
MI3_240809_TY2_0722_1_V01_1,통화 및 유동성 지표 추이 차트(세로 막대형)에 대해 알려주세요,0,0,0,0
MI3_240809_TY2_0769_1_V01_1,2018년중 지식재산권 무역수지 표에 대해 알려주세요,0,0,0,0
MI3_240809_TY2_0804_1_V01_1,생산자물가지수 표에 대해 알려주세요,0,0,0,0
MI3_240809_TY2_0808_1_V01_1,생산자물가지수 표에 대해 알려주세요,0,0,0,0
MI3_240809_TY2_0811_1_V01_1,생산자물가지수 (%) 전월대비 전년동월대비 가중치에 대해 알려주세요,0,0,0,0
MI3_240809_TY2_0812_1_V01_1,생산자물가지수 차트(표)에 대해 알려주세요,0,0,0,0
MI3_240809_TY2_0813_1_V01_1,생산자물가지수 차트에 대해 알려주세요,0,0,0,0
MI3_240809_TY2_0859_1_V01_1,평균 가격 차트 표에 대해 알려주세요,0,0,0,0
MI3_240809_TY2_0878_1_V01_1,국제유가 표에 대해 알려주세요,0,0,0,0
MI3_240809_TY2_0935_1_V01_2,총저축률과 국내총투자율 표에 대해 알려주세요,0,0,0,0
MI3_240809_TY2_0944_1_V01_1,2013년 3/4분기 실질 국내총생산에 대한 차트에 대해 알려주세요,0,0,0,0
MI3_240809_TY2_0965_1_V01_1,일자 장소 회의명 표에 대해 알려주세요,0,0,0,0
MI3_240809_TY2_0973_1_V01_1,국내은행의 차주별 대출태도지수 추이 및 전망에 대해 알려주세요,0,0,0,0
MI3_240809_TY2_0980_1_V02-8_1,경제성장률 추이 차트(혼합형)에 대해 알려주세요,0,0,0,0
MI3_240809_TY2_0998_1_V01_1,국민총소득 저축률 차트에 대해 알려주세요,0,0,0,0
MI3_240809_TY2_1002_1_V01_1,국민계정 주요지표 경제규모 및 국민소득에 대해 알려주세요,0,0,0,0
MI3_240809_TY2_1019_1_V01_1,경제활동별 국내총생산과 관련된 표에 대해 알려주세요,0,0,0,0
MI3_240809_TY2_1020_1_V01_1,경제규모 및 국민총소득에 대한 차트(세로 막대형)에 대해 알려주세요,0,0,0,0
MI3_240809_TY2_1025_1_V01_1,2021년 2/4분기 국민총소득 관련 차트에 대해 알려주세요,0,0,0,0
MI3_240809_TY2_1033_1_V01_1,경제활동별 국내총생산 차트에 대해 알려주세요,0,0,0,0
MI3_240809_TY2_1052_1_V02-4_1,세계경제와 관련된 꺾은선형 차트에 대해 알려주세요,0,0,0,0
MI3_240809_TY2_1055_1_V02-8_1,I · 국내외 경제여건혼합형에 대해 알려주세요,0,0,0,0
MI3_240809_TY2_1059_1_V02-8_1,세계경제 1 세계경제에 대한 혼합형 차트에 대해 알려주세요,0,0,0,0
MI3_240809_TY2_1061_1_V02-4_2,경기체감지수 꺾은선형에 대해 알려주세요,0,0,0,0
MI3_240809_TY2_1083_1_V01_1,국내은행의 대출태도에 대해 알려주세요,0,0,0,0
MI3_240809_TY2_1091_1_V03_1,조건부자본에 대해 알려주세요,0,0,0,0
MI3_240809_TY2_1092_1_V02-4_1,경제성장률과 1인당 국민소득에 대한 꺾은선형 차트에 대해 알려주세요,0,0,0,0
MI3_240809_TY2_1097_1_V02-6_1,국가별 금융이해력 수준 및 국민소득에 대해 알려주세요,0,0,0,0
MI3_240812_TY2_0013_1_V02-4_1,2019년 6월 대구경북지역 기업경기조사 결과 제조업 업황BSI 꺾은선형에 대해 알려주세요,0,0,0,0
MI3_240812_TY2_0013_2_V01_1,T01 T02 T03 차트(세로 막대형)에 대해 알려주세요,0,0,0,0
MI3_240812_TY2_0013_3_V02-4_1,제조업 비제조업 업황 전망 BSI 꺾은선형에 대해 알려주세요,0,0,0,0
MI3_240812_TY2_0013_4_V01_2,T01 T02 T03 표에 대해 알려주세요,0,0,0,0
MI3_240812_TY2_0013_5_V01_1,"전국과의 비교, 주요지표 비교1)2) 차트에 대해 알려주세요",0,0,0,0
MI3_240812_TY2_0013_6_V01_1,대구경북지역 기업경기조사 주요지표에 대한 차트(세로 막대형)에 대해 알려주세요,0,0,0,0
MI3_240812_TY2_0025_1_V01_1,2020년 5월 대구경북지역 기업경기조사 결과 제조업 업황 BSI 세로 막대형에 대해 알려주세요,0,0,0,0
MI3_240812_TY2_0025_2_V01_1,T01 T02 V01 차트(혼합형)에 대해 알려주세요,0,0,0,0
MI3_240812_TY2_0025_3_V02-4_1,비제조업 업황 전망 BSI 꺾은선형에 대해 알려주세요,0,0,0,0
MI3_240812_TY2_0025_4_V01_2,비제조업 경영애로사항에 대한 시각적 정보에 대해 알려주세요,0,0,0,0
MI3_240812_TY2_0025_5_V01_1,제조업과 비제조업의 주요지표를 비교하는 차트에 대해 알려주세요,0,0,0,0
MI3_240812_TY2_0025_6_V01_1,대구경북지역 기업경기조사 주요지표에 대해 알려주세요,0,0,0,0
MI3_240812_TY2_0036_1_V01_1,2021년 5월 대구경북지역 기업경기조사 결과의 막대형 차트에 대해 알려주세요,0,0,0,0
MI3_240812_TY2_0036_2_V01_1,이번 문서의 표에 대해 알려주세요,0,0,0,0
MI3_240812_TY2_0036_3_V02-4_1,비제조업 업황BSI 꺾은선형에 대해 알려주세요,0,0,0,0
MI3_240812_TY2_0036_4_V01_1,에 포함된차트에 대해 알려주세요,0,0,0,0
MI3_240812_TY2_0036_5_V01_1,전국과의 비교 표에 대해 알려주세요,0,0,0,0
MI3_240812_TY2_0036_6_V01_1,대구경북지역 기업경기조사 주요지표에 대해 알려주세요,0,0,0,0
MI3_240812_TY2_0044_1_V02-4_1,2022년 1월 대구경북지역 기업경기조사 결과 제조업 업황BSI 꺾은선형에 대해 알려주세요,0,0,0,0
MI3_240812_TY2_0044_2_V01_1,T01 T02 V01 차트(혼합형)에 대해 알려주세요,0,0,0,0
MI3_240812_TY2_0044_3_V02-4_1,업황 전망 BSI 꺾은선형에 대해 알려주세요,0,0,0,0
MI3_240812_TY2_0044_4_V01_2,"(비중, %) 차트(원형)에 대해 알려주세요",0,0,0,0
MI3_240812_TY2_0044_5_V01_1,전국과의 비교 시각요소 범례에 대해 알려주세요,0,0,0,0
MI3_240812_TY2_0044_6_V01_1,대구경북지역 기업경기조사 주요지표에 대해 알려주세요,0,0,0,0
MI3_240812_TY2_0046_1_V01_1,2022년 3월 대구경북지역 기업경기조사 결과 제조업 업황 데이터에 대해 알려주세요,0,0,0,0
MI3_240812_TY2_0046_2_V01_1,T01 T02 V01 차트에 대해 알려주세요,0,0,0,0
MI3_240812_TY2_0046_3_V02-4_1,"제조업 경영애로사항1) (비중, %) 업황 BSI 꺾은선형에 대해 알려주세요",0,0,0,0
MI3_240812_TY2_0046_4_V01_1,업황에 대한 시각적 표현인 차트(세로 막대형)에 대해 알려주세요,0,0,0,0
MI3_240812_TY2_0046_5_V01_1,대구경북 전 월별 제조업 업황 차트에 대해 알려주세요,0,0,0,0
MI3_240812_TY2_0046_6_V01_1,대구경북지역 기업경기조사 주요지표에 대해 알려주세요,0,0,0,0
MI3_240812_TY2_0049_1_V02-4_1,2022년 6월 대구경북지역 기업경기조사 결과와 관련된 업황 전망 BSI 꺾은선형에 대해 알려주세요.,0,0,0,0
MI3_240812_TY2_0049_2_V01_1,매출BSI 생산BSI 데이터 차트에 대해 알려주세요,0,0,0,0
MI3_240812_TY2_0049_3_V02-4_1,경영애로사항 비제조업 업황BSI와 업황 전망BSI에 대해 알려주세요,0,0,0,0
MI3_240812_TY2_0049_4_V01_1,21.10월 11월 12월 22.1월 2월 3월 4월 5월 6월 7월 차트(세로 막대형)에 대해 알려주세요,0,0,0,0
MI3_240812_TY2_0049_5_V01_1,전국과의 비교와 관련된 차트에 대해 알려주세요,0,0,0,0
MI3_240812_TY2_0049_6_V01_1,대구경북지역 기업경기조사 주요지표 매출 차트에 대해 알려주세요,0,0,0,0
MI3_240812_TY2_0053_1_V02-4_1,2022년 10월 대구경북지역 기업경기조사 결과 제조업 업황BSI 꺾은선형 차트에 대해 알려주세요,0,0,0,0
MI3_240812_TY2_0053_2_V01_1,"제목에 따라 '22.2월부터 10월까지의 매출, 생산, 신규 수주 등의 변화를 보여주는 표에 대해 알려주세요.",0,0,0,0
MI3_240812_TY2_0053_3_V02-4_1,비제조업 업황 전망 BSI 꺾은선형에 대해 알려주세요,0,0,0,0
MI3_240812_TY2_0053_4_V01_2,이 문서의 제목에 대한 경영애로사항 비중 차트에 대해 알려주세요.,0,0,0,0
MI3_240812_TY2_0053_5_V01_1,전국과의 비교 주 주요지표 비교1) 차트(세로 막대형)에 대해 알려주세요,0,0,0,0
MI3_240812_TY2_0053_6_V01_1,대구경북지역 기업경기조사 주요지표에 대해 알려주세요,0,0,0,0
MI3_240812_TY2_0055_1_V02-4_1,2022년 12월 대구경북지역 기업경기조사 결과 제조업 업황BSI 꺾은선형에 대해 알려주세요,0,0,0,0
MI3_240812_TY2_0055_2_V01_1,매출BSI와 관련된 데이터의 차트에 대해 알려주세요,0,0,0,0
MI3_240812_TY2_0055_3_V02-4_1,업황전망에 대한 꺾은선형 차트에 대해 알려주세요,0,0,0,0
MI3_240812_TY2_0055_4_V01_1,T01 T02 T03 표에 대해 알려주세요,0,0,0,0
MI3_240812_TY2_0055_5_V01_1,전국과의 비교에 대한 표에 대해 알려주세요,0,0,0,0
MI3_240812_TY2_0055_6_V01_1,대구경북지역 기업경기조사 주요지표에 대해 알려주세요,0,0,0,0
MI3_240812_TY2_0059_1_V02-4_1,2023년 4월 대구경북지역 기업경기조사 결과 제조업 업황BSI 꺾은선형에 대해 알려주세요,0,0,0,0
MI3_240812_TY2_0059_2_V01_1,T01 T02 T03 V01에 대해 알려주세요,0,0,0,0
MI3_240812_TY2_0059_3_V02-4_1,업황 전망 BSI 꺾은선형에 대해 알려주세요,0,0,0,0
MI3_240812_TY2_0059_4_V01_1,T01 T02 T03 표에 대해 알려주세요,0,0,0,0
MI3_240812_TY2_0059_5_V01_1,전국과의 비교와 관련하여 대구경북 전 국의 제조업 및 비제조업 업황에 대한 차트에 대해 알려주세요,0,0,0,0
MI3_240812_TY2_0059_6_V01_1,대구경북지역 기업경기조사 주요지표에 대해 알려주세요,0,0,0,0
MI3_240812_TY2_0112_1_V01_1,세계경제 성장률 전제 표에 대해 알려주세요,0,0,0,0
MI3_240812_TY2_0112_2_V02-4_1,소비자물가 상승률 전망 차트(꺾은선형)에 대해 알려주세요,0,0,0,0
MI3_240812_TY2_0112_3_V02-4_2,에 대한 소비자물가 상승률 차트(꺾은선형)에 대해 알려주세요,0,0,0,0
MI3_240812_TY2_0112_4_V01_1,경제전망 요약표(2023.8월) 본문 표에 대해 알려주세요,0,0,0,0
MI3_240812_TY2_0113_1_V01_2,국내 성장률 전망 표에 대해 알려주세요,0,0,0,0
MI3_240812_TY2_0113_2_V02-4_1,<소비자물가 전망경로>에 대해 알려주세요,0,0,0,0
MI3_240812_TY2_0113_3_V02-4_2,에 관련된 <시나리오별 물가상승률> 차트(꺾은선형)에 대해 알려주세요,0,0,0,0
MI3_240812_TY2_0113_4_V01_1,경제전망 요약표(2023.11월) 차트에 대해 알려주세요,0,0,0,0
MI3_240812_TY2_0122_1_V02-8_2,분기별 경제성장률 추이에 대한 혼합형 차트에 대해 알려주세요,0,0,0,0
MI3_240812_TY2_0122_2_V01_1,경제활동별 및 지출항목별 성장기여도 차트(세로 막대형)에 대해 알려주세요,0,0,0,0
MI3_240812_TY2_0122_3_V01_1,경제활동별 및 지출항목별 성장기여도 차트에 대해 알려주세요,0,0,0,0
MI3_240812_TY2_0122_4_V01_1,최종수요에 대한 지출항목별 성장기여도와 관련된 차트에 대해 알려주세요,0,0,0,0
MI3_240812_TY2_0122_5_V01_1,주요 경제활동별 성장률 추이에 대해 알려주세요,0,0,0,0
MI3_240812_TY2_0130_1_V01_1,제목과 소제목을 기반으로 한 시각요소에 대해 알려주세요.,0,0,0,0
MI3_240812_TY2_0130_3_V01_1,금융microSD 식별체계에 대해 알려주세요,0,0,0,0
MI3_240812_TY2_0136_1_V01_1,주요 글로벌 분산원장 기술 컨소시엄에 대해 알려주세요,0,0,0,0
MI3_240812_TY2_0136_2_V01_1,주요 블록체인 프로토콜에 대해 알려주세요,0,0,0,0
MI3_240812_TY2_0136_3_V01_1,분산원장 기술 유형별 비교에 대해 알려주세요,0,0,0,0
MI3_240812_TY2_0156_1_V02-8_1,2013년중 위조지폐 발견현황에 대해 알려주세요,0,0,0,0
MI3_240812_TY2_0156_2_V01_1,이 문서에서는 권종별 위조지폐 발견현황 표에 대해 알려주세요,0,0,0,0
MI3_240812_TY2_0156_3_V01_1,이 문서에서 제시된 증감 현황 표에 대해 알려주세요.,0,0,0,0
MI3_240812_TY2_0157_1_V01_1,"2014년 1/4분기 실질 국내총생산(속보)과 관련하여, 국내총생산에 대한 지출을 보여주는 차트에 대해 알려주세요",0,0,0,0
MI3_240812_TY2_0157_2_V01_1,경제활동별 국내총생산과 관련된 데이터에서 2012년부터 2014년까지의 변화에 대해 알려주세요.,0,0,0,0
MI3_240812_TY2_0157_3_V02-8_1,분기별 경제성장률 추이 (계절조정계열) 혼합형에 대해 알려주세요,0,0,0,0
MI3_240812_TY2_0160_1_V02-8_1,분기별 경제성장률 추이 혼합형에 대해 알려주세요,0,0,0,0
MI3_240812_TY2_0160_2_V01_1,광공업 성장률에 대한 표에 대해 알려주세요,0,0,0,0
MI3_240812_TY2_0160_3_V01_1,서비스업 성장률 관련 데이터에 대해 알려주세요,0,0,0,0
MI3_240812_TY2_0168_1_V01_1,2016년 4/4분기 및 연간 국내총생산 데이터에 대해 알려주세요,0,0,0,0
MI3_240812_TY2_0168_2_V01_1,경제활동별 국내총생산 차트(세로 막대형)에 대해 알려주세요,0,0,0,0
MI3_240812_TY2_0168_3_V02-8_2,제목에 대한 전년동기대비 GDI와 GDP 차트(혼합형)에 대해 알려주세요,0,0,0,0
MI3_240812_TY2_0176_1_V01_1,"국민총소득, 디플레이터, 저축률 및 투자율 관련 시각요소에 대해 알려주세요",0,0,0,0
MI3_240812_TY2_0176_2_V02-8_2,국민소득통계 주요지표 2. GDP에 대한 성장기여도(계절조정계열)에 대해 알려주세요,0,0,0,0
MI3_240812_TY2_0176_3_V02-1_1,경제활동별 성장률 차트(세로 막대형)에 대해 알려주세요,0,0,0,0
MI3_240812_TY2_0179_1_V01_1,경제활동별 국내총생산에 대한 계절조정계열 전기대비 차트(세로 막대형)에 대해 알려주세요,0,0,0,0
MI3_240812_TY2_0179_2_V02-1_1,국민소득통계 주요지표 2. GDP에 대한 성장기여도에 대해 알려주세요,0,0,0,0
MI3_240812_TY2_0179_3_V02-1_1,3. 경제활동별 성장률에 대해 알려주세요,0,0,0,0
MI3_240812_TY2_0199_1_V01_1,경제활동별 국내총생산과 관련된 계절조정계열 전기대비에 대해 알려주세요,0,0,0,0
MI3_240812_TY2_0199_2_V02-8_2,국민소득통계 주요지표 GDP에 대한 성장기여도(계절조정계열)에 대해 알려주세요,0,0,0,0
MI3_240812_TY2_0199_3_V02-1_1,경제활동별 성장률에 대한 차트(세로 막대형)에 대해 알려주세요,0,0,0,0
MI3_240812_TY2_0201_1_V01_1,2020년의 경제 동향과 관련된 국내총생산 및 국내총소득 차트(세로 막대형)에 대해 알려주세요,0,0,0,0
MI3_240812_TY2_0201_2_V02-1_3,국민소득통계 주요지표 2. GDP에 대한 성장기여도(계절조정계열)에 대해 알려주세요,0,0,0,0
MI3_240812_TY2_0201_3_V02-1_1,경제활동별 성장률에 대한 차트(세로 막대형)에 대해 알려주세요,0,0,0,0
MI3_240812_TY2_0213_1_V01_1,경제활동별 국내총생산에 대한 차트(세로 막대형)에 대해 알려주세요,0,0,0,0
MI3_240812_TY2_0213_2_V02-1_1,국민소득통계 주요지표 2. GDP에 대한 성장 기여도에 대해 알려주세요,0,0,0,0
MI3_240812_TY2_0213_3_V02-1_1,경제활동별 성장률 차트(세로 막대형)에 대해 알려주세요,0,0,0,0
MI3_240812_TY2_0217_1_V01_1,"국민총소득, 디플레이터, 저축률 및 투자율에 대한 표에 대해 알려주세요",0,0,0,0
MI3_240812_TY2_0217_2_V02-1_1,국민소득통계 주요지표 3. GDP 구성 요소에 대해 알려주세요.,0,0,0,0
MI3_240812_TY2_0217_3_V02-1_2,지출항목별 증가율에 대한 차트(세로 막대형)에 대해 알려주세요,0,0,0,0
MI3_240812_TY2_0236_1_V02-4_1,국내외 경제여건 유로지역 PMI 및 경기체감지수에 대해 알려주세요,0,0,0,0
MI3_240812_TY2_0236_2_V01_1,주요 내용 표에 대해 알려주세요,0,0,0,0
MI3_240812_TY2_0236_3_V02-8_1,국내 여건 1 민간소비 가계 실질구매력 혼합형에 대해 알려주세요,0,0,0,0
MI3_240812_TY2_0236_4_V02-8_3,기타 지식재산생산물 투자 추이에 대해 알려주세요,0,0,0,0
MI3_240812_TY2_0247_1_V02-4_1,글로벌 PMI 및 OECD 선행지수 차트(꺾은선형)에 대해 알려주세요,0,0,0,0
MI3_240812_TY2_0247_2_V02-8_3,수입물량지수 차트(혼합형)에 대해 알려주세요,0,0,0,0
MI3_240812_TY2_0247_3_V02-8_1,에 관련하여 총 취업자수 변화에 대한 꺾은선형 차트에 대해 알려주세요.,0,0,0,0
MI3_240812_TY2_0247_4_V02-4_1,"II. 국내외 경제여건 전망유로지역 산업생산, 소매판매 및 경기체감지수 꺾은선형에 대해 알려주세요",0,0,0,0
MI3_240812_TY2_0250_1_V02-4_1,국내경제 현황 및 설비투자지수 꺾은선형에 대해 알려주세요,0,0,0,0
MI3_240812_TY2_0250_2_V02-4_2,물가에 대한 근원인플레이션 꺾은선형에 대해 알려주세요,0,0,0,0
MI3_240812_TY2_0250_3_V01_1,세계경제 성장률 전망에 대해 알려주세요,0,0,0,0
MI3_240812_TY2_0250_4_V02-4_2,유로지역 PMI 차트(꺾은선형)에 대해 알려주세요,0,0,0,0
MI3_240812_TY2_0300_1_V01_1,2019년 8월 대구경북지역 소비자동향조사 결과 소비자심리지수 표에 대해 알려주세요,0,0,0,0
MI3_240812_TY2_0300_2_V01_1,Ⅱ. 소비자동향지수(CSI) 1. 가계 재정상황에 대한 인식 현재생활형편 및 생활형편전망 CSI에 대해 알려주세요,0,0,0,0
MI3_240812_TY2_0300_3_V01_1,현재경기판단 및 향후경기전망 표에 대해 알려주세요,0,0,0,0
MI3_240812_TY2_0305_1_V02-4_2,제조업 활동 반도체 및 LCD가격 영역형에 대해 알려주세요,0,0,0,0
MI3_240812_TY2_0305_2_V02-8_1,"제목에 관련된 생산, 출하, 재고 변화 추세에 대해 알려주세요.",0,0,0,0
MI3_240812_TY2_0305_3_V02-8_1,경기지역 대형소매점 판매액지수에 대한 차트(혼합형)에 대해 알려주세요,0,0,0,0
MI3_240812_TY2_0305_4_V01_1,2013년 11월중 내수용 자본재 수입액 및 산업기계 수입액에 대해 알려주세요.,0,0,0,0
MI3_240812_TY2_0312_1_V02-4_1,2020년 2월 대구경북지역 소비자동향조사 결과 I . 소비자심리지수(CCSI) 꺾은선형 차트에 대해 알려주세요,0,0,0,0
MI3_240812_TY2_0312_2_V01_1,Ⅱ. 소비자동향지수(CSI) 본문 표에 대해 알려주세요,0,0,0,0
MI3_240812_TY2_0322_1_V02-4_1,경제상황에 대한 인식 현재경기판단 및 향후경기전망 차트(영역형)에 대해 알려주세요,0,0,0,0
MI3_240812_TY2_0322_2_V01_1,전국 지수와의 비교 소비자심리지수 표에 대해 알려주세요,0,0,0,0
MI3_240812_TY2_0332_1_V02-4_1,경제상황에 대한 인식 현재경기판단 및 향후경기전망 차트(꺾은선형)에 대해 알려주세요,0,0,0,0
MI3_240812_TY2_0332_2_V02-1_1,2021. 10월 대구경북 및 전국의 소비자동향지수 차트(세로 막대형)에 대해 알려주세요,0,0,0,0
MI3_240812_TY2_0360_1_V01_1,2024년 2월 대구경북지역 소비자동향조사 결과 I. 소비자심리지수(CCSI) 구성지수의 기여도에 대해 알려주세요,0,0,0,0
MI3_240812_TY2_0360_2_V02-4_1,II. 소비자동향지수(CSI) 생활형편 관련 차트(꺾은선형)에 대해 알려주세요,0,0,0,0
MI3_240812_TY2_0371_1_V02-4_1,IV. 가계저축 및 부채에 대한 조사 차트(꺾은선형)에 대해 알려주세요,0,0,0,0
MI3_240812_TY2_0371_2_V01_1,가계의 물가전망 및 관련 데이터 표에 대해 알려주세요,0,0,0,0
MI3_240812_TY2_0380_1_V02-4_1,제조업 활동 제조업 생산 차트(꺾은선형)에 대해 알려주세요,0,0,0,0
MI3_240812_TY2_0380_2_V01_1,제조업 업종별 출하 및 재고에 대해 알려주세요,0,0,0,0
MI3_240812_TY2_0380_3_V02-8_1,대형소매점 판매액지수 차트(혼합형)에 대해 알려주세요,0,0,0,0
MI3_240812_TY2_0380_4_V01_1,2014년 9월중 내수용 자본재 수입과 관련된 차트에 대해 알려주세요,0,0,0,0
MI3_240812_TY2_0380_5_V02-8_1,건설수주액 및 건축착공면적 차트(혼합형)에 대해 알려주세요,0,0,0,0
MI3_240812_TY2_0380_6_V02-8_1,4 대외거래 관련 자료에서 수출입 차에 대한 혼합형 차트에 대해 알려주세요,0,0,0,0
MI3_240812_TY2_0397_1_V02-8_1,산업기계 수입액 변화에 대한 차트(혼합형)에 대해 알려주세요,0,0,0,0
MI3_240812_TY2_0397_2_V01_1,건설투자 본문 표에 대해 알려주세요,0,0,0,0
MI3_240812_TY2_0397_3_V02-8_1,"4. 대외 거래에 대한 60 (전년동월대비,%) 혼합형 차트에 대해 알려주세요",0,0,0,0
MI3_240812_TY2_0413_1_V02-4_1,자본재 수입 및 반도체·평판디스플레이 제조용장비 차트(꺾은선형)에 대해 알려주세요,0,0,0,0
MI3_240812_TY2_0413_2_V01_1,"2018년 건축착공면적, 건축허가면적, 건설수주액의 차트에 대해 알려주세요",0,0,0,0
MI3_240812_TY2_0413_3_V02-8_1,라. 대외 거래에 대한 혼합형 차트에 대해 알려주세요,0,0,0,0
MI3_240812_TY2_0414_1_V02-8_1,고용률 증감 차트(혼합형)에 대해 알려주세요,0,0,0,0
MI3_240812_TY2_0414_2_V01_1,소비자물가 상승률 차트(혼합형)에 대해 알려주세요,0,0,0,0
MI3_240812_TY2_0414_3_V01_1,주택가격 상승률에 대해 알려주세요,0,0,0,0
MI3_240812_TY2_0442_1_V02-7_1,생산 대경권 경기 레이더에 대해 알려주세요,0,0,0,0
MI3_240812_TY2_0442_2_V02-4_2,제조업 생산지수에 대해 알려주세요,0,0,0,0
MI3_240812_TY2_0442_3_V02-4_1,전국 소비 추세를 나타내는 꺾은선형 차트에 대해 알려주세요,0,0,0,0
MI3_240812_TY2_0449_1_V02-1_2,T01 T02 T03 세로 막대형 차트에 대해 알려주세요,0,0,0,0
MI3_240812_TY2_0449_2_V02-4_1,모니터링 결과 향후 건설투자는 3/4분기 수준 보다 소폭 감소할 것으로 전망된다. 꺾은선형 차트에 대해 알려주세요,0,0,0,0
MI3_240812_TY2_0449_3_V02-1_1,모니터링 결과 취업자수 증가(만명) 차트(세로 막대형)에 대해 알려주세요,0,0,0,0
MI3_240812_TY2_0451_1_V02-7_1,2023년 1/4분기 중 대경권 경기에 대해 알려주세요.,0,0,0,0
MI3_240812_TY2_0451_2_V02-8_2,권역별 경기 레이더 추이 차트(혼합형)에 대해 알려주세요,0,0,0,0
MI3_240812_TY2_0451_3_V02-8_1,권역별 경기 레이더 추이 혼합형에 대해 알려주세요,0,0,0,0
MI3_240812_TY2_0451_4_V02-1_1,T01 T02 차트(세로 막대형) V02-1에 대해 알려주세요,0,0,0,0
MI3_240812_TY2_0469_1_V02-8_1,요약 금융기관 수신 혼합형에 대해 알려주세요,0,0,0,0
MI3_240812_TY2_0469_2_V02-8_1,총여신 혼합형에 대해 알려주세요,0,0,0,0
MI3_240812_TY2_0469_3_V01_2,예금은행 수신에 대한 차트(가로 막대형)에 대해 알려주세요,0,0,0,0
MI3_240812_TY2_0469_4_V01_1,비은행기관 수신에 대한 표에 대해 알려주세요,0,0,0,0
MI3_240812_TY2_0489_1_V01_1,2021년 2월중 대구경북지역 금융기관 수신에 대한 표에 대해 알려주세요.,0,0,0,0
MI3_240812_TY2_0489_2_V01_1,2020년과 2021년에 대한 금융회사 관련 수치와 그 변화에 대해 알려주세요.,0,0,0,0
MI3_240812_TY2_0489_3_V01_1,연중 1월 2월과 관련된 표에 대해 알려주세요,0,0,0,0
MI3_240812_TY2_0489_4_V01_1,비은행기관 여신 증감 및 잔액에 대해 알려주세요,0,0,0,0
MI3_240812_TY2_0496_1_V01_1,요약 총수신 잔액에 대해 알려주세요,0,0,0,0
MI3_240812_TY2_0496_2_V01_1,총여신 표에 대해 알려주세요,0,0,0,0
MI3_240812_TY2_0496_3_V01_2,총수신 차트(꺾은선형)에 대해 알려주세요,0,0,0,0
MI3_240812_TY2_0500_1_V01_1,총수신에 대해 알려주세요,0,0,0,0
MI3_240812_TY2_0500_2_V02-8_1,금융기관 여신 추이에 대해 알려주세요,0,0,0,0
MI3_240812_TY2_0500_3_V01_2,예금 관련 데이터의 차트에 대해 알려주세요,0,0,0,0
MI3_240812_TY2_0500_4_V01_1,비은행기관 수신 증감 및 잔액에 대해 알려주세요,0,0,0,0
MI3_240812_TY2_0505_1_V01_1,제목에 관련된 총수신과 금융기관별 수신 현황에 대한 표에 대해 알려주세요,0,0,0,0
MI3_240812_TY2_0505_2_V02-8_1,2022년 7월중 대구경북지역 금융기관 여신에 대해 알려주세요,0,0,0,0
MI3_240812_TY2_0505_3_V01_2,예금은행 수신 증감에 대한 표에 대해 알려주세요,0,0,0,0
MI3_240812_TY2_0505_4_V01_1,비은행기관 수신 증감 및 잔액에 대한 차트(표) 정보에 대해 알려주세요,0,0,0,0
MI3_240812_TY2_0512_1_V01_1,2018년 4월중 구미지역 수신에 대해 알려주세요,0,0,0,0
MI3_240812_TY2_0512_2_V01_1,예금은행 여신에 대한 표에 대해 알려주세요,0,0,0,0
MI3_240812_TY2_0532_1_V01_1,예금은행 수신에 대한 표에 대해 알려주세요,0,0,0,0
MI3_240812_TY2_0532_2_V01_1,예금은행 여신에 대한 표에 대해 알려주세요,0,0,0,0
MI3_240812_TY2_0535_1_V01_1,예금은행 수신에 대한 차트(세로 막대형)에 대해 알려주세요,0,0,0,0
MI3_240812_TY2_0535_2_V01_1,예금은행 여신에 대한 표에 대해 알려주세요,0,0,0,0
MI3_240812_TY2_0551_1_V01_1,예금은행 수신에 대한 표에 대해 알려주세요.,0,0,0,0
MI3_240812_TY2_0551_2_V01_1,예금은행 여신에 대한 표에 대해 알려주세요.,0,0,0,0
MI3_240812_TY2_0556_1_V01_1,2022년 4월중 구미지역 예금은행 수신에 대한 표에 대해 알려주세요,0,0,0,0
MI3_240812_TY2_0556_2_V01_1,예금은행 여신 증감 및 잔액에 대해 알려주세요,0,0,0,0
MI3_240812_TY2_0561_1_V02-4_1,향후경기전망과 현재경기판단을 비교한 꺾은선형 차트에 대해 알려주세요,0,0,0,0
MI3_240812_TY2_0561_2_V01_1,취업기회 전망에 대한 차트(세로 막대형)에 대해 알려주세요,0,0,0,0
MI3_240812_TY2_0561_3_V01_2,물가수준전망 및 임금수준전망 표에 대해 알려주세요,0,0,0,0
MI3_240812_TY2_0561_4_V01_1,전국 지수와의 비교 소비자심리지수에 대해 알려주세요,0,0,0,0
MI3_240812_TY2_0562_1_V02-4_1,대구경북지역 소비자심리지수 추이에 대해 알려주세요,0,0,0,0
MI3_240812_TY2_0562_2_V01_1,현재생활형편 및 생활형편전망 표에 대해 알려주세요,0,0,0,0
MI3_240812_TY2_0562_3_V02-4_1,현재경기판단 및 향후경기전망 차트(꺾은선형)에 대해 알려주세요,0,0,0,0
MI3_240812_TY2_0562_4_V02-1_1,소비자동향지수 비교 본문 차트(세로 막대형)에 대해 알려주세요,0,0,0,0
MI3_240812_TY2_0580_1_V01_1,예금은행 수신에 대한 표에 대해 알려주세요,0,0,0,0
MI3_240812_TY2_0580_2_V01_1,예금은행 여신에 대한 표에 대해 알려주세요,0,0,0,0
MI3_240812_TY2_0606_1_V01_1,예금은행 수신에 대한 표에 대해 알려주세요,0,0,0,0
MI3_240812_TY2_0606_2_V01_1,제목에 따른 예금은행 여신 증감 및 잔액 정보와 관련된 표에 대해 알려주세요,0,0,0,0
MI3_240812_TY2_0648_1_V02-4_1,2013년 8월 대구·경북지역 소비자동향조사 결과 소비자심리지수 추이에 대해 알려주세요,0,0,0,0
MI3_240812_TY2_0648_2_V02-4_1,Ⅱ. 가계의 소비심리 1. 생활형편 현재생활형편 --- 생활형편전망에 대해 알려주세요,0,0,0,0
MI3_240812_TY2_0648_3_V01_1,Ⅲ. 가계의 경제상황에 대한 인식 본문 차트(세로 막대형)에 대해 알려주세요,0,0,0,0
MI3_240812_TY2_0648_4_V02-1_1,대구경북 현재생활형편 심리지수와 관련된 차트(세로 막대형)에 대해 알려주세요,0,0,0,0
MI3_240812_TY2_0654_1_V01_1,2014년 1월 대구·경북지역 소비자심리지수 표에 대해 알려주세요,0,0,0,0
MI3_240812_TY2_0654_2_V01_1,현재생활형편 및 생활형편전망CSI 차트(꺾은선형)에 대해 알려주세요,0,0,0,0
MI3_240812_TY2_0654_3_V01_1,Ⅲ. 가계의 경제상황에 대한 인식 1. 경기판단 및 전망 현재경기판단 및 향후경기전망CSI 차트(꺾은선형)에 대해 알려주세요,0,0,0,0
MI3_240812_TY2_0654_4_V02-1_1,현재생활형편 차트(세로 막대형)에 대해 알려주세요,0,0,0,0
MI3_240812_TY2_0656_1_V02-4_1,2014년 3월 대구경북지역 소비자심리지수 추이에 대해 알려주세요,0,0,0,0
MI3_240812_TY2_0656_2_V01_1,Ⅱ. 가계의 재정상황에 대한 인식 1. 생활형편 현재생활형편 및 생활형편전망 차트(세로 막대형)에 대해 알려주세요,0,0,0,0
MI3_240812_TY2_0656_3_V01_1,Ⅲ. 가계의 경제상황에 대한 인식 1. 경기판단 및 전망 현재경기판단 및 향후경기전망CSI 표에 대해 알려주세요,0,0,0,0
MI3_240812_TY2_0656_4_V02-1_1,대구경북 소비자 현재생활형편 차트(가로 막대형)에 대해 알려주세요,0,0,0,0
MI3_240812_TY2_0657_1_V01_1,2014년 4월 대구경북지역 소비자심리지수에 대한 표에 대해 알려주세요,0,0,0,0
MI3_240812_TY2_0657_2_V02-4_1,Ⅱ. 가계의 재정상황에 대한 인식 현재생활형편 및 생활형편전망 차트(꺾은선형)에 대해 알려주세요,0,0,0,0
MI3_240812_TY2_0657_3_V01_1,Ⅲ. 가계의 경제상황에 대한 인식 1. 경기판단 및 전망 2013 2014 전월 대비 . 현재경기판단CSI 차트(세로 막대형)에 대해 알려주세요,0,0,0,0
MI3_240812_TY2_0657_4_V02-1_1,현재생활 형편 차트(세로 막대형)에 대해 알려주세요,0,0,0,0
MI3_240812_TY2_0658_1_V02-4_1,2014년 5월 대구경북지역 소비자동향조사 결과 소비자심리지수 추이에 대해 알려주세요,0,0,0,0
MI3_240812_TY2_0658_2_V01_1,가계의 재정상황에 대한 인식 생활형편 및 생활형편전망 차트(세로 막대형)에 대해 알려주세요,0,0,0,0
MI3_240812_TY2_0658_3_V01_1,Ⅲ. 가계의 경제상황에 대한 인식 1. 경기판단 및 전망 현재경기판단 및 향후경기전망CSI 표에 대해 알려주세요,0,0,0,0
MI3_240812_TY2_0658_4_V02-1_1,전국 지수와의 비교 차트(세로 막대형)에 대해 알려주세요,0,0,0,0
MI3_240812_TY2_0664_1_V02-4_1,2014년 11월 대구경북지역 소비자심리지수 추세에 대해 알려주세요,0,0,0,0
MI3_240812_TY2_0664_2_V01_1,Ⅱ. 가계의 재정상황에 대한 인식 1. 생활형편 현재생활형편 및 생활형편전망 차트(세로 막대형)에 대해 알려주세요,0,0,0,0
MI3_240812_TY2_0664_3_V01_1,현재경기판단 및 향후경기전망 표에 대해 알려주세요,0,0,0,0
MI3_240812_TY2_0664_4_V01_1,전국 지수와의 비교 차트(세로 막대형)에 대해 알려주세요,0,0,0,0
MI3_240812_TY2_0667_1_V02-4_1,2015년 2월 대구경북지역 소비자심리지수 추세와 관련된 꺾은선형 차트에 대해 알려주세요,0,0,0,0
MI3_240812_TY2_0667_2_V01_1,Ⅱ. 소비자동향지수 1. 가계의 재정상황에 대한 인식 현재생활형편 및 생활형편전망CSI 표에 대해 알려주세요,0,0,0,0
MI3_240812_TY2_0667_3_V02-4_1,가계의 경제상황에 대한 인식 현재경기판단 향후경기전망 차트(영역형)에 대해 알려주세요,0,0,0,0
MI3_240812_TY2_0667_4_V01_1,전국 지수와의 비교 소비자심리지수 차트(세로 막대형)에 대해 알려주세요,0,0,0,0
MI3_240812_TY2_0692_1_V02-4_1,I. 소비자심리지수와 소비자심리지수 꺾은선형 그래프에 대해 알려주세요,0,0,0,0
MI3_240812_TY2_0692_2_V01_1,Ⅱ. 가계의 소비심리 (생활형편) 표에 대해 알려주세요,0,0,0,0
MI3_240812_TY2_0692_3_V01_1,가계수입전망에 대한 세로 막대형 차트에 대해 알려주세요,0,0,0,0
MI3_240812_TY2_0692_4_V02-4_1,소비지출전망CSI 차트(꺾은선형)에 대해 알려주세요,0,0,0,0
MI3_240812_TY2_0692_5_V02-4_1,Ⅲ. 경제상황에 대한 인식 (현재경기판단CSI 및 향후경기전망CSI) 꺾은선형 차트에 대해 알려주세요,0,0,0,0
MI3_240812_TY2_0692_6_V02-4_1,취업기회전망에 대한 꺾은선형 차트에 대해 알려주세요,0,0,0,0
MI3_240812_TY2_0692_7_V01_1,금리수준 전망 표에 대해 알려주세요,0,0,0,0
MI3_240812_TY2_0695_1_V02-4_1,I. 소비자심리지수의 추세와 관련된 꺾은선형 차트에 대해 알려주세요,0,0,0,0
MI3_240812_TY2_0695_2_V02-4_1,Ⅱ. 소비자동향지수 1. 가계의 재정상황에 대한 인식 생활형편전망 꺾은선형에 대해 알려주세요,0,0,0,0
MI3_240812_TY2_0695_3_V02-4_1,가계수입전망에 대한 꺾은선형 차트에 대해 알려주세요,0,0,0,0
MI3_240812_TY2_0695_4_V01_1,소비지출전망 차트(세로 막대형)에 대해 알려주세요,0,0,0,0
MI3_240812_TY2_0695_5_V02-4_1,제목에 대한 시각요소 제목인 현재경기판단의 꺾은선형 그래프에 대해 알려주세요,0,0,0,0
MI3_240812_TY2_0695_6_V02-4_1,취업기회전망에 대한 꺾은선형 그래프에 대해 알려주세요,0,0,0,0
MI3_240812_TY2_0695_7_V02-4_1,금리수준전망CSI 꺾은선형에 대해 알려주세요,0,0,0,0
MI3_240812_TY2_0702_1_V01_1,소비자심리지수 데이터에 대해 알려주세요.,0,0,0,0
MI3_240812_TY2_0702_2_V01_1,Ⅱ. 소비자동향지수가계의 재정상황에 대한 인식 세로 막대형에 대해 알려주세요,0,0,0,0
MI3_240812_TY2_0702_3_V01_1,가계수입전망에 대해 알려주세요,0,0,0,0
MI3_240812_TY2_0702_4_V02-4_1,소비지출전망 CSI 꺾은선형에 대해 알려주세요,0,0,0,0
MI3_240812_TY2_0702_5_V02-4_1,가계의 경제상황에 대한 인식 경기판단 및 전망 꺾은선형에 대해 알려주세요,0,0,0,0
MI3_240812_TY2_0702_6_V02-4_1,취업기회전망에 대한 꺾은선형 차트에 대해 알려주세요,0,0,0,0
MI3_240812_TY2_0702_7_V02-4_1,금리수준전망CSI 꺾은선형 차트에 대해 알려주세요,0,0,0,0
MI3_240812_TY2_0724_1_V01_1,소비자심리지수에 대해 알려주세요,0,0,0,0
MI3_240812_TY2_0724_2_V02-4_1,Ⅱ. 소비자동향지수 1. 가계의 재정상황에 대한 인식 생활형편 꺾은선형에 대해 알려주세요,0,0,0,0
MI3_240812_TY2_0724_3_V02-4_1,(가계수입전망 및 소비지출전망) 꺾은선형 차트에 대해 알려주세요,0,0,0,0
MI3_240812_TY2_0724_4_V02-4_1,현재경기판단 및 향후경기전망 꺾은선형에 대해 알려주세요,0,0,0,0
MI3_240812_TY2_0724_5_V02-4_2,금리수준전망에 대한 꺾은선형 차트에 대해 알려주세요,0,0,0,0
MI3_240812_TY2_0724_6_V02-4_1,가계 저축에 대한 차트(꺾은선형)에 대해 알려주세요,0,0,0,0
MI3_240812_TY2_0724_7_V02-4_1,"물가상황에 대한 인식 및 물가수준, 주택가격 및 임금수준 전망 꺾은선형 차트에 대해 알려주세요",0,0,0,0
MI3_240812_TY2_0731_1_V02-4_1,소비자심리지수 추이에 대해 알려주세요,0,0,0,0
MI3_240812_TY2_0731_2_V02-4_1,생활형편CSI 꺾은선형에 대해 알려주세요,0,0,0,0
MI3_240812_TY2_0731_3_V02-4_1,가계수입전망 소비지출전망 꺾은선형에 대해 알려주세요,0,0,0,0
MI3_240812_TY2_0731_4_V02-4_1,"제목에 해당하는 내용과 소제목, 현재경기판단 및 향후경기전망에 대한 꺾은선형 차트에 대해 알려주세요.",0,0,0,0
MI3_240812_TY2_0731_5_V01_1,취업기회전망에 대한 세로 막대형 표에 대해 알려주세요,0,0,0,0
MI3_240812_TY2_0731_6_V02-4_1,가계 저축 및 부채상황에 대한 인식 차트(꺾은선형)에 대해 알려주세요,0,0,0,0
MI3_240812_TY2_0731_7_V01_1,물가상황에 대한 인식 및 2020년 전월대비 표에 대해 알려주세요,0,0,0,0
MI3_240812_TY2_0742_1_V02-4_1,소비자심리지수 추이 꺾은선형에 대해 알려주세요,0,0,0,0
MI3_240812_TY2_0742_2_V02-4_1,2021년 9월 소비자동향조사에서 생활형편 전망을 나타내는 꺾은선형 차트에 대해 알려주세요.,0,0,0,0
MI3_240812_TY2_0742_3_V02-4_1,가계수입전망 및 소비지출전망에 대해 알려주세요,0,0,0,0
MI3_240812_TY2_0742_4_V02-4_1,가계의 경제상황에 대한 인식 경기판단 및 전망 꺾은선형 차트에 대해 알려주세요,0,0,0,0
MI3_240812_TY2_0742_5_V02-4_1,취업기회전망에 대한 꺾은선형 차트에 대해 알려주세요,0,0,0,0
MI3_240812_TY2_0742_6_V02-4_1,현재가계저축 및 부채상황에 대한 꺾은선형 차트에 대해 알려주세요,0,0,0,0
MI3_240812_TY2_0742_7_V01_1,2021.5월부터 9월까지의 물가수준전망 및 기타 지표에 대한 표에 대해 알려주세요,0,0,0,0
MI3_240812_TY2_0743_1_V01_1,2021년 소비자심리지수 원형에 대해 알려주세요,0,0,0,0
MI3_240812_TY2_0743_2_V02-4_1,소비자동향지수 소비자 심리에 대한 차트(꺾은선형)에 대해 알려주세요,0,0,0,0
MI3_240812_TY2_0743_3_V01_1,가계수입전망 및 소비지출전망 표에 대해 알려주세요,0,0,0,0
MI3_240812_TY2_0743_4_V01_1,가계의 경제상황에 대한 인식 경기판단 및 전망 막대형에 대해 알려주세요,0,0,0,0
MI3_240812_TY2_0743_5_V02-4_1,취업기회전망에 대한 꺾은선형 차트에 대해 알려주세요,0,0,0,0
MI3_240812_TY2_0743_6_V02-4_1,가계 저축에 대한 현재와 전망을 비교한 꺾은선형 차트에 대해 알려주세요,0,0,0,0
MI3_240812_TY2_0743_7_V01_1,물가상황에 대한 인식 표에 대해 알려주세요,0,0,0,0
MI3_240812_TY2_0746_1_V02-4_1,소비자심리지수 추이 꺾은선형에 대해 알려주세요,0,0,0,0
MI3_240812_TY2_0746_2_V02-4_1,Ⅱ. 소비자동향지수(Consumer Survey Index) 꺾은선형에 대해 알려주세요,0,0,0,0
MI3_240812_TY2_0746_3_V02-4_1,가계수입전망 및 소비지출전망 꺾은선형에 대해 알려주세요,0,0,0,0
MI3_240812_TY2_0746_4_V02-4_1,가계의 경제상황에 대한 인식 경기판단 및 전망 꺾은선형에 대해 알려주세요,0,0,0,0
MI3_240812_TY2_0746_5_V01_1,취업기회전망과 관련된 세로 막대형 표에 대해 알려주세요,0,0,0,0
MI3_240812_TY2_0746_6_V02-4_1,가계 저축 및 부채상황에 대한 인식 차트(꺾은선형)에 대해 알려주세요,0,0,0,0
MI3_240812_TY2_0746_7_V02-4_1,"물가수준, 주택가격 및 임금수준 전망 꺾은선형에 대해 알려주세요",0,0,0,0
MI3_240812_TY2_0750_1_V01_1,소비자심리지수 데이터 테이블에 대해 알려주세요,0,0,0,0
MI3_240812_TY2_0750_2_V02-4_1,Ⅱ. 소비자동향지수에 대해 알려주세요,0,0,0,0
MI3_240812_TY2_0750_3_V02-4_1,가계수입전망 및 소비지출전망 꺾은선형에 대해 알려주세요,0,0,0,0
MI3_240812_TY2_0750_4_V01_1,가계의 경제상황에 대한 인식 현재경기판단CSI 및 향후경기전망CSI 표에 대해 알려주세요,0,0,0,0
MI3_240812_TY2_0750_5_V01_1,취업기회전망 표에 대해 알려주세요,0,0,0,0
MI3_240812_TY2_0750_6_V02-4_2,가계 저축 및 부채상황에 대한 인식 차트(꺾은선형)에 대해 알려주세요,0,0,0,0
MI3_240812_TY2_0750_7_V02-4_1,"물가수준, 주택가격 및 임금수준 전망 차트(꺾은선형)에 대해 알려주세요",0,0,0,0
